id,vote_average,vote_count
19995,7.2,11800.0
285,6.9,4500.0
206647,6.3,4466.0
49026,7.6,9106.0
49529,6.1,2124.0
559,5.9,3576.0
38757,7.4,3330.0
99861,7.3,6767.0
767,7.4,5293.0
209112,5.7,7004.0
1452,5.4,1400.0
10764,6.1,2965.0
58,7.0,5246.0
57201,5.9,2311.0
49521,6.5,6359.0
2454,6.3,1630.0
24428,7.4,11776.0
1865,6.4,4948.0
41154,6.2,4160.0
122917,7.1,4760.0
1930,6.5,6586.0
20662,6.2,1398.0
57158,7.6,4524.0
2268,5.8,1303.0
254,6.6,2337.0
597,7.5,7562.0
271110,7.1,7241.0
44833,5.5,2114.0
135397,6.5,8662.0
37724,6.9,7604.0
558,6.7,4321.0
68721,6.8,8806.0
12155,6.4,4645.0
36668,6.3,3525.0
62211,7.0,3528.0
8373,6.0,3138.0
91314,5.8,3095.0
68728,5.7,3530.0
102382,6.5,4179.0
20526,6.3,2841.0
49013,5.8,2033.0
44912,5.1,2487.0
10193,7.6,4597.0
534,5.9,2463.0
168259,7.3,4176.0
72190,6.7,5560.0
127585,7.5,6032.0
54138,7.4,4418.0
81005,5.5,2598.0
64682,7.3,3769.0
9543,6.2,2317.0
68726,6.7,4794.0
38356,6.1,3299.0
217,5.7,2495.0
105864,6.6,1736.0
62177,6.7,4641.0
188927,6.6,2568.0
10681,7.8,6296.0
5174,6.1,783.0
14161,5.6,4903.0
17979,6.6,1095.0
76757,5.2,2768.0
258489,5.5,2430.0
411,6.7,2629.0
246655,6.4,4721.0
155,8.2,12002.0
14160,7.7,6870.0
15512,6.0,1423.0
1726,7.4,8776.0
44826,7.0,2141.0
8487,5.1,1020.0
1735,5.2,1387.0
297761,5.9,7458.0
2698,5.3,1151.0
137113,7.6,4858.0
9804,5.9,992.0
14869,5.6,1962.0
150540,8.0,6560.0
278927,6.7,2892.0
10138,6.6,6849.0
58595,5.8,3118.0
102651,7.0,4496.0
119450,7.3,4410.0
79698,4.8,34.0
64686,5.9,1326.0
100402,7.6,5764.0
10192,6.0,1959.0
158852,6.2,2846.0
177572,7.8,6135.0
82690,7.1,4570.0
5255,6.4,1474.0
47933,4.9,2491.0
10191,7.5,4227.0
296,5.9,2143.0
118340,7.9,9742.0
157336,8.1,10867.0
27205,8.1,13752.0
315011,6.5,143.0
49051,7.0,8297.0
9799,6.6,3428.0
4922,7.3,3292.0
49538,7.1,5181.0
131634,6.6,3984.0
27022,5.8,1470.0
503,5.5,583.0
241259,6.5,1725.0
810,6.0,2278.0
68735,6.3,2268.0
87101,5.8,3631.0
10140,6.2,1514.0
676,6.6,1791.0
1858,6.6,4040.0
1966,5.6,927.0
675,7.4,5494.0
674,7.5,5608.0
8960,6.2,2961.0
6479,6.9,4853.0
118,6.7,3624.0
2062,7.5,4369.0
272,7.5,7359.0
10527,6.2,1810.0
18360,5.9,1971.0
2080,6.2,4021.0
605,6.4,3096.0
109445,7.3,5295.0
604,6.7,3443.0
76338,6.8,4755.0
76341,7.2,9427.0
13448,6.5,2129.0
10195,6.6,6525.0
13053,6.3,1750.0
19585,5.1,510.0
57165,5.5,1431.0
62213,5.7,2320.0
177677,7.1,3224.0
7978,5.5,549.0
5559,5.7,1171.0
49444,6.7,1880.0
10196,4.7,1151.0
956,6.5,2028.0
117251,6.4,1891.0
50321,5.5,199.0
11619,6.0,874.0
266647,5.9,954.0
82703,6.7,843.0
652,6.9,2759.0
80321,6.4,1808.0
36669,5.8,1092.0
43074,5.3,2142.0
95,6.4,2482.0
608,6.0,3114.0
2310,5.5,841.0
140300,6.7,1603.0
56292,6.8,3972.0
81188,7.1,1922.0
7552,5.9,627.0
616,7.3,1895.0
147441,5.6,1921.0
13475,7.4,4518.0
557,6.8,5265.0
82702,7.6,3106.0
205584,5.3,1277.0
10048,4.9,331.0
13183,7.0,2811.0
944,6.3,767.0
1927,5.3,1533.0
72559,5.4,3025.0
7364,5.7,434.0
2114,5.9,433.0
1771,6.6,7047.0
36643,6.0,862.0
8619,6.9,790.0
50620,6.1,2553.0
65759,5.8,373.0
1724,6.1,3021.0
267935,6.0,1000.0
281957,7.3,6396.0
77950,6.1,1074.0
44896,6.6,2051.0
270946,6.5,1346.0
2503,7.3,2888.0
9502,6.9,3145.0
102899,7.0,5880.0
101299,7.4,6495.0
228161,6.8,1519.0
74,6.2,2322.0
8961,6.3,1564.0
417859,6.4,451.0
27576,6.2,2093.0
86834,5.6,2350.0
17578,6.7,2061.0
673,7.7,5877.0
6972,6.3,694.0
82700,5.0,2532.0
10567,6.2,542.0
181533,6.1,1851.0
38055,6.7,1918.0
671,7.5,7006.0
49524,5.4,1260.0
22,7.5,6985.0
131631,6.6,5584.0
591,6.5,2704.0
172385,6.3,978.0
36658,6.8,3506.0
51497,7.1,2438.0
58574,7.0,3886.0
18823,5.6,2233.0
861,7.1,1710.0
1911,6.4,510.0
49040,6.0,2651.0
415,4.2,1418.0
8871,6.2,1386.0
435,6.2,2392.0
955,5.9,1928.0
2133,6.2,597.0
1979,5.4,2589.0
87827,7.2,5797.0
1250,5.2,1712.0
324668,5.9,2341.0
9471,5.2,914.0
70981,6.3,5080.0
10996,5.4,613.0
68724,6.4,3439.0
2789,6.3,1570.0
97020,5.7,2342.0
7459,5.7,354.0
42888,4.9,223.0
37834,5.9,1547.0
75612,6.4,4800.0
1895,7.1,4116.0
1894,6.4,3992.0
585,7.5,5996.0
76170,6.3,4053.0
1893,6.3,4432.0
49519,6.8,2399.0
2395,5.0,471.0
12100,5.8,341.0
290595,6.0,1523.0
98566,5.8,2636.0
49047,7.3,5751.0
9619,5.7,428.0
308531,5.8,963.0
166424,4.4,2278.0
1593,6.3,2862.0
254128,6.0,2968.0
714,6.0,925.0
2024,6.8,1099.0
163,6.4,2124.0
787,6.5,2965.0
262500,6.2,3829.0
2567,7.0,1489.0
38745,4.9,621.0
40805,5.5,1251.0
53182,6.1,2397.0
41513,5.5,1179.0
13700,5.7,389.0
262504,5.9,1998.0
39254,6.6,2692.0
77931,5.5,695.0
1639,4.1,434.0
80274,6.6,2303.0
1571,6.4,2089.0
120,8.0,8705.0
10204,5.7,672.0
8489,6.7,447.0
10588,4.9,366.0
2048,6.7,3793.0
1495,6.6,1157.0
10137,5.8,959.0
10198,6.7,1247.0
286217,7.6,7268.0
1635,6.5,1770.0
24113,3.7,16.0
9679,6.1,1485.0
98,7.9,5439.0
180,7.1,2608.0
672,7.4,5815.0
36557,7.3,3855.0
869,5.6,1243.0
280,7.7,4185.0
11322,6.5,1344.0
4982,7.4,1502.0
36955,6.8,1116.0
18487,6.2,954.0
39451,5.4,1060.0
27581,6.1,1383.0
9268,5.6,543.0
68718,7.8,10099.0
10545,6.8,1129.0
11688,7.2,1490.0
76163,6.1,2896.0
2059,6.4,1926.0
2486,4.9,967.0
16523,6.4,572.0
116711,6.4,1121.0
37710,6.0,1699.0
9946,5.5,482.0
1372,7.3,2281.0
106646,7.9,6571.0
414,5.2,1498.0
563,6.7,1560.0
83542,6.6,2977.0
41216,6.5,703.0
314,4.2,808.0
184315,5.6,1680.0
9016,7.2,948.0
18162,5.3,381.0
138103,6.1,1795.0
257088,5.5,783.0
10214,3.6,338.0
205775,6.5,1276.0
11692,4.4,142.0
22972,6.4,717.0
227973,6.5,604.0
29193,7.1,73.0
1734,6.0,2206.0
3131,7.1,1910.0
76758,7.1,187.0
9408,5.9,601.0
9890,5.4,334.0
855,7.2,1811.0
77953,5.6,578.0
18,7.3,3885.0
37786,5.4,426.0
10501,7.0,858.0
57800,6.2,2672.0
150689,6.7,2374.0
7980,6.6,1065.0
12,7.6,6122.0
122,8.1,8064.0
121,8.0,7487.0
68737,5.2,957.0
1995,5.7,2192.0
157353,5.9,2295.0
331,5.7,2077.0
61791,7.0,4347.0
8204,6.3,572.0
47964,5.2,3493.0
10733,5.8,106.0
9806,7.4,5152.0
1408,5.7,136.0
32657,6.0,2010.0
607,6.9,4412.0
863,7.3,3806.0
44048,6.3,1165.0
5175,6.4,1054.0
2655,6.3,488.0
22794,6.5,1747.0
8355,6.5,2271.0
116745,7.0,3144.0
4327,5.6,1232.0
1422,7.9,4339.0
10674,7.6,2008.0
7446,6.5,1667.0
65754,7.2,2434.0
1572,6.9,2066.0
10528,7.0,5766.0
271969,5.3,621.0
10865,6.7,1224.0
258509,5.8,428.0
2253,6.7,1173.0
10661,5.5,1048.0
257344,5.6,2513.0
644,6.8,1974.0
10756,5.2,466.0
686,7.2,1308.0
9383,5.6,634.0
179,6.2,392.0
76285,5.9,1648.0
1996,5.5,1418.0
291805,6.7,3235.0
10003,5.9,302.0
1535,6.8,579.0
2067,5.7,369.0
46195,6.5,2166.0
2277,6.9,963.0
10357,5.2,376.0
4477,5.9,290.0
8665,6.1,264.0
9387,6.6,650.0
921,7.3,616.0
49852,5.4,50.0
4464,6.7,216.0
664,6.1,950.0
8358,7.5,3218.0
9836,5.9,1410.0
2502,7.2,2825.0
9772,6.2,840.0
161,7.2,3783.0
52451,5.6,924.0
76492,6.8,2566.0
4523,6.6,1449.0
59961,6.3,1345.0
10481,5.1,313.0
59108,5.8,932.0
1581,6.7,1225.0
9798,6.7,1240.0
22897,6.2,360.0
298,6.5,1999.0
7484,6.1,656.0
157350,6.9,4663.0
853,7.2,999.0
10159,6.4,514.0
9593,6.1,712.0
1904,7.3,652.0
9615,6.1,1705.0
51052,6.7,333.0
297,6.9,1147.0
9884,5.5,427.0
16858,7.3,85.0
62764,5.5,1114.0
22538,7.2,2126.0
9341,5.4,516.0
12107,4.7,332.0
9637,5.4,820.0
49049,6.6,1940.0
9339,6.0,2104.0
16281,6.7,226.0
39691,4.9,119.0
8247,5.9,1799.0
11253,6.5,1527.0
1949,7.3,2023.0
8452,5.7,595.0
310,6.4,3012.0
27578,6.0,2926.0
954,6.7,2631.0
70160,6.9,9455.0
45243,6.2,3739.0
364,6.6,1673.0
7518,6.3,1074.0
11544,7.1,1314.0
9986,5.8,288.0
8656,5.9,855.0
146216,6.4,1526.0
9291,6.2,785.0
55301,5.4,484.0
109418,5.8,1155.0
11665,6.0,1051.0
6964,6.3,410.0
11324,7.8,6336.0
12193,5.3,331.0
9928,6.0,1333.0
754,6.8,1583.0
10202,5.9,901.0
4147,7.3,1077.0
50546,6.3,1543.0
1701,6.5,1270.0
13027,6.3,1018.0
2289,6.7,533.0
20504,6.6,2164.0
9574,5.3,695.0
11618,5.2,369.0
2300,6.5,1288.0
12096,5.6,550.0
10200,5.2,1043.0
8834,6.5,431.0
228150,7.4,3946.0
6068,5.6,332.0
41515,5.2,220.0
9023,7.4,831.0
38317,5.3,498.0
2157,5.0,388.0
14462,6.2,393.0
161795,8.0,1.0
159824,6.7,1497.0
49948,7.0,292.0
2135,5.8,631.0
9822,5.9,208.0
9705,6.1,932.0
1656,5.9,893.0
12159,6.8,577.0
9678,5.2,438.0
4442,5.6,818.0
75,6.1,1509.0
330770,6.4,47.0
9433,6.7,349.0
19959,5.9,1195.0
11973,6.9,189.0
11228,5.8,378.0
77951,5.2,133.0
5491,3.0,255.0
10715,5.6,297.0
10197,5.1,165.0
9562,5.4,318.0
9922,6.1,299.0
9447,5.2,305.0
274854,5.7,1316.0
8870,5.4,267.0
9992,6.0,639.0
36970,7.3,111.0
10077,4.8,111.0
76649,5.2,1267.0
293644,5.3,9.0
453,7.7,3009.0
8587,8.0,5376.0
72545,5.8,1030.0
109451,6.4,915.0
9533,6.7,1115.0
2023,6.5,318.0
71880,4.1,604.0
584,6.2,2028.0
309809,7.6,756.0
4858,5.7,359.0
17711,3.9,87.0
328111,5.9,3462.0
8698,5.7,1155.0
93456,7.0,4637.0
602,6.7,3260.0
330,6.2,2487.0
953,6.6,3237.0
9693,7.4,2071.0
36657,6.8,4097.0
8909,6.4,2528.0
9802,6.9,1456.0
950,6.5,2951.0
1824,6.6,2105.0
2976,6.5,709.0
11026,4.7,183.0
332,4.3,318.0
75656,7.3,5487.0
38365,6.0,1705.0
594,7.0,1910.0
15189,5.7,202.0
11678,5.9,283.0
6538,6.5,338.0
10555,5.8,1557.0
1125,6.6,284.0
4551,5.4,292.0
612,6.9,696.0
9567,6.4,573.0
37821,5.7,772.0
203801,7.1,2265.0
2539,5.8,369.0
9297,6.3,874.0
3172,6.2,302.0
6520,5.9,311.0
1439,6.4,197.0
37958,5.7,880.0
2026,6.2,512.0
7450,6.3,313.0
11375,5.0,166.0
9425,6.1,221.0
25769,5.8,282.0
23685,4.3,78.0
11866,5.7,276.0
9741,6.9,1946.0
211672,6.4,4571.0
23629,5.9,1623.0
8688,5.8,327.0
10153,5.8,476.0
153518,5.9,1022.0
8676,5.4,444.0
20829,5.7,390.0
4349,6.5,513.0
9718,6.2,491.0
10808,4.9,410.0
197,7.7,3336.0
25,6.6,765.0
35,6.9,2264.0
11086,6.6,188.0
10477,4.5,179.0
1997,6.9,180.0
6947,6.2,1071.0
3050,5.4,686.0
2675,6.4,1599.0
809,6.7,2988.0
920,6.6,3877.0
4806,5.7,455.0
7451,5.8,1424.0
228165,5.8,719.0
3595,6.4,470.0
16869,7.9,6430.0
879,6.6,1532.0
1573,6.6,1896.0
9257,5.8,770.0
1903,6.5,1078.0
9697,5.3,409.0
395,5.5,1217.0
23398,5.4,666.0
10590,6.7,521.0
117263,6.2,2981.0
200,6.3,391.0
44943,5.5,1448.0
587,7.6,1994.0
10395,6.0,216.0
57212,7.0,992.0
152760,5.8,1523.0
2756,7.1,808.0
33909,5.8,493.0
49017,6.2,2389.0
9882,6.0,352.0
2270,7.1,1184.0
978,7.0,630.0
44564,5.2,304.0
3132,5.4,228.0
8814,5.0,609.0
8427,5.2,269.0
52520,6.1,1862.0
80585,6.0,385.0
10592,5.9,241.0
49021,6.1,695.0
11535,3.4,106.0
10550,4.3,97.0
11258,5.5,179.0
12610,5.9,228.0
59981,5.9,43.0
201088,5.1,826.0
5137,5.7,439.0
3093,4.6,180.0
107846,6.7,1659.0
188207,4.4,533.0
4614,5.9,437.0
24021,5.8,2301.0
11371,6.7,423.0
20352,7.1,6478.0
11517,5.4,222.0
214756,6.2,2463.0
26428,6.9,395.0
9824,5.7,250.0
48988,5.4,611.0
9008,7.3,481.0
300673,6.3,588.0
12113,6.5,895.0
38778,5.5,531.0
72331,5.5,1269.0
1844,6.0,602.0
846,6.6,488.0
9703,5.0,207.0
857,7.9,5048.0
136797,6.1,1520.0
3981,6.1,992.0
425,7.1,3857.0
6171,5.3,567.0
72976,6.7,1429.0
603,7.9,8907.0
568,7.3,1599.0
9021,5.5,297.0
82695,7.1,1884.0
9489,6.3,838.0
12133,6.5,1062.0
9342,6.3,1183.0
41733,6.2,1685.0
227306,7.3,1400.0
5551,6.3,403.0
9350,6.1,588.0
9208,5.7,453.0
4244,6.0,238.0
1852,5.9,447.0
11820,6.5,393.0
76493,5.9,1743.0
345,7.1,1234.0
196867,6.0,466.0
256591,6.7,2542.0
59962,5.9,1389.0
36648,5.7,1252.0
1880,6.4,215.0
9440,6.1,94.0
71679,5.6,1600.0
10483,6.0,1175.0
11412,6.5,314.0
11983,6.0,208.0
6795,6.1,779.0
550,8.3,9413.0
11170,6.7,186.0
9292,5.4,269.0
10783,4.9,52.0
100241,5.0,687.0
257,6.7,274.0
9947,4.8,575.0
189,6.3,1286.0
12618,5.3,63.0
253412,6.7,1772.0
1427,7.1,1165.0
818,5.9,979.0
16577,6.1,409.0
329,7.6,4856.0
12160,6.5,202.0
9331,6.4,386.0
300168,5.9,145.0
9072,5.3,261.0
3536,6.1,340.0
9087,6.5,195.0
12177,4.3,242.0
12138,5.8,178.0
273248,7.6,4274.0
9955,5.9,569.0
50359,5.5,331.0
1271,7.0,4997.0
693,6.1,1373.0
14306,6.9,1343.0
497,8.2,4048.0
11199,5.6,648.0
9982,5.6,944.0
210577,7.9,5862.0
2501,7.3,3583.0
710,6.6,1174.0
2275,6.1,205.0
37165,7.8,4537.0
9837,6.8,817.0
10708,5.6,506.0
136400,6.6,1589.0
10992,5.0,352.0
9654,6.6,1919.0
2642,5.9,487.0
8916,6.0,1272.0
19899,5.3,588.0
2119,5.9,353.0
9641,5.7,526.0
294254,6.4,3040.0
38167,5.8,636.0
5994,6.5,521.0
39514,6.6,2808.0
9563,6.8,422.0
547,6.7,292.0
1538,7.0,1451.0
9334,5.3,779.0
11128,6.2,207.0
75780,6.3,2998.0
8914,5.6,604.0
13576,6.7,247.0
39538,6.2,1325.0
10628,4.3,203.0
14836,7.3,1386.0
8645,4.9,950.0
9509,7.3,1553.0
10067,4.5,137.0
9384,5.6,644.0
9279,5.5,575.0
1487,6.5,2225.0
9422,6.1,109.0
77174,6.7,789.0
4824,6.1,527.0
9620,5.9,581.0
9302,5.9,50.0
10199,5.8,258.0
10771,5.3,483.0
3512,5.6,210.0
137094,5.9,1173.0
274479,6.4,1581.0
267860,5.8,1621.0
8078,5.9,1365.0
7485,6.9,1462.0
170687,6.6,668.0
6435,6.3,338.0
137106,7.5,3070.0
10040,5.3,425.0
6278,6.0,669.0
82682,6.2,1778.0
17610,4.6,524.0
22954,7.0,1125.0
16995,6.7,484.0
16558,5.7,201.0
9849,5.1,80.0
5820,5.8,225.0
16866,5.6,556.0
201,6.1,479.0
11775,5.8,391.0
87825,6.6,366.0
12201,6.2,487.0
11015,5.8,130.0
9932,5.7,380.0
13389,5.9,375.0
8838,6.0,368.0
17332,6.6,234.0
4958,6.3,251.0
786,7.4,797.0
9513,5.1,464.0
11679,4.7,549.0
38321,5.4,692.0
14411,6.6,372.0
8413,6.5,742.0
10052,6.1,204.0
9676,5.7,287.0
9664,6.3,271.0
2100,7.0,285.0
10384,4.9,109.0
137321,6.0,487.0
123553,6.2,1602.0
11260,5.0,371.0
9009,5.3,274.0
11374,5.7,166.0
2309,6.0,592.0
8285,4.7,320.0
210860,5.4,1055.0
2312,4.1,224.0
9839,6.7,110.0
381902,6.0,24.0
13922,6.8,91.0
293660,7.4,10995.0
9713,4.9,111.0
190859,7.4,4469.0
257445,6.2,995.0
9007,6.5,579.0
889,4.4,134.0
1370,5.7,690.0
4942,5.7,130.0
347969,4.9,388.0
24438,5.1,276.0
116741,6.1,1658.0
35791,5.8,1363.0
72431,5.9,178.0
1813,7.2,1374.0
87428,5.5,453.0
8840,6.4,535.0
10589,6.0,226.0
71676,4.7,1135.0
1722,5.5,145.0
10022,5.8,842.0
11358,6.0,381.0
13,8.2,7927.0
6477,5.5,1177.0
1597,6.6,1698.0
10530,6.7,1457.0
1924,6.9,1022.0
9327,5.4,702.0
8488,6.4,1665.0
10603,5.4,496.0
8273,6.0,1129.0
109424,7.6,2454.0
35056,5.9,1122.0
8839,6.0,1019.0
156022,7.1,2954.0
7303,5.6,485.0
8963,7.0,498.0
1402,7.7,2525.0
9315,6.1,772.0
8984,5.9,210.0
795,6.4,529.0
24,7.7,4949.0
11353,6.0,254.0
393,7.6,3948.0
9618,6.1,458.0
9374,6.3,636.0
8584,6.2,735.0
2320,5.8,256.0
58224,5.7,751.0
1729,6.3,461.0
175574,5.7,254.0
8077,6.2,1633.0
8818,5.9,120.0
8195,6.7,658.0
10586,6.4,236.0
116149,7.0,883.0
80035,5.3,881.0
10632,6.0,189.0
12117,6.2,146.0
1792,5.1,188.0
13260,5.4,251.0
72197,6.4,374.0
3580,7.3,1131.0
12123,5.3,284.0
9566,5.7,194.0
9833,7.0,438.0
4517,6.6,303.0
8202,5.4,703.0
16072,6.1,48.0
34314,5.2,62.0
19724,5.7,134.0
145220,6.2,316.0
14623,4.2,91.0
42297,6.9,573.0
2841,7.1,346.0
802,7.3,395.0
10375,5.3,123.0
36586,6.2,1528.0
11321,7.5,2039.0
70074,5.2,481.0
242,7.1,1546.0
9621,6.1,327.0
1819,5.4,407.0
8536,6.5,629.0
8046,3.5,104.0
1717,5.7,95.0
479,5.5,308.0
9444,7.4,1432.0
824,7.4,1300.0
11456,5.4,113.0
261023,6.3,1242.0
3683,6.7,526.0
22803,7.2,1486.0
285923,6.8,459.0
39437,5.9,26.0
1950,5.4,81.0
640,7.7,3795.0
97630,6.7,1702.0
9767,5.6,832.0
11631,6.4,1386.0
32856,5.7,1013.0
6519,5.1,316.0
8741,7.2,771.0
49520,5.9,736.0
1850,6.9,435.0
524,7.8,1307.0
26389,6.1,675.0
11817,5.1,278.0
2123,6.1,927.0
9907,5.3,225.0
9969,5.1,109.0
18239,5.6,2436.0
808,7.3,4056.0
38050,6.5,1652.0
8367,6.6,909.0
9390,6.7,913.0
72105,6.3,4697.0
2898,7.2,915.0
10312,7.0,832.0
109443,6.0,923.0
2022,5.6,644.0
37686,6.6,2435.0
462,7.1,716.0
9919,6.3,850.0
187017,7.0,3319.0
628,7.2,1516.0
10201,6.4,1813.0
302699,6.2,1650.0
9441,6.9,277.0
274167,5.8,854.0
224141,5.6,1652.0
388,7.3,1630.0
2112,6.7,548.0
10329,5.0,213.0
74465,6.5,909.0
13811,5.9,1486.0
6877,5.5,399.0
10320,5.4,632.0
50646,7.0,2443.0
8920,5.2,820.0
13673,5.2,193.0
60308,7.0,1381.0
6950,6.3,513.0
225574,6.8,2268.0
13836,5.5,509.0
752,7.7,4442.0
6038,6.0,692.0
9975,6.2,106.0
11451,5.1,542.0
12103,6.0,220.0
60304,5.7,3239.0
2251,6.3,276.0
46529,5.9,1567.0
231,6.3,451.0
300671,7.0,938.0
228326,7.3,755.0
9754,5.6,267.0
66,6.4,223.0
4421,6.0,395.0
2649,7.5,1506.0
588,6.3,1067.0
10393,6.1,203.0
71552,6.1,1611.0
9631,6.8,582.0
216282,5.8,817.0
306,5.5,434.0
928,6.2,652.0
205587,7.2,1417.0
6623,5.8,255.0
1577,6.1,1267.0
9801,6.1,750.0
2116,6.1,298.0
9624,4.5,104.0
14199,4.4,269.0
1907,6.3,1233.0
4599,5.9,189.0
22832,6.2,371.0
10390,6.3,88.0
9879,4.4,205.0
38579,5.0,149.0
44603,5.8,510.0
11892,6.0,268.0
9691,6.0,387.0
1248,6.0,654.0
12220,5.9,75.0
72710,6.0,1817.0
10782,6.2,286.0
9573,6.1,206.0
4959,6.0,368.0
10061,5.6,373.0
10386,7.6,1436.0
421,7.1,775.0
316152,6.6,428.0
11615,7.3,480.0
13498,5.4,120.0
241554,6.3,1148.0
2252,7.2,848.0
11968,5.8,458.0
10047,6.2,367.0
38319,5.2,501.0
69668,5.8,391.0
9770,5.9,81.0
11212,5.8,274.0
10533,5.5,108.0
38363,6.5,235.0
9923,6.0,444.0
11863,5.2,44.0
18501,5.6,760.0
109491,5.6,984.0
9275,5.9,132.0
329833,4.7,797.0
12634,5.0,76.0
10416,5.4,37.0
47327,5.3,600.0
15268,3.9,112.0
10796,5.7,437.0
9548,6.2,71.0
18947,7.2,666.0
1900,6.9,562.0
89,7.6,3152.0
96724,6.5,639.0
198184,6.6,3062.0
9481,6.5,826.0
4547,6.5,1267.0
53953,4.3,13.0
6415,6.6,692.0
181283,6.1,547.0
9896,6.0,518.0
167,7.1,695.0
11232,6.0,418.0
1636,5.6,512.0
2148,6.6,68.0
5176,6.9,1188.0
260346,6.1,2200.0
1389,6.5,333.0
9894,5.7,594.0
7504,6.6,9.0
8592,5.9,251.0
913,6.6,339.0
11091,6.5,103.0
1368,7.2,1488.0
593,7.7,357.0
5393,4.6,104.0
9095,5.7,74.0
8874,6.3,584.0
11467,5.5,252.0
320,6.8,1148.0
199,7.0,661.0
20533,4.4,420.0
10684,6.2,232.0
1624,6.4,1424.0
325789,6.6,573.0
113464,6.5,2.0
888,5.0,543.0
82675,6.1,2757.0
4256,5.8,912.0
1493,6.1,961.0
88751,5.8,1309.0
11130,6.0,697.0
9944,6.3,371.0
10731,6.4,278.0
7350,7.0,1111.0
9869,6.3,433.0
4379,5.6,406.0
146233,7.9,3085.0
2034,7.3,1634.0
926,6.9,710.0
4248,5.4,982.0
64328,6.5,501.0
36647,6.5,1905.0
7214,7.3,496.0
1537,5.9,299.0
9360,4.7,610.0
6282,5.8,575.0
508,7.0,1869.0
9487,6.8,2303.0
768,6.6,741.0
2636,5.5,313.0
10478,5.9,150.0
27983,6.2,26.0
9981,5.6,176.0
7453,6.6,1315.0
15045,4.3,69.0
7737,6.1,1292.0
232672,6.6,1006.0
17379,6.4,119.0
8987,6.1,210.0
11359,5.9,134.0
82525,6.2,766.0
9759,6.1,537.0
9486,6.0,852.0
9906,5.5,366.0
841,6.5,562.0
4688,7.1,410.0
4148,6.7,796.0
2207,6.2,661.0
9381,5.4,676.0
9625,4.7,100.0
9304,5.5,154.0
20856,5.3,244.0
5955,6.5,215.0
9899,6.1,151.0
9826,4.7,136.0
21355,5.8,60.0
10858,7.1,71.0
11439,6.7,670.0
9457,6.0,154.0
12412,6.3,90.0
1494,6.6,203.0
13184,5.0,332.0
2185,6.3,80.0
6639,6.4,81.0
38153,4.0,11.0
58233,6.0,1007.0
116977,2.3,28.0
68734,7.1,3423.0
5503,7.2,1220.0
27573,5.5,858.0
819,7.3,715.0
1369,6.3,864.0
9623,5.5,89.0
10895,6.9,1355.0
10935,6.4,55.0
834,6.4,1528.0
228066,5.6,685.0
711,7.0,302.0
10468,6.0,208.0
10027,6.6,518.0
11812,5.3,280.0
37233,6.6,501.0
37950,6.8,566.0
27582,6.3,1045.0
64688,6.7,4074.0
509,7.0,1262.0
7443,6.5,1150.0
5966,5.8,773.0
11066,5.4,134.0
136795,6.5,1575.0
8095,6.7,146.0
87826,6.0,593.0
11560,6.1,184.0
25189,6.5,47.0
2637,6.1,305.0
18480,5.4,518.0
709,5.9,541.0
49730,5.6,922.0
2749,5.7,191.0
9607,4.0,232.0
1830,7.0,1335.0
79,7.2,635.0
54054,5.3,388.0
228967,6.1,2304.0
46528,6.3,136.0
27936,6.8,148.0
65,6.8,1626.0
280391,5.3,125.0
9476,6.6,907.0
10610,5.3,281.0
745,7.7,3147.0
49527,6.2,925.0
73937,5.6,248.0
1885,6.9,891.0
168672,6.8,2807.0
18240,6.7,1804.0
10398,6.2,278.0
165,7.4,3829.0
240832,6.3,5878.0
216015,5.2,3254.0
12279,4.7,511.0
1645,7.0,509.0
11007,6.0,699.0
193756,7.4,1526.0
11287,6.7,354.0
259693,7.0,1949.0
37799,7.1,3391.0
10184,6.2,959.0
4257,5.3,750.0
4234,5.7,736.0
196,7.1,2900.0
257091,5.9,944.0
6114,7.1,1056.0
24803,6.6,560.0
109410,6.8,787.0
1213,7.0,767.0
100042,5.4,1127.0
9036,6.7,542.0
257211,7.1,1881.0
323675,6.1,555.0
9361,7.1,732.0
1677,7.2,467.0
187,7.2,2691.0
7461,6.2,716.0
16538,6.5,515.0
9889,5.7,731.0
820,7.5,502.0
11565,5.4,371.0
6073,5.8,441.0
16996,6.1,1350.0
193610,6.2,1437.0
19912,5.4,831.0
296098,7.2,2583.0
8007,6.0,457.0
32823,5.9,612.0
4380,5.9,297.0
11551,6.2,511.0
10336,5.0,336.0
11362,7.3,453.0
50348,7.0,902.0
48138,6.5,1265.0
1124,8.0,4391.0
227159,6.1,1536.0
68179,5.7,332.0
1579,7.3,1221.0
708,6.2,440.0
34851,6.0,1206.0
9930,5.8,51.0
1586,6.4,972.0
2044,6.5,670.0
9913,6.4,573.0
71864,6.5,386.0
10761,6.0,394.0
209451,6.8,255.0
11975,6.7,235.0
4970,5.8,629.0
11831,6.8,316.0
9096,5.8,114.0
440,4.9,740.0
11011,5.4,415.0
10641,5.7,135.0
11172,6.2,554.0
39513,6.5,1789.0
82687,5.4,284.0
41446,6.1,902.0
8224,6.1,474.0
10537,6.7,275.0
225886,5.3,1695.0
10385,5.0,40.0
55779,5.9,866.0
10154,5.3,140.0
10647,7.0,432.0
11431,5.9,182.0
8457,5.5,275.0
188161,5.8,1468.0
8850,5.4,138.0
64685,6.9,708.0
38357,6.1,412.0
10060,6.3,186.0
11398,5.6,135.0
1833,6.7,155.0
10391,4.9,71.0
8970,5.0,45.0
9306,4.6,147.0
11370,5.2,56.0
12184,6.4,477.0
1921,6.4,278.0
1683,5.4,205.0
203,7.2,345.0
11858,5.9,81.0
62835,6.5,824.0
18937,6.9,190.0
13536,5.7,92.0
15556,5.9,48.0
10718,4.7,119.0
11062,6.0,67.0
10802,4.9,256.0
1887,6.5,642.0
6071,5.7,81.0
10461,4.8,145.0
80278,7.0,2025.0
12704,4.2,28.0
10315,7.5,1176.0
16643,5.7,124.0
2687,5.7,125.0
194,7.8,3310.0
11025,5.5,185.0
8849,5.6,248.0
78698,6.6,152.0
30943,5.9,54.0
9544,3.2,105.0
24418,5.5,348.0
7288,5.9,482.0
14655,6.3,47.0
24575,5.2,21.0
10366,4.2,135.0
19898,6.5,774.0
4965,6.1,135.0
15074,5.0,28.0
56715,4.8,171.0
1272,7.0,1182.0
72358,6.0,373.0
20542,5.4,15.0
266396,5.5,392.0
9978,5.1,213.0
8271,6.6,1006.0
10428,6.2,398.0
5353,6.6,96.0
11934,7.1,275.0
14392,6.3,83.0
19495,4.3,17.0
110415,6.7,2854.0
77459,6.5,313.0
26486,5.9,15.0
9495,7.3,953.0
256040,7.5,135.0
24420,6.7,798.0
1257,5.8,191.0
62214,6.6,932.0
16320,7.4,1264.0
8842,4.5,32.0
9531,5.3,490.0
64807,6.0,433.0
12289,7.1,205.0
11529,6.0,394.0
20943,6.4,972.0
9099,5.5,94.0
9488,5.3,521.0
193,6.4,452.0
44865,6.3,273.0
55787,6.7,850.0
257932,6.8,19.0
10400,7.2,396.0
1957,6.2,264.0
10833,5.7,254.0
256961,5.0,567.0
5852,5.6,88.0
12312,5.5,40.0
622,6.3,756.0
11306,5.7,80.0
12508,6.0,190.0
25793,6.9,417.0
10534,6.3,86.0
1091,7.8,1588.0
87421,6.2,2035.0
10871,5.8,52.0
13503,5.4,19.0
13600,6.2,605.0
68722,7.0,701.0
14324,4.3,75.0
14325,7.1,71.0
299687,5.6,1945.0
312221,7.3,1915.0
23168,7.0,1468.0
76494,5.8,594.0
4944,6.5,1222.0
10488,5.6,330.0
96721,7.7,2277.0
334,7.5,825.0
23742,5.3,511.0
259694,5.9,1201.0
62837,6.7,163.0
8966,5.8,3561.0
8470,7.0,594.0
11001,6.1,352.0
138832,6.8,2972.0
16911,5.3,23.0
2163,6.6,198.0
36670,5.8,338.0
23048,6.0,894.0
227735,6.7,96.0
2155,5.4,173.0
8409,5.8,258.0
222936,5.2,692.0
31908,6.2,40.0
10219,6.3,32.0
48171,5.8,556.0
782,7.5,1808.0
75531,4.6,14.0
11802,5.2,99.0
9776,5.3,71.0
18785,7.2,6173.0
365222,6.5,379.0
817,6.2,1011.0
268,7.0,2096.0
45054,5.9,27.0
943,6.4,811.0
22881,7.2,1597.0
10054,5.5,867.0
51540,6.5,2277.0
44264,7.2,1668.0
350,7.0,3088.0
152,6.2,530.0
109431,5.6,1645.0
1598,7.0,675.0
8065,6.5,1375.0
271718,5.9,1181.0
11638,5.5,225.0
409,7.0,542.0
2118,7.7,1310.0
11459,5.8,550.0
10806,6.3,177.0
9348,5.5,453.0
377,7.2,1180.0
8843,6.0,436.0
9313,6.3,1018.0
39486,6.8,103.0
1273,6.0,345.0
13920,6.8,141.0
50544,6.5,2237.0
325133,5.6,1462.0
140823,7.3,1226.0
1883,7.2,370.0
89492,5.6,896.0
22949,5.2,210.0
12437,6.2,1428.0
2959,5.2,253.0
9957,5.2,242.0
11648,5.8,140.0
9366,7.4,1147.0
1576,6.4,2065.0
609,7.0,794.0
5516,6.0,415.0
13051,5.2,613.0
49530,6.7,3417.0
34806,5.7,458.0
49022,5.9,296.0
11469,5.1,287.0
23479,6.9,97.0
11667,4.1,325.0
423,8.0,1864.0
2447,6.4,35.0
10066,5.5,677.0
2288,6.7,811.0
88794,6.0,741.0
13515,6.0,485.0
11979,5.4,239.0
169,5.9,730.0
8090,5.9,238.0
11622,6.3,245.0
3604,6.1,233.0
9541,5.8,325.0
94348,5.1,300.0
8197,6.3,157.0
336004,5.6,318.0
35019,6.0,436.0
10410,6.1,81.0
8836,5.5,523.0
14442,5.9,437.0
321741,7.0,823.0
59965,5.6,961.0
14175,5.2,235.0
11004,6.9,161.0
11918,4.9,379.0
98357,5.7,593.0
10012,5.1,167.0
49526,6.2,832.0
268920,5.4,647.0
9093,6.5,159.0
119283,5.7,1455.0
11823,6.0,293.0
35169,4.6,149.0
118957,5.3,191.0
849,5.8,129.0
4515,6.0,216.0
18886,5.7,31.0
6575,6.6,212.0
6440,6.4,108.0
13496,5.7,55.0
18320,7.0,322.0
22787,5.3,220.0
8967,6.5,987.0
37498,4.7,64.0
144336,5.5,555.0
9616,4.8,91.0
13056,5.6,294.0
14113,4.9,135.0
285783,6.9,1121.0
49478,4.7,9.0
9726,6.5,357.0
20763,6.6,53.0
9702,7.7,115.0
9311,6.6,60.0
9280,6.2,142.0
26843,7.4,34.0
11876,6.7,25.0
22267,6.6,49.0
45958,7.0,291.0
1969,5.8,307.0
310706,0.0,
198663,7.0,5371.0
239573,5.0,320.0
10436,7.0,169.0
1381,6.8,827.0
2162,5.3,29.0
127493,5.1,344.0
12429,7.5,926.0
228205,7.3,1064.0
2900,5.4,254.0
21311,5.3,18.0
77875,5.4,240.0
192136,6.5,224.0
18254,7.1,67.0
881,7.1,877.0
10877,5.3,110.0
9600,5.6,506.0
202575,6.3,121.0
71469,4.8,469.0
85446,6.7,663.0
326,5.1,497.0
10685,4.9,110.0
7220,6.1,766.0
9763,6.6,238.0
72387,6.3,799.0
12596,5.7,116.0
1892,7.9,4665.0
13460,5.8,363.0
8055,7.2,813.0
50647,5.3,394.0
10719,6.4,987.0
9294,6.2,323.0
11888,5.3,185.0
9647,6.7,390.0
9353,5.6,359.0
55721,6.5,1661.0
109414,6.3,2359.0
10307,6.0,242.0
11978,7.0,544.0
22907,6.0,394.0
87567,5.7,414.0
38322,5.3,313.0
45612,7.1,2699.0
7305,6.7,374.0
3594,6.3,1018.0
157841,6.7,232.0
11519,5.6,143.0
12920,6.3,67.0
59,6.9,832.0
9335,6.2,1061.0
12106,6.3,427.0
11141,5.6,104.0
8649,6.6,225.0
31867,6.2,620.0
10253,4.0,104.0
3587,5.4,44.0
124459,5.3,724.0
24662,7.1,24.0
32274,7.2,18.0
182,5.9,86.0
5494,5.0,13.0
28,8.0,2055.0
38073,6.0,262.0
2054,6.9,113.0
302156,5.7,557.0
606,7.0,279.0
87502,6.5,2415.0
698,5.9,541.0
120467,8.0,4519.0
11313,6.4,131.0
6488,6.2,433.0
10559,7.0,462.0
296099,6.2,1195.0
8012,6.4,302.0
1574,6.9,677.0
9032,6.1,875.0
2770,6.0,1344.0
862,7.7,5269.0
1637,6.8,1783.0
72570,7.0,1293.0
27569,6.0,89.0
10637,7.4,821.0
1669,7.2,957.0
132363,7.2,1101.0
9472,6.2,981.0
2907,6.7,848.0
9273,6.1,1099.0
9880,6.5,1023.0
2925,6.5,166.0
807,8.1,5765.0
17654,7.3,3382.0
11836,6.7,574.0
322,7.6,1422.0
70,7.7,2439.0
9535,6.4,503.0
11036,7.7,3067.0
6557,6.1,978.0
18126,6.0,449.0
16340,6.0,100.0
10333,5.9,56.0
4476,7.2,619.0
22947,6.7,1205.0
2755,6.7,362.0
82654,6.4,2652.0
59967,6.6,4697.0
16300,4.9,95.0
9598,6.0,733.0
82696,5.8,284.0
9870,6.4,1172.0
8292,6.7,607.0
8780,5.8,205.0
9715,5.8,81.0
10521,5.9,856.0
10762,5.3,214.0
10096,6.3,1204.0
59436,7.4,1990.0
227783,5.5,319.0
4133,7.4,1317.0
10207,5.8,196.0
172,5.6,376.0
21972,5.7,100.0
36593,6.3,521.0
707,6.0,506.0
533,6.8,643.0
6023,6.9,977.0
6439,5.1,123.0
4347,7.4,1049.0
37056,6.6,796.0
4105,6.2,243.0
76489,4.9,140.0
3933,7.2,1894.0
9918,7.2,144.0
273481,7.2,2416.0
307081,7.3,2067.0
16871,6.2,966.0
293863,7.4,1990.0
13156,6.9,260.0
41233,6.6,582.0
9266,5.6,159.0
1262,7.1,721.0
4513,6.2,767.0
22970,6.5,2263.0
7278,3.7,359.0
9013,7.2,238.0
865,6.4,703.0
10776,6.6,384.0
50456,6.5,1263.0
9823,3.8,221.0
59861,5.7,359.0
133805,5.8,1463.0
12763,6.6,162.0
9766,6.5,206.0
14034,5.1,66.0
12244,6.6,1262.0
109421,6.4,1323.0
11137,5.9,278.0
51162,6.8,258.0
10152,4.1,210.0
9452,6.3,66.0
239566,6.4,158.0
53113,6.2,27.0
9271,5.4,163.0
4474,4.8,442.0
184346,5.9,690.0
48340,5.8,339.0
14846,5.2,112.0
72207,5.7,457.0
16232,5.0,66.0
43539,6.9,905.0
9920,4.8,458.0
8978,6.0,311.0
11702,6.0,127.0
18550,5.2,47.0
8869,5.4,295.0
43347,6.6,1233.0
3489,5.7,313.0
9701,6.8,125.0
2122,5.5,278.0
37707,5.5,671.0
10658,5.1,221.0
13150,6.3,240.0
9042,5.1,202.0
17813,5.0,68.0
11208,6.7,157.0
58151,6.0,603.0
11400,6.4,330.0
10350,4.0,72.0
28902,5.4,44.0
14164,2.9,462.0
76640,5.7,1266.0
11058,4.7,114.0
14844,6.1,152.0
57089,4.8,131.0
1947,6.7,161.0
8054,6.3,869.0
46829,7.2,129.0
146238,5.5,543.0
9989,5.8,153.0
9665,7.4,383.0
311,8.2,1069.0
102362,5.9,638.0
11162,6.7,144.0
6016,6.0,31.0
17186,5.4,29.0
13967,6.3,141.0
2008,5.0,29.0
9053,5.0,205.0
4512,7.0,776.0
76349,5.0,41.0
31203,5.9,306.0
265208,5.4,656.0
45610,6.4,286.0
50135,5.5,90.0
1874,7.0,38.0
271331,3.0,16.0
215211,5.8,195.0
367961,6.4,7.0
10955,6.6,69.0
223702,5.6,2238.0
254470,6.8,1940.0
69,7.3,718.0
4967,5.9,159.0
9449,5.8,135.0
11499,7.2,328.0
4912,6.6,275.0
12771,5.0,85.0
323676,5.5,431.0
12506,6.9,51.0
24071,6.3,26.0
11249,4.9,287.0
9667,6.8,455.0
812,7.4,3416.0
277216,7.7,1355.0
87,7.1,2781.0
14444,5.7,147.0
2043,6.1,400.0
315664,6.6,392.0
1428,6.2,594.0
562,7.5,3948.0
15373,6.4,564.0
318846,7.3,2607.0
26320,6.2,127.0
14292,7.0,159.0
924,6.8,1016.0
2018,5.5,427.0
192577,6.5,356.0
9428,7.4,1286.0
2832,7.1,1061.0
137093,6.4,799.0
699,6.3,490.0
9778,6.6,521.0
8831,5.5,282.0
9398,6.1,1337.0
112949,6.9,823.0
10439,6.4,471.0
3638,6.1,327.0
23483,7.1,4645.0
62206,5.6,531.0
10577,4.6,148.0
218778,6.1,493.0
4348,7.7,1358.0
78,7.9,3509.0
11780,6.5,148.0
192102,6.0,883.0
2001,6.5,323.0
10383,4.5,38.0
11516,7.0,49.0
10025,5.8,491.0
15198,6.0,69.0
23172,5.5,345.0
17834,5.5,46.0
10016,4.8,296.0
10317,5.8,195.0
58431,5.5,640.0
9746,6.8,91.0
13092,6.2,244.0
59859,6.3,2224.0
13495,5.6,61.0
254473,5.7,615.0
700,6.2,527.0
4964,6.2,1214.0
10024,7.1,598.0
13490,5.7,57.0
15927,6.9,67.0
1259,6.9,235.0
5125,6.2,205.0
174,6.7,413.0
9583,5.6,65.0
9437,6.2,345.0
525,7.5,1065.0
10188,6.0,238.0
63574,6.7,33.0
245,6.6,607.0
9825,5.5,247.0
186,7.4,1323.0
9549,7.3,235.0
61891,6.3,288.0
34584,7.0,1002.0
2666,7.2,828.0
12783,6.7,396.0
13155,6.7,120.0
42807,5.9,44.0
28355,6.1,563.0
8080,5.5,98.0
5126,6.8,79.0
56288,4.4,222.0
303858,6.5,1068.0
1613,5.9,173.0
31582,5.9,56.0
16617,6.3,333.0
8944,5.2,127.0
41488,5.9,23.0
37028,6.9,6.0
14560,5.2,788.0
10330,6.0,879.0
6957,6.2,1983.0
1934,6.8,796.0
169917,6.2,1131.0
951,5.8,628.0
10189,6.6,1148.0
9454,6.8,399.0
2055,7.0,262.0
1551,6.3,404.0
5902,6.9,207.0
11460,6.2,455.0
9358,5.9,1023.0
134,7.3,1112.0
22894,5.2,629.0
134374,6.1,1573.0
1901,5.9,194.0
15028,4.9,89.0
11509,7.1,146.0
7445,6.8,633.0
17047,5.2,144.0
62838,5.7,718.0
2057,5.8,198.0
70436,6.1,426.0
16784,4.8,54.0
8011,4.5,110.0
31640,5.5,34.0
9092,6.0,62.0
2779,6.5,165.0
316002,3.9,95.0
36355,5.3,84.0
238615,6.3,1091.0
1985,6.8,417.0
615,6.9,864.0
788,7.0,1591.0
380,7.6,1709.0
13223,7.8,3086.0
10523,6.1,143.0
8681,7.2,4369.0
239571,7.2,765.0
619,6.1,661.0
424,8.3,4329.0
50014,7.8,1910.0
162903,5.7,364.0
11024,5.4,500.0
208763,4.9,71.0
6466,5.8,594.0
254024,4.7,64.0
12589,5.6,231.0
7191,6.4,2251.0
1497,5.8,286.0
117,7.6,1384.0
6977,7.7,3003.0
168530,6.1,853.0
634,6.5,1356.0
392,6.8,951.0
10327,5.1,377.0
88042,5.7,210.0
41630,6.1,1331.0
11969,7.4,626.0
2085,6.0,330.0
794,7.2,476.0
9286,5.8,974.0
77877,6.8,946.0
1265,7.0,1113.0
866,7.2,1223.0
175555,7.0,35.0
75174,6.4,1451.0
11096,6.1,440.0
8699,6.7,1493.0
769,8.2,3128.0
10923,5.0,284.0
11283,6.4,711.0
111,8.0,2948.0
11676,6.3,174.0
746,7.4,355.0
77866,6.1,770.0
9416,5.9,87.0
7345,7.9,1537.0
14317,5.8,44.0
20694,5.6,61.0
12277,5.5,112.0
9779,6.3,386.0
2140,6.4,298.0
12620,5.6,529.0
14177,5.4,115.0
198185,6.6,259.0
227156,6.4,1798.0
10735,5.8,368.0
11351,5.5,299.0
10030,5.5,444.0
10623,5.8,236.0
590,7.0,451.0
9655,6.4,671.0
1268,6.1,663.0
11237,4.9,199.0
190955,6.0,171.0
5123,7.1,797.0
4518,7.1,334.0
11932,5.5,350.0
11165,6.9,147.0
6116,4.7,123.0
57431,5.4,325.0
21724,4.7,71.0
278,8.5,8205.0
9290,4.7,146.0
11543,6.7,244.0
284536,5.7,543.0
152737,6.9,483.0
13374,5.9,185.0
8976,6.5,318.0
319888,7.2,661.0
9469,6.7,134.0
1909,6.2,183.0
22971,6.6,1262.0
34813,6.2,515.0
46261,5.4,341.0
10431,6.0,414.0
8051,6.9,530.0
9352,6.5,656.0
10167,4.6,82.0
18147,5.4,66.0
17170,4.7,28.0
18975,5.0,54.0
15487,6.9,110.0
22825,5.4,597.0
11152,5.6,265.0
1831,4.3,29.0
43931,5.2,147.0
10591,6.3,824.0
10861,5.2,101.0
12770,4.4,46.0
276907,6.7,973.0
10074,6.3,313.0
65055,4.9,132.0
10397,7.0,59.0
200505,6.5,304.0
11954,6.2,135.0
60309,6.2,137.0
9787,7.0,210.0
293646,6.0,378.0
6978,7.1,705.0
133698,5.6,194.0
59440,7.7,1272.0
1770,6.7,97.0
10655,6.6,90.0
8988,6.1,82.0
15992,4.6,45.0
17707,6.2,111.0
77883,5.8,498.0
40001,5.3,25.0
64639,5.5,144.0
9903,6.4,60.0
21338,5.7,34.0
20766,6.8,1087.0
24264,5.0,22.0
19803,5.5,28.0
20309,4.8,47.0
9912,7.3,166.0
9067,5.5,138.0
27360,5.1,14.0
8338,6.4,387.0
168705,3.5,118.0
72113,7.0,738.0
9729,5.9,66.0
94352,6.1,58.0
22256,6.2,19.0
12404,6.6,49.0
152742,7.7,704.0
11699,6.0,326.0
49953,5.6,151.0
48034,7.1,380.0
39845,6.0,21.0
25353,3.8,7.0
36696,6.3,10.0
109091,5.0,712.0
38543,6.2,227.0
33157,7.0,31.0
290864,6.5,114.0
242166,4.1,26.0
859,7.0,257.0
83770,5.5,301.0
168,6.9,477.0
1246,6.5,835.0
4233,6.1,840.0
174751,5.4,285.0
184098,6.4,225.0
2069,6.2,531.0
1788,6.4,505.0
11635,6.6,541.0
177,7.2,341.0
3600,5.1,374.0
2621,6.1,67.0
10358,6.1,721.0
10480,5.9,111.0
10313,5.9,742.0
18828,5.5,24.0
3558,7.6,721.0
13476,5.5,160.0
10208,5.8,92.0
24961,5.9,58.0
20697,4.7,49.0
20761,5.7,53.0
70868,5.0,141.0
43593,5.3,581.0
6478,6.5,55.0
40688,4.1,19.0
26672,6.8,26.0
45881,5.4,15.0
41283,6.1,568.0
4935,8.2,1991.0
19908,7.2,3550.0
10663,5.9,512.0
1891,8.2,5879.0
9737,6.5,1699.0
37137,6.6,546.0
9532,6.4,1378.0
10316,6.5,910.0
2787,6.7,1789.0
12658,6.0,118.0
152601,7.9,4097.0
10866,6.3,325.0
227707,5.1,73.0
21349,5.9,66.0
19150,6.4,11.0
70435,5.6,505.0
580,3.5,224.0
9819,6.6,124.0
13579,6.5,11.0
20024,6.6,55.0
2453,6.1,82.0
6973,6.6,261.0
11156,6.6,246.0
354110,5.8,101.0
22215,5.9,56.0
11632,5.5,73.0
30596,6.5,57.0
3021,6.5,1343.0
957,6.7,902.0
256917,6.8,431.0
251,6.9,1339.0
544,6.5,1590.0
11395,6.3,489.0
14635,6.5,110.0
13680,6.0,428.0
688,7.3,385.0
11090,4.6,304.0
783,7.4,716.0
228194,7.3,508.0
1642,5.6,354.0
10950,7.2,530.0
235260,5.9,83.0
277,6.6,2512.0
8999,6.1,319.0
11323,6.0,301.0
10445,6.8,61.0
11453,4.7,225.0
146239,6.2,551.0
205588,6.0,160.0
10878,5.4,154.0
82650,6.0,223.0
10279,6.3,112.0
2294,6.4,480.0
2176,5.4,201.0
270487,5.7,1309.0
19366,5.3,72.0
204082,6.4,875.0
24100,6.1,77.0
1599,6.2,239.0
5550,4.2,305.0
30379,3.6,8.0
42586,4.9,8.0
17709,3.8,48.0
287948,5.2,559.0
7548,5.9,128.0
9075,7.2,277.0
11661,7.2,212.0
109513,5.5,224.0
12085,5.9,140.0
204922,6.2,659.0
38985,7.4,98.0
44113,5.2,192.0
21494,6.7,45.0
164457,6.5,720.0
4566,6.5,501.0
17795,6.3,46.0
1073,7.0,239.0
153158,6.0,122.0
81836,5.6,546.0
10724,5.5,139.0
9473,7.1,893.0
2196,6.9,497.0
1499,5.1,184.0
20857,6.3,123.0
82693,6.9,4742.0
1646,7.5,356.0
44944,7.0,22.0
4108,6.6,1692.0
8456,6.4,497.0
7341,5.1,76.0
19255,6.7,189.0
10187,5.8,65.0
31005,6.5,52.0
49517,6.6,840.0
44857,5.5,14.0
50780,6.3,276.0
16363,5.9,41.0
1946,6.7,475.0
85,7.7,3854.0
772,6.3,2395.0
840,7.2,1098.0
9682,5.0,150.0
96,6.1,613.0
10678,5.4,183.0
274,8.1,4443.0
8872,6.5,728.0
16290,6.4,428.0
579,5.9,406.0
14405,4.9,209.0
138843,7.4,3092.0
11637,5.2,221.0
226486,5.0,500.0
1584,6.7,1414.0
9312,5.4,442.0
12153,6.3,679.0
65057,6.7,934.0
8326,6.7,383.0
35690,6.9,923.0
76203,7.9,3674.0
13497,6.2,116.0
35688,6.1,29.0
162,7.5,3601.0
296096,7.6,2562.0
103370,5.9,52.0
1051,7.4,422.0
376659,6.3,1252.0
10073,3.6,222.0
16690,6.1,290.0
273895,7.4,817.0
14873,5.6,269.0
8968,4.6,191.0
9963,5.8,381.0
15655,6.3,143.0
21208,6.7,1261.0
272878,6.8,276.0
9760,3.2,326.0
314365,7.8,2686.0
13279,5.9,292.0
1975,5.2,283.0
33644,6.0,24.0
1649,5.9,308.0
9895,5.8,129.0
9570,6.1,131.0
27579,5.8,481.0
16052,7.0,114.0
40264,4.2,315.0
1164,6.9,1055.0
239678,6.5,505.0
14359,7.0,435.0
3989,6.6,660.0
76617,5.3,465.0
1710,6.4,194.0
4258,4.6,793.0
20391,6.2,63.0
10139,7.1,612.0
335778,5.7,295.0
9645,5.3,531.0
55465,6.0,328.0
617,6.3,444.0
19904,5.4,167.0
48289,6.3,257.0
243,7.0,628.0
6933,4.7,171.0
17182,5.8,63.0
8848,6.6,697.0
38,7.9,3652.0
38303,6.0,368.0
1266,6.3,363.0
107985,6.7,1778.0
14043,5.8,143.0
19901,6.0,634.0
34016,5.9,525.0
59860,6.0,593.0
10069,5.3,155.0
9588,6.5,119.0
12819,5.3,124.0
9954,5.2,288.0
10115,6.3,148.0
25132,5.1,44.0
577,6.7,175.0
328387,7.1,2181.0
12690,6.3,299.0
9945,5.8,255.0
539,8.2,2320.0
13596,5.4,220.0
226857,6.7,542.0
13159,5.6,130.0
47941,4.9,7.0
526,6.8,260.0
22796,6.5,52.0
2355,7.1,334.0
5915,7.8,3045.0
9842,5.6,111.0
61012,5.0,432.0
755,6.9,1603.0
13682,6.4,88.0
9089,6.3,39.0
9470,7.2,831.0
18357,4.3,20.0
7979,7.3,394.0
470,7.2,918.0
15644,5.8,52.0
9582,5.3,83.0
10642,5.0,120.0
22074,7.0,167.0
2428,6.5,41.0
290751,6.2,336.0
13805,3.0,240.0
4597,5.5,208.0
9414,6.5,125.0
63492,6.2,671.0
81796,5.8,715.0
10710,4.8,139.0
15092,5.9,861.0
11382,7.0,130.0
15005,6.1,12.0
8198,6.4,81.0
6963,6.0,289.0
15070,6.1,139.0
12797,6.4,286.0
17134,5.7,220.0
41402,6.7,641.0
18885,4.5,48.0
4953,6.2,424.0
10773,6.4,62.0
146198,5.6,797.0
2639,7.3,187.0
10563,5.4,62.0
295964,6.3,950.0
5971,5.6,105.0
9716,6.5,147.0
11835,6.5,297.0
26171,6.5,284.0
31117,1.9,35.0
9074,5.4,133.0
14396,4.7,78.0
15673,6.4,24.0
42618,6.5,15.0
171274,6.5,833.0
24432,3.2,18.0
109417,5.9,88.0
13948,4.1,20.0
106747,5.3,631.0
10929,5.8,82.0
14220,4.7,69.0
46435,6.7,41.0
256962,7.0,185.0
48231,6.2,571.0
3509,6.8,532.0
82684,7.0,216.0
12142,3.1,173.0
23367,5.4,126.0
10740,5.9,179.0
241239,6.5,546.0
14582,6.3,26.0
14914,6.3,59.0
3902,6.6,195.0
77948,4.8,271.0
21755,6.8,203.0
4960,7.4,278.0
128,8.2,1983.0
14652,5.7,20.0
40932,4.9,9.0
16608,7.1,218.0
334531,6.8,36.0
32316,3.3,12.0
7299,6.9,1552.0
13405,6.5,52.0
19457,6.0,97.0
112937,2.2,8.0
314385,5.4,156.0
8953,6.4,102.0
29078,5.8,14.0
46503,5.9,286.0
10448,6.2,33.0
13688,6.1,107.0
10353,5.8,221.0
43935,4.5,139.0
11458,5.5,48.0
44638,6.0,31.0
241257,5.3,585.0
14538,6.6,35.0
13250,6.3,130.0
133931,5.3,68.0
280871,5.0,3.0
239897,0.5,1.0
184341,6.1,109.0
334074,5.4,404.0
199373,6.1,465.0
14202,7.1,312.0
6968,7.1,157.0
581,7.6,1046.0
52449,5.4,1584.0
12150,6.7,141.0
11247,6.1,713.0
4232,7.0,1476.0
9378,5.4,440.0
694,8.1,3757.0
105,8.0,6079.0
11377,5.5,209.0
26367,6.0,40.0
385383,3.9,8.0
41210,5.9,583.0
12090,5.3,404.0
62630,6.5,208.0
16110,4.6,8.0
29427,6.2,633.0
129,8.3,3840.0
244114,5.9,43.0
2669,6.5,108.0
203833,7.4,1486.0
13523,6.0,342.0
25195,6.4,465.0
17277,6.0,33.0
50725,6.2,208.0
82631,5.8,40.0
73191,5.6,5.0
22479,6.1,12.0
340611,6.8,69.0
10065,6.0,588.0
2757,7.3,638.0
11683,6.0,381.0
244339,5.8,11.0
1878,7.2,1301.0
23082,6.0,518.0
195589,6.2,2713.0
854,6.6,2472.0
2280,6.9,993.0
496,6.5,1579.0
8835,6.1,882.0
157,6.4,434.0
8643,6.3,659.0
10402,5.5,308.0
218043,3.7,392.0
9043,6.2,249.0
21301,5.6,74.0
10147,6.5,656.0
816,6.5,1013.0
302688,5.5,322.0
60307,6.3,238.0
106,7.3,2093.0
279,7.8,1076.0
8617,4.8,167.0
10625,6.9,2320.0
10934,6.4,172.0
5279,6.8,246.0
10013,5.9,136.0
194662,7.4,4535.0
160588,7.0,1098.0
9829,6.9,367.0
10028,6.0,303.0
10535,4.9,147.0
790,6.4,311.0
43959,6.9,342.0
10364,6.7,72.0
16991,5.6,225.0
9610,5.8,383.0
1578,7.7,938.0
25643,5.6,180.0
11904,6.7,167.0
28665,5.5,135.0
44115,7.0,2606.0
10569,6.4,155.0
10560,6.8,90.0
333348,5.4,167.0
20483,4.9,76.0
11457,7.2,120.0
321697,6.8,1573.0
19840,5.1,197.0
22327,5.9,319.0
38665,3.7,14.0
2575,6.2,92.0
11644,7.3,236.0
146227,4.9,246.0
68924,6.9,176.0
253235,5.7,164.0
22102,5.6,56.0
18701,6.4,23.0
10068,5.8,177.0
848,6.5,67.0
36811,6.7,55.0
522,7.3,630.0
130150,6.7,299.0
12246,6.5,158.0
13809,6.9,836.0
27380,3.5,15.0
10549,7.3,117.0
33870,6.8,28.0
245703,6.2,694.0
10739,6.2,149.0
127560,6.7,273.0
37903,7.2,255.0
396152,5.3,11.0
10017,5.9,108.0
11468,7.0,104.0
193613,6.7,83.0
17436,4.4,60.0
43434,6.7,50.0
31166,5.6,20.0
69848,9.3,2.0
8408,6.9,270.0
332411,4.5,179.0
9389,6.7,77.0
9626,5.0,206.0
75638,6.0,376.0
8363,7.0,2100.0
15670,6.4,52.0
290555,5.7,82.0
8328,6.5,640.0
10982,5.9,479.0
205,7.5,793.0
1620,5.9,966.0
175541,5.8,16.0
241254,4.6,218.0
31932,5.4,18.0
1933,7.4,1660.0
679,7.7,3220.0
11113,7.4,352.0
3597,5.6,687.0
193893,6.4,1219.0
9675,6.9,478.0
9988,5.8,172.0
948,7.4,1035.0
21765,4.7,30.0
146304,6.7,110.0
7516,6.4,534.0
41439,5.8,730.0
2752,5.2,297.0
9429,5.9,198.0
38117,6.0,849.0
9792,6.1,705.0
13778,5.1,64.0
228203,7.4,213.0
41382,5.6,54.0
13960,6.0,32.0
114150,7.3,2247.0
26602,4.8,63.0
10223,6.9,187.0
16028,4.6,74.0
15639,3.3,17.0
16112,6.3,14.0
26390,6.2,293.0
27759,6.3,36.0
109428,6.4,1723.0
23049,5.6,101.0
9310,4.9,95.0
11411,4.1,318.0
16988,3.0,6.0
7304,7.0,331.0
24747,5.5,19.0
58048,2.9,15.0
1491,7.1,1615.0
2989,5.6,19.0
10629,6.8,59.0
255343,6.1,271.0
4723,5.2,153.0
10800,6.5,129.0
25763,5.0,27.0
79694,4.5,140.0
4032,7.0,428.0
18615,5.8,73.0
10673,7.0,546.0
4584,7.2,352.0
2977,6.9,317.0
10760,6.0,236.0
11093,7.0,199.0
207,8.1,2705.0
8467,6.5,1859.0
639,7.3,950.0
24226,7.4,131.0
9285,5.9,542.0
14709,6.0,122.0
74643,7.3,1049.0
13788,4.8,365.0
83666,7.6,1662.0
10781,5.9,402.0
318850,6.4,30.0
13908,3.7,78.0
1417,7.6,3041.0
39180,4.8,44.0
16161,7.4,55.0
49950,5.3,224.0
10956,5.5,242.0
9594,5.3,215.0
4638,7.4,2199.0
13972,4.6,96.0
5038,6.7,1020.0
13491,6.4,76.0
10571,5.4,103.0
10994,7.2,108.0
19994,5.3,837.0
25166,5.4,43.0
30890,7.0,127.0
23169,6.9,948.0
17403,5.7,42.0
12120,5.3,131.0
9800,7.6,988.0
1090,6.8,378.0
18475,4.6,10.0
40160,5.1,36.0
18074,5.5,34.0
9689,6.4,113.0
9781,6.7,100.0
8009,6.8,624.0
3877,6.7,90.0
8854,4.3,48.0
152599,6.2,250.0
18840,6.9,21.0
68727,6.5,956.0
12657,4.7,108.0
8265,6.8,615.0
12410,6.3,29.0
34647,7.2,387.0
73935,4.8,91.0
28178,7.7,1717.0
185567,6.7,172.0
264656,6.4,258.0
35696,4.2,20.0
16351,5.7,16.0
38717,5.3,3.0
18777,5.5,16.0
2110,6.2,283.0
9035,6.3,317.0
90,6.8,961.0
771,7.1,2414.0
12154,5.8,253.0
9576,6.9,421.0
744,6.7,1698.0
146,7.2,927.0
14,7.9,3313.0
45269,7.6,2752.0
9493,5.7,559.0
22556,6.4,52.0
873,7.7,338.0
33196,6.5,48.0
205596,8.0,5723.0
10765,6.0,102.0
16769,7.2,67.0
33217,5.9,355.0
132232,6.0,1401.0
11153,7.1,410.0
208134,6.0,680.0
1165,6.8,338.0
4011,7.1,1444.0
17202,6.1,33.0
9587,7.0,215.0
65086,6.1,1206.0
10053,5.4,268.0
11870,5.6,197.0
11778,7.8,921.0
586,6.7,270.0
18736,5.7,280.0
134411,5.8,1138.0
287903,5.9,584.0
9276,6.2,492.0
15765,6.9,72.0
2142,6.6,382.0
11397,5.5,431.0
77016,7.2,1170.0
11478,5.8,156.0
266856,7.8,3311.0
13411,4.7,77.0
10564,6.9,155.0
947,7.8,851.0
24150,5.1,267.0
228970,7.0,951.0
18405,6.2,440.0
6961,6.2,230.0
11442,4.5,228.0
2493,7.6,1486.0
14047,6.9,151.0
64690,7.4,3725.0
11132,5.1,221.0
17127,5.6,72.0
1562,6.5,1197.0
232679,6.3,130.0
17880,6.1,61.0
14736,7.4,88.0
9434,6.9,275.0
23706,4.7,295.0
11531,4.3,212.0
9100,6.3,380.0
116,7.3,1105.0
38843,6.1,245.0
1245,7.5,202.0
4995,7.5,796.0
10413,5.5,119.0
14012,6.1,52.0
9793,5.2,351.0
12212,4.4,100.0
13768,6.4,128.0
8975,5.0,163.0
342521,6.0,421.0
45272,5.9,80.0
9424,5.5,104.0
97367,6.8,1653.0
254904,6.0,639.0
18681,5.3,42.0
12162,7.2,1840.0
11495,5.9,173.0
64689,5.8,742.0
157849,6.5,541.0
13166,4.6,115.0
15511,5.9,25.0
37003,6.7,10.0
12211,4.4,104.0
13816,5.1,17.0
51828,7.0,978.0
22798,6.7,357.0
7501,5.9,97.0
10743,6.4,126.0
37718,5.3,31.0
15237,6.3,32.0
9686,6.2,64.0
17644,2.9,8.0
97430,5.2,358.0
12257,4.8,32.0
13539,5.4,48.0
68,7.5,861.0
14024,6.0,211.0
115,7.8,2926.0
7874,6.6,243.0
4911,6.5,85.0
1988,6.7,95.0
16222,5.0,37.0
9557,4.7,146.0
9026,6.7,127.0
57943,4.7,3.0
18276,5.5,44.0
8321,7.4,1388.0
72359,5.6,26.0
10186,5.6,156.0
25704,5.0,100.0
133694,6.0,243.0
19265,6.8,350.0
36047,4.7,15.0
8053,7.0,177.0
2290,6.0,90.0
5236,7.2,886.0
6552,6.1,182.0
1018,7.6,1477.0
10075,5.4,87.0
38031,5.8,251.0
42188,6.8,737.0
112430,7.0,12.0
6687,6.5,195.0
13853,4.8,27.0
31306,6.5,12.0
8461,6.3,545.0
331592,5.5,31.0
47692,6.6,23.0
19,8.0,657.0
10045,6.5,565.0
400,6.7,85.0
253450,6.6,157.0
9104,6.5,93.0
11190,7.4,100.0
16353,6.0,152.0
23759,5.9,386.0
24206,5.0,22.0
10185,6.0,290.0
75033,5.2,5.0
74536,4.8,92.0
31668,6.1,7.0
13501,5.7,41.0
15208,5.6,31.0
172391,5.8,72.0
262543,5.6,670.0
9288,4.8,36.0
370980,7.3,12.0
20083,6.7,65.0
40880,4.5,2.0
137,7.4,2301.0
264999,6.3,706.0
454,6.7,1374.0
53457,7.2,196.0
288980,5.8,9.0
33,7.7,1113.0
1951,6.9,78.0
12405,7.6,2827.0
10998,6.6,291.0
114,7.0,1746.0
9396,5.5,303.0
319910,5.0,10.0
2604,6.7,395.0
864,6.8,491.0
14435,5.3,299.0
1931,6.1,88.0
691,6.6,507.0
9877,5.6,290.0
62008,6.2,45.0
12227,6.5,135.0
13824,5.1,83.0
71688,6.2,527.0
15173,6.4,22.0
8291,6.9,47.0
13950,5.8,48.0
12158,4.5,111.0
11586,4.5,133.0
10008,5.3,142.0
2830,4.4,180.0
12403,6.2,351.0
34563,5.7,39.0
14557,5.6,49.0
10368,5.8,32.0
10280,5.5,124.0
12637,6.1,67.0
34152,6.7,31.0
14434,5.0,55.0
11470,4.5,291.0
10741,6.4,119.0
24940,5.3,73.0
82679,5.5,134.0
2013,7.4,283.0
1440,6.9,240.0
18041,5.5,68.0
28029,6.2,21.0
1123,6.4,25.0
14033,4.4,49.0
87729,5.2,10.0
16899,6.3,108.0
41317,5.8,1.0
245700,6.3,204.0
37842,5.8,22.0
9045,7.1,75.0
44092,6.7,57.0
16005,6.3,55.0
44754,6.1,86.0
23988,4.0,97.0
43949,7.4,418.0
142,7.5,1480.0
9603,6.9,803.0
10712,6.9,144.0
243938,5.0,354.0
10876,6.8,128.0
86838,6.7,1206.0
25208,6.0,27.0
613,7.7,1037.0
1913,7.2,219.0
97370,6.0,1102.0
801,7.1,642.0
70829,4.7,7.0
54518,4.8,154.0
44214,7.3,4430.0
240,8.3,3338.0
9816,6.3,352.0
10131,5.8,281.0
339984,6.7,186.0
8859,5.2,509.0
11967,6.6,258.0
239563,7.1,763.0
222899,6.0,210.0
4951,7.3,1701.0
10985,5.7,151.0
9644,5.7,157.0
332567,6.2,1567.0
1954,7.3,2060.0
15489,4.8,51.0
15250,7.1,29.0
22345,3.3,75.0
9448,6.1,109.0
38223,5.7,46.0
11186,5.8,308.0
136835,5.6,181.0
5876,6.7,1399.0
264660,7.6,4737.0
492,7.3,1101.0
25462,6.6,17.0
238603,5.7,290.0
10691,6.6,96.0
1251,7.2,541.0
5172,6.2,123.0
58680,5.5,10.0
264644,8.1,2757.0
14577,6.5,66.0
11592,6.4,135.0
16406,5.7,67.0
19052,6.6,7.0
3682,5.5,135.0
9683,5.1,163.0
2084,6.1,103.0
107811,5.7,737.0
2266,6.8,207.0
13074,5.9,60.0
144340,5.4,304.0
48217,6.7,11.0
28211,5.9,498.0
47502,4.8,4.0
9950,6.5,138.0
84892,7.7,2968.0
24227,4.5,10.0
9672,6.4,60.0
44853,5.6,17.0
157544,4.6,243.0
59678,6.3,733.0
79777,5.8,45.0
158011,6.6,1257.0
407887,5.8,29.0
17043,5.3,34.0
8952,6.4,503.0
62204,7.1,109.0
13435,6.7,137.0
17187,6.9,96.0
319,7.5,749.0
59457,5.9,92.0
9504,7.5,323.0
37414,6.0,173.0
6217,6.0,94.0
26688,5.4,177.0
43867,8.4,11.0
6615,7.1,509.0
14574,7.7,1451.0
16,7.6,377.0
39780,6.2,25.0
21612,7.3,31.0
36691,5.8,84.0
23631,6.3,1150.0
45324,6.0,94.0
12144,7.0,640.0
11658,7.4,133.0
56601,6.3,30.0
9552,7.5,2005.0
578,7.5,2542.0
2105,6.4,2296.0
126319,7.6,142.0
10136,5.6,304.0
67660,6.9,281.0
10611,6.2,137.0
154,7.3,675.0
3049,6.4,1648.0
860,7.0,504.0
9281,7.0,375.0
75674,6.3,417.0
9762,6.7,1060.0
3179,6.5,168.0
184,7.3,1514.0
13335,6.2,497.0
76726,6.6,1935.0
10269,6.2,51.0
36819,6.6,249.0
17130,4.7,158.0
57214,6.5,1564.0
11202,7.3,323.0
9357,6.6,435.0
13812,5.5,339.0
9030,5.5,281.0
19084,4.7,30.0
8386,6.3,218.0
10437,7.2,212.0
1360,7.3,383.0
101267,6.5,85.0
222935,7.6,3759.0
10220,6.9,439.0
284296,6.3,210.0
31915,5.4,25.0
11601,6.5,330.0
205220,7.4,579.0
11354,6.4,72.0
16241,6.6,101.0
14191,5.8,364.0
286565,6.1,1937.0
26710,4.3,15.0
129670,7.4,636.0
9059,6.7,94.0
34549,5.4,33.0
57157,5.6,364.0
1948,6.6,1151.0
28353,5.3,8.0
46889,5.3,11.0
38093,6.1,99.0
14976,6.1,163.0
11027,6.4,110.0
3635,6.4,377.0
387,7.9,613.0
6020,4.6,47.0
122906,7.8,2067.0
9550,7.1,439.0
60599,6.1,294.0
227719,6.4,933.0
14299,6.9,86.0
19419,4.9,23.0
12088,5.7,168.0
14799,5.9,43.0
9466,6.0,111.0
7510,5.8,78.0
31246,3.0,23.0
61752,5.7,16.0
10944,4.6,89.0
10362,6.6,154.0
14778,6.0,22.0
1255,6.7,537.0
45226,6.8,4.0
10212,6.9,141.0
8669,6.5,225.0
179144,7.3,720.0
16857,6.4,53.0
86825,6.5,882.0
844,6.9,206.0
8060,6.1,38.0
15907,6.9,41.0
38448,6.5,84.0
327,6.8,107.0
9260,6.2,50.0
61337,6.1,9.0
13079,6.1,88.0
89325,5.3,22.0
4170,6.8,67.0
41508,6.5,28.0
12479,5.2,28.0
44555,4.8,13.0
10133,6.7,192.0
21345,7.6,55.0
173931,3.0,3.0
61984,6.3,59.0
50601,5.8,62.0
26466,6.9,612.0
345003,4.3,5.0
236751,6.0,229.0
107,7.7,2912.0
357837,4.3,2.0
8913,6.4,407.0
13889,7.5,20.0
18530,5.5,29.0
358451,6.3,5.0
927,6.9,1596.0
11,8.1,6624.0
291870,5.7,1406.0
907,7.4,247.0
206563,7.1,242.0
11887,6.2,821.0
45317,7.2,1486.0
12094,6.4,298.0
10377,7.3,384.0
249164,7.3,1368.0
256092,3.9,74.0
9942,6.6,217.0
10748,5.6,142.0
1817,6.7,1062.0
10229,7.5,1018.0
687,7.3,337.0
796,6.6,827.0
22804,6.0,722.0
10156,6.5,204.0
12837,7.4,158.0
17708,4.1,54.0
13937,5.9,65.0
28932,6.4,29.0
31909,5.5,57.0
167073,7.2,1213.0
3175,7.7,505.0
14369,5.8,53.0
16888,5.7,34.0
121826,6.3,139.0
10646,4.9,74.0
12149,7.0,334.0
304357,7.3,440.0
11184,6.6,131.0
766,7.3,838.0
20009,5.4,60.0
1587,7.5,919.0
30973,8.2,12.0
11109,6.8,80.0
9027,5.1,75.0
63020,6.6,9.0
86829,7.2,834.0
11065,5.8,75.0
13888,5.1,153.0
42345,5.9,16.0
13994,6.0,33.0
1590,6.2,42.0
62728,5.6,35.0
11917,5.9,820.0
45138,7.3,6.0
80271,5.9,881.0
4657,5.7,25.0
14395,6.1,42.0
24137,6.3,46.0
190847,5.2,302.0
11056,5.6,112.0
62,7.9,2998.0
601,7.3,3269.0
13067,5.8,160.0
25379,6.8,6.0
88641,8.5,2.0
58051,5.2,29.0
14877,5.0,16.0
96399,6.4,35.0
304410,7.0,766.0
489,7.9,2811.0
373314,5.3,149.0
214,6.1,1071.0
10890,6.5,249.0
1588,5.8,568.0
316727,6.1,1306.0
10314,5.7,418.0
663,5.9,903.0
11804,5.6,261.0
16781,6.0,77.0
11873,6.7,291.0
9289,7.2,234.0
10414,6.4,198.0
1970,5.8,865.0
9614,6.5,755.0
8922,6.1,720.0
1648,6.7,454.0
17917,7.0,103.0
74534,6.9,459.0
19405,6.6,67.0
9355,5.9,748.0
10999,6.4,742.0
321258,5.8,1102.0
44040,5.8,816.0
10426,6.0,100.0
280092,6.2,983.0
13938,6.4,69.0
10163,5.4,197.0
12182,6.4,379.0
1832,6.8,823.0
9034,5.5,62.0
15301,6.2,161.0
10135,6.3,252.0
26352,6.0,31.0
20616,5.0,70.0
9794,5.3,153.0
15037,6.1,122.0
227,6.9,291.0
294272,6.2,679.0
11336,6.9,311.0
283445,5.4,581.0
88036,5.8,36.0
10984,5.0,114.0
22824,5.8,441.0
9526,6.4,81.0
39349,5.2,13.0
15983,5.3,49.0
14544,6.1,27.0
11545,7.5,676.0
42684,4.7,507.0
268238,6.3,272.0
8359,6.4,34.0
15648,5.5,203.0
41823,6.3,47.0
11891,6.1,159.0
9362,6.6,864.0
9902,6.0,635.0
14729,6.6,50.0
9455,6.0,57.0
103731,7.0,1068.0
10090,5.6,72.0
164558,8.0,201.0
19905,5.4,58.0
17710,5.6,62.0
75900,6.6,406.0
9515,6.2,136.0
27322,8.1,12.0
328425,6.7,1049.0
14120,6.1,15.0
10050,5.5,75.0
1542,7.4,1050.0
10490,6.4,86.0
87093,6.8,1196.0
10029,6.2,179.0
9893,5.3,101.0
11507,6.4,137.0
37931,5.1,179.0
3472,6.8,131.0
87818,4.4,797.0
13160,5.3,145.0
88005,6.3,700.0
52067,5.9,135.0
73,8.2,3016.0
134597,5.9,289.0
24034,5.5,2.0
14283,7.3,99.0
404,7.7,306.0
13201,5.5,34.0
209403,6.4,334.0
7942,6.2,238.0
73247,3.8,6.0
253331,6.5,115.0
34043,4.1,10.0
9952,6.9,336.0
256924,6.6,183.0
82532,6.1,217.0
41110,6.9,73.0
134371,5.4,41.0
2088,5.7,36.0
10388,6.6,105.0
1640,7.2,1149.0
25520,6.4,25.0
27342,6.8,15.0
13689,7.3,90.0
67911,4.4,51.0
24664,6.3,24.0
329440,4.8,448.0
47890,6.0,2.0
252512,5.8,383.0
55720,7.0,54.0
9613,6.4,168.0
29076,5.4,24.0
29339,6.8,49.0
68812,6.4,365.0
32740,5.5,46.0
14195,6.2,51.0
73567,6.5,425.0
41479,6.1,210.0
15394,6.8,37.0
10071,4.9,46.0
1989,6.0,190.0
91076,6.3,7.0
12779,4.8,50.0
13191,5.6,86.0
11770,6.6,491.0
12703,5.5,62.0
64559,6.4,5.0
222649,6.5,98.0
115872,5.3,3.0
101173,5.9,131.0
25350,6.3,29.0
10034,6.4,12.0
20178,6.5,177.0
5072,6.4,169.0
18191,6.0,50.0
31007,6.4,139.0
11546,4.1,178.0
41894,6.0,5.0
184374,5.8,14.0
268171,6.2,31.0
78149,3.0,9.0
24663,4.8,19.0
39037,5.4,59.0
22805,4.7,44.0
39055,5.8,4.0
245846,5.1,83.0
25186,7.0,5.0
15017,3.9,29.0
12245,5.7,188.0
49787,5.4,130.0
16358,6.4,34.0
7006,5.6,80.0
66767,4.3,16.0
17622,6.1,35.0
283671,6.5,1.0
18516,6.4,22.0
217708,6.9,26.0
42057,4.3,9.0
17577,4.0,53.0
14608,6.4,6.0
34417,5.0,6.0
15067,7.1,193.0
78383,4.9,119.0
43090,6.7,27.0
16614,6.4,737.0
9700,6.0,24.0
10471,6.4,135.0
250066,4.3,158.0
667,6.5,531.0
208869,6.1,86.0
86837,7.5,400.0
10306,4.5,123.0
106845,4.9,34.0
11576,7.0,140.0
219,7.3,406.0
11827,6.2,148.0
22820,6.2,51.0
31174,6.9,49.0
244316,5.1,74.0
37737,6.0,40.0
62215,7.0,885.0
66125,7.1,83.0
132316,7.3,66.0
348,7.9,4470.0
30497,7.2,590.0
27586,6.3,254.0
14811,7.4,134.0
660,6.5,562.0
68684,5.7,129.0
40794,7.0,118.0
9400,6.9,66.0
16162,6.8,38.0
10585,6.3,581.0
2359,7.3,235.0
238636,6.6,1954.0
10472,4.9,70.0
11282,6.6,693.0
6521,6.7,60.0
14181,6.5,201.0
1621,7.1,738.0
9656,4.8,119.0
16428,5.8,21.0
10705,7.4,71.0
8272,6.8,110.0
24621,6.3,16.0
1619,6.4,100.0
9685,6.5,95.0
14425,6.0,41.0
14624,6.8,78.0
10179,5.7,49.0
15568,6.0,17.0
14057,5.5,29.0
12621,6.1,56.0
1808,6.9,116.0
293670,7.2,250.0
67675,6.8,79.0
27329,5.1,6.0
29514,6.0,35.0
250349,5.8,214.0
12454,7.0,33.0
39806,4.8,14.0
15699,6.1,7.0
8883,6.8,68.0
17926,4.5,12.0
291081,7.0,54.0
41248,5.6,10.0
25968,5.8,75.0
9671,6.3,503.0
52010,5.2,27.0
11588,5.9,62.0
43418,7.3,40.0
71157,7.9,285.0
13483,6.3,395.0
333355,8.0,27.0
327833,5.6,61.0
1547,6.8,538.0
25196,6.8,274.0
16323,6.8,28.0
175528,5.6,85.0
8069,5.7,146.0
71805,6.1,14.0
9451,6.7,270.0
16727,6.8,50.0
272693,6.8,1322.0
10696,3.4,38.0
150202,5.6,175.0
19644,6.6,28.0
29963,6.8,107.0
26022,7.7,232.0
152747,6.6,671.0
62676,7.0,17.0
20360,6.6,29.0
1116,7.1,154.0
185008,7.2,79.0
11620,7.0,63.0
14353,6.7,100.0
11818,4.3,7.0
680,8.3,8428.0
11176,7.0,164.0
242582,7.6,3395.0
11217,5.1,107.0
15121,7.4,941.0
2619,6.1,321.0
773,7.5,1686.0
235,7.8,1522.0
170,7.1,1777.0
14114,4.8,75.0
10734,7.2,561.0
37964,7.0,31.0
28121,5.7,15.0
40807,7.0,1261.0
10885,5.3,180.0
225565,6.1,1004.0
16471,5.6,23.0
385736,7.5,18.0
11971,7.2,189.0
668,6.5,456.0
11596,6.4,291.0
14429,5.8,62.0
13751,6.7,81.0
9490,6.4,177.0
14536,5.2,99.0
1359,7.3,2066.0
9962,6.1,181.0
15049,6.5,42.0
22821,5.9,261.0
42819,5.7,9.0
209263,6.6,348.0
37735,6.7,2210.0
59930,3.9,5.0
10873,6.6,148.0
51588,5.7,134.0
23570,4.6,30.0
19489,4.9,11.0
14629,5.5,46.0
8293,6.9,95.0
291270,7.0,459.0
44009,7.0,97.0
1958,6.9,196.0
13154,5.7,95.0
26618,6.3,39.0
43923,6.9,672.0
46138,6.6,94.0
45791,6.9,13.0
26306,6.7,21.0
110683,4.3,4.0
26963,7.3,181.0
198277,7.3,1254.0
7870,5.9,63.0
13072,5.8,18.0
153397,4.9,8.0
30141,5.9,41.0
17044,7.0,3.0
10288,6.6,135.0
12183,5.2,16.0
44147,6.4,215.0
12192,5.6,144.0
36597,6.9,37.0
13197,6.3,24.0
10913,5.6,33.0
251321,5.1,41.0
149,7.8,773.0
10425,5.8,103.0
49081,6.1,17.0
256687,4.6,21.0
220488,4.3,8.0
1544,7.0,177.0
374461,7.0,129.0
302,6.4,153.0
182873,5.4,33.0
21512,5.9,31.0
389425,4.1,16.0
403,7.0,350.0
29461,6.6,19.0
33542,6.5,240.0
283708,6.6,43.0
9388,7.1,664.0
1691,5.6,453.0
24684,6.8,409.0
2610,5.7,75.0
11308,5.8,26.0
11022,6.8,142.0
34341,4.5,7.0
15365,4.0,26.0
36046,6.1,7.0
12569,5.7,192.0
24356,5.2,13.0
55903,7.0,3.0
2577,6.2,116.0
103903,5.8,2.0
73873,6.2,132.0
312113,6.4,4.0
14165,6.0,13.0
2011,7.7,450.0
45650,5.6,244.0
7735,7.5,841.0
301365,6.4,887.0
25941,6.7,348.0
29064,4.4,17.0
7326,7.0,2244.0
326284,5.5,63.0
681,6.3,553.0
238,8.4,5893.0
535,6.1,302.0
19913,7.2,2904.0
713,7.1,281.0
77930,6.1,1040.0
10727,4.9,161.0
253,6.4,533.0
17908,6.5,69.0
8390,6.7,620.0
57119,6.0,56.0
3291,6.8,273.0
398,6.8,384.0
8068,6.8,881.0
10803,6.6,269.0
682,6.3,524.0
10117,4.9,50.0
9392,6.8,1005.0
24977,7.5,10.0
79316,4.4,216.0
2074,6.3,66.0
1696,6.6,322.0
308639,7.2,691.0
22314,6.2,17.0
2662,6.0,306.0
77156,4.0,3.0
12573,6.6,483.0
44718,6.5,100.0
11342,5.8,95.0
241771,7.0,139.0
34653,7.3,463.0
11051,7.0,201.0
14578,5.6,30.0
57825,6.5,110.0
9555,6.8,84.0
15581,3.8,18.0
13006,5.7,63.0
16651,6.7,14.0
4251,7.4,64.0
12400,6.4,76.0
39053,6.1,133.0
104896,6.4,6.0
14112,6.1,56.0
12271,6.2,81.0
71859,7.4,677.0
226354,5.8,8.0
48620,5.0,15.0
33676,4.5,31.0
37080,6.7,46.0
25388,6.2,16.0
11687,7.1,420.0
39210,6.0,208.0
30128,5.7,20.0
31535,2.7,13.0
44835,6.7,212.0
192134,5.8,212.0
1956,6.2,68.0
24985,7.7,5.0
306745,7.1,164.0
47088,5.9,29.0
110402,6.7,41.0
27004,6.0,73.0
15013,6.3,8.0
8374,7.2,837.0
277519,5.8,5.0
78381,5.0,85.0
164372,5.1,47.0
294512,6.5,4.0
8879,7.0,251.0
13001,6.9,140.0
9571,7.4,583.0
13649,6.1,843.0
325373,6.8,27.0
334527,5.8,110.0
2211,6.3,20.0
13919,6.7,62.0
14576,6.1,73.0
82505,5.6,555.0
46738,7.9,479.0
38970,5.8,44.0
41009,5.1,24.0
7347,7.8,504.0
250546,5.6,1517.0
38415,5.2,6.0
650,7.4,364.0
16620,6.8,116.0
25113,6.3,16.0
11033,6.8,157.0
34723,6.2,42.0
9430,7.0,196.0
8998,5.1,128.0
10514,7.0,190.0
10496,4.1,35.0
1591,7.0,32.0
76025,7.0,875.0
4836,7.0,559.0
14631,8.0,6.0
87499,6.5,305.0
18923,6.8,45.0
26665,7.0,6.0
28089,7.1,119.0
62255,6.0,16.0
5708,7.5,200.0
218,7.3,4128.0
338,7.4,586.0
21641,7.2,152.0
10925,7.3,267.0
2293,6.8,392.0
621,7.2,1581.0
792,7.5,1205.0
1777,6.8,397.0
642,7.4,650.0
433,7.4,1183.0
16619,7.4,145.0
1725,7.0,389.0
11977,6.6,365.0
20322,6.5,10.0
16158,7.1,34.0
629,8.1,3254.0
10160,5.5,245.0
11452,5.9,858.0
12163,7.3,1000.0
32275,6.2,37.0
13785,6.7,166.0
1103,6.9,703.0
36739,6.2,26.0
14144,4.4,91.0
10622,6.3,128.0
13370,6.6,74.0
11191,5.9,123.0
10215,6.5,354.0
25066,5.4,32.0
1523,7.4,558.0
11361,5.2,183.0
92591,6.5,320.0
57612,8.0,3.0
12509,6.6,91.0
15256,6.1,44.0
83686,6.4,379.0
80304,5.5,103.0
28053,6.9,113.0
67913,6.8,372.0
13991,4.8,48.0
1443,7.1,817.0
8545,6.6,61.0
19556,5.4,77.0
231576,6.4,300.0
16172,5.5,52.0
13403,7.4,80.0
15797,6.9,29.0
347764,6.2,9.0
13537,6.6,111.0
20794,6.0,44.0
31064,5.7,19.0
576,7.6,259.0
13990,6.2,94.0
11583,6.6,74.0
18602,7.2,34.0
27549,4.6,17.0
59728,4.7,12.0
10930,5.7,10.0
32395,6.2,34.0
58882,5.3,22.0
7547,5.9,10.0
35944,6.5,11.0
42222,6.3,30.0
13827,4.7,25.0
44260,8.0,10.0
9282,6.8,206.0
38940,5.4,29.0
35689,5.4,21.0
97614,5.6,224.0
37206,6.3,14.0
58626,5.2,73.0
183894,7.6,38.0
837,7.1,454.0
1555,7.0,266.0
244783,5.5,87.0
16564,6.8,66.0
168027,4.9,18.0
3482,7.2,72.0
135595,5.5,12.0
8982,6.8,167.0
89861,10.0,1.0
455,6.2,578.0
57022,6.0,10.0
14351,4.2,10.0
147767,4.7,11.0
10664,6.4,489.0
55567,3.9,6.0
9277,7.9,622.0
9443,6.8,207.0
16186,6.4,71.0
7863,7.3,131.0
138697,5.9,1671.0
11901,7.4,278.0
1548,7.1,426.0
11889,6.2,47.0
33155,3.3,16.0
5528,7.5,526.0
321,5.6,28.0
4997,6.2,73.0
925,7.6,292.0
27451,4.8,15.0
73532,6.8,97.0
979,7.1,538.0
193722,5.4,31.0
7913,7.2,97.0
253253,6.2,9.0
51995,5.6,28.0
13173,4.9,57.0
22908,7.3,18.0
70670,7.1,399.0
84204,6.0,140.0
25248,7.3,24.0
230266,5.9,45.0
16633,7.2,102.0
63006,5.4,7.0
91586,6.5,1211.0
215,6.3,1251.0
333371,6.8,2468.0
9012,6.1,345.0
345911,6.3,1129.0
72571,5.9,669.0
242512,4.9,983.0
10072,6.5,354.0
211954,7.5,205.0
82990,5.2,563.0
29912,6.4,42.0
11843,6.7,137.0
11284,5.1,272.0
504,7.0,485.0
173,6.8,157.0
227348,5.2,449.0
1955,7.9,719.0
152532,7.9,2886.0
243940,5.1,505.0
77,8.1,4028.0
157547,6.3,1050.0
2295,6.9,398.0
71,7.4,750.0
147773,7.1,688.0
16096,4.7,21.0
24266,6.8,37.0
16508,5.4,22.0
2895,6.1,38.0
15660,6.5,54.0
59968,5.9,365.0
323677,7.1,478.0
19848,6.4,14.0
256274,6.1,766.0
235271,5.4,63.0
45153,6.1,27.0
284293,7.5,1104.0
24973,6.0,11.0
21610,6.4,86.0
10283,4.8,191.0
8346,6.2,671.0
122081,5.0,1551.0
10987,5.0,170.0
1391,7.3,315.0
747,7.5,2420.0
14745,4.3,48.0
26748,6.9,77.0
11357,5.9,209.0
24913,5.8,73.0
13776,6.9,83.0
14854,5.5,67.0
50357,5.0,356.0
13090,6.5,255.0
192141,6.7,777.0
16441,6.0,97.0
29996,5.4,8.0
351819,4.3,331.0
14834,6.3,9.0
22649,6.2,28.0
378200,5.2,42.0
20455,6.2,72.0
13193,6.3,147.0
11042,6.7,77.0
10786,6.6,50.0
12484,4.9,47.0
17339,6.4,91.0
11959,6.7,89.0
9900,6.6,220.0
14662,6.5,44.0
335,8.1,1128.0
15745,6.3,55.0
17431,7.6,1794.0
21014,5.2,18.0
78394,5.9,11.0
10217,6.8,103.0
46332,6.5,91.0
13996,6.6,60.0
3028,4.6,5.0
1024,7.0,294.0
343795,5.4,40.0
45658,6.0,208.0
16148,6.0,55.0
4553,7.3,1247.0
36351,5.7,15.0
245916,6.6,355.0
27585,6.9,165.0
1415,5.9,58.0
313922,6.7,683.0
14474,5.8,27.0
199933,3.9,15.0
13685,6.8,281.0
8744,5.6,45.0
38428,6.0,2.0
8847,6.6,14.0
39269,6.5,17.0
46838,7.3,847.0
51384,6.2,13.0
56930,6.6,4.0
41730,5.5,9.0
18442,4.7,33.0
298312,6.0,1360.0
11600,6.2,37.0
71547,3.8,4.0
57876,4.2,151.0
77495,7.0,202.0
13849,6.3,80.0
14849,5.8,65.0
12486,3.2,13.0
19615,7.0,2.0
244403,7.4,105.0
292481,3.0,3.0
340816,6.1,24.0
78814,5.0,3.0
297596,4.5,118.0
299552,4.1,7.0
11935,6.4,131.0
113406,0.0,
447027,0.0,
290825,4.7,102.0
361159,3.5,36.0
12555,7.0,22.0
31175,7.1,116.0
12498,7.4,231.0
77949,6.3,458.0
1690,5.7,887.0
8435,6.2,43.0
64720,7.1,471.0
49365,6.3,25.0
11404,6.3,47.0
300706,5.5,76.0
16337,5.9,139.0
11577,7.2,65.0
77987,5.6,862.0
40185,4.8,4.0
68202,4.6,8.0
8981,7.0,46.0
10914,1.0,1.0
50848,7.3,93.0
166624,5.6,6.0
10822,5.7,60.0
10844,5.9,18.0
9336,6.5,602.0
5689,5.8,408.0
712,6.6,632.0
13342,7.0,322.0
10339,6.9,89.0
1429,7.2,629.0
9303,6.9,198.0
641,7.9,2443.0
27686,6.2,19.0
65749,6.8,6.0
6106,7.0,71.0
252680,5.5,121.0
141,7.7,3452.0
66607,6.1,18.0
17139,7.7,25.0
12079,6.6,132.0
39800,6.3,30.0
4550,7.4,356.0
62116,6.2,13.0
9991,6.0,157.0
13807,7.0,46.0
68818,6.6,73.0
12093,7.7,139.0
36419,5.4,251.0
281730,5.3,2.0
510,8.2,2919.0
362105,6.9,35.0
10970,6.7,78.0
375290,7.3,57.0
17663,8.2,68.0
270938,5.5,71.0
116613,5.7,109.0
11826,7.0,217.0
29920,6.5,63.0
1088,7.1,111.0
26379,6.6,19.0
34069,5.9,140.0
10947,6.1,1000.0
47452,6.9,11.0
3040,6.3,210.0
11386,6.9,176.0
10246,6.1,183.0
29426,4.6,116.0
10331,7.5,580.0
153,7.3,1895.0
703,7.8,1010.0
27191,6.6,50.0
1365,6.5,250.0
287424,5.2,593.0
451,7.1,360.0
165864,4.8,67.0
987,6.9,68.0
241251,4.1,1022.0
40494,6.4,22.0
39781,6.5,506.0
8337,7.1,550.0
5925,7.8,717.0
8357,5.8,34.0
146203,4.4,203.0
85350,7.5,1971.0
512,6.4,420.0
13408,5.3,26.0
47816,5.9,15.0
10744,6.7,89.0
11536,6.8,72.0
9782,5.5,57.0
18713,4.8,10.0
6537,7.1,633.0
184345,5.4,346.0
1809,6.3,168.0
2370,6.1,77.0
9809,5.5,69.0
5,6.5,530.0
11013,6.7,376.0
19153,3.3,8.0
10132,6.7,46.0
16448,7.3,63.0
15122,5.4,11.0
8141,6.2,80.0
1546,6.1,67.0
48572,5.9,316.0
14517,6.6,102.0
89708,8.0,167.0
27551,5.1,8.0
64678,6.5,415.0
309503,5.5,58.0
14293,6.5,25.0
15059,5.2,9.0
103328,6.9,228.0
157847,6.5,338.0
25719,7.0,23.0
48309,6.7,27.0
27723,6.0,26.0
20468,5.8,6.0
242575,8.1,18.0
44945,6.6,307.0
29122,6.0,1.0
125123,4.5,2.0
111190,6.1,291.0
133575,4.2,5.0
54580,7.1,36.0
52015,6.2,285.0
34941,6.7,7.0
227975,6.4,31.0
60422,6.2,37.0
81390,6.2,157.0
10981,5.8,38.0
225235,7.3,23.0
14902,7.1,20.0
121676,5.2,13.0
22301,6.1,19.0
20065,5.7,9.0
257087,4.5,118.0
46420,6.6,207.0
114635,4.1,8.0
158150,5.2,20.0
251979,4.4,21.0
874,7.5,89.0
10774,7.7,381.0
770,7.7,970.0
266102,6.5,18.0
29715,6.2,38.0
25209,7.3,22.0
37495,7.0,423.0
29262,6.7,9.0
34769,6.5,195.0
35032,6.6,17.0
5178,6.0,21.0
8618,6.6,66.0
3116,7.4,299.0
9427,6.8,363.0
813,7.1,1074.0
352978,5.3,11.0
10634,7.0,503.0
9516,7.2,173.0
16288,5.9,129.0
23330,6.9,47.0
18900,7.4,82.0
27029,7.4,46.0
26268,6.2,35.0
573,7.1,158.0
310131,6.3,1434.0
40505,5.4,8.0
11363,5.7,70.0
3033,6.8,81.0
25376,7.8,626.0
22007,4.8,36.0
765,7.6,742.0
10615,5.4,43.0
205321,3.8,476.0
89540,5.4,4.0
46146,6.7,583.0
38007,5.8,9.0
14256,6.7,28.0
540,5.6,90.0
370464,2.9,7.0
20055,5.2,10.0
224569,2.0,1.0
395766,0.0,
39303,4.6,10.0
142061,7.9,419.0
370662,0.0,
252360,3.3,19.0
256740,5.3,37.0
299145,5.0,11.0
241766,3.6,6.0
12535,6.5,84.0
1667,6.9,358.0
50839,6.7,524.0
86549,6.2,15.0
13973,6.0,127.0
244786,8.3,4254.0
598,8.1,1814.0
11129,6.8,97.0
75861,6.8,47.0
13551,6.4,66.0
103663,7.9,927.0
850,7.4,344.0
12586,6.7,37.0
11564,6.2,66.0
301748,4.1,9.0
108346,8.0,1.0
8841,6.8,174.0
805,7.5,863.0
11697,7.4,265.0
22051,6.9,150.0
436,6.9,101.0
55347,6.8,347.0
10070,6.1,160.0
8469,7.0,418.0
658,7.2,987.0
125490,5.7,112.0
1585,8.0,1076.0
627,7.8,2655.0
23618,6.3,15.0
41436,5.7,722.0
10162,7.4,54.0
1430,7.3,453.0
259943,6.9,49.0
10014,5.7,361.0
11257,6.9,156.0
158015,6.0,2428.0
82507,6.7,1573.0
20337,5.0,1.0
261,7.6,165.0
1685,6.2,361.0
20737,5.3,106.0
10991,5.9,137.0
10225,5.7,216.0
826,7.7,542.0
34086,4.7,25.0
5854,6.7,86.0
284,8.1,483.0
10285,4.2,193.0
5780,6.4,120.0
292,6.4,28.0
223485,6.6,367.0
29463,7.0,11.0
18065,5.3,36.0
22013,7.3,41.0
821,7.6,155.0
53862,4.5,4.0
3089,7.3,82.0
30139,3.7,10.0
132344,7.4,568.0
15582,3.8,46.0
15158,6.3,94.0
44634,5.0,3.0
30309,5.8,19.0
7509,6.8,34.0
10557,6.5,59.0
23531,3.1,11.0
28005,5.7,35.0
40247,6.0,57.0
252,7.4,798.0
24126,5.2,38.0
13982,5.4,39.0
16642,7.6,234.0
17734,6.4,25.0
18892,5.9,90.0
549,6.6,94.0
121986,7.2,345.0
868,6.9,94.0
10683,7.4,194.0
17995,6.1,4.0
246403,5.1,366.0
670,8.0,1945.0
35691,6.5,37.0
49010,5.7,211.0
317930,5.2,17.0
11229,6.5,95.0
22488,5.8,12.0
24469,6.9,250.0
82533,5.6,67.0
50942,4.0,21.0
84174,5.3,444.0
34099,3.7,3.0
79940,5.2,34.0
342,6.7,59.0
281230,6.3,2.0
38033,3.9,37.0
100975,5.8,5.0
38541,5.7,197.0
39563,6.1,15.0
234212,4.9,148.0
27404,3.0,5.0
170480,0.0,
71866,5.4,32.0
192210,5.2,18.0
180296,5.3,171.0
157058,2.9,28.0
70006,5.8,136.0
26039,7.1,95.0
79587,0.0,
176077,4.8,14.0
260947,4.6,16.0
342502,2.8,10.0
191229,6.0,1.0
43213,6.1,5.0
44594,6.3,22.0
666,7.6,126.0
248,7.3,25.0
325173,4.9,54.0
55831,6.8,3.0
351043,4.1,52.0
43942,6.6,36.0
10226,6.6,271.0
66942,6.1,34.0
356483,4.3,12.0
10476,6.9,99.0
239,8.0,808.0
10281,5.3,192.0
630,7.4,1642.0
3034,7.7,854.0
13025,5.4,190.0
21461,7.6,44.0
55306,6.5,19.0
17264,7.0,59.0
346081,9.5,2.0
16016,4.9,10.0
15875,6.0,30.0
5900,7.0,3.0
43306,6.0,8.0
11072,7.2,609.0
9730,5.9,237.0
209274,7.1,260.0
26371,7.1,61.0
14137,5.3,22.0
291,7.6,23.0
14139,7.0,308.0
33106,7.4,13.0
8875,5.2,38.0
872,7.8,727.0
72914,7.1,47.0
139038,5.4,516.0
126509,4.6,19.0
9591,6.8,225.0
10676,5.0,229.0
1687,6.3,264.0
24748,7.5,66.0
181330,7.1,95.0
468,7.1,212.0
401,7.1,618.0
76,7.7,959.0
50538,6.9,8.0
25636,6.7,22.0
19316,6.8,32.0
21074,5.2,15.0
84329,6.8,450.0
20,7.2,77.0
157386,6.8,1048.0
13007,7.2,197.0
13518,7.0,3.0
116584,7.0,1.0
46849,7.1,7.0
40428,5.5,6.0
17334,6.1,50.0
1698,6.1,61.0
20764,6.0,40.0
45132,6.6,441.0
76706,5.0,15.0
254472,4.9,63.0
332285,4.8,40.0
49471,7.0,11.0
13569,4.8,21.0
7512,6.3,664.0
356216,4.5,19.0
11798,7.4,363.0
146631,3.1,47.0
43546,7.0,4.0
61038,4.6,5.0
78373,10.0,1.0
17820,6.9,18.0
74457,4.7,6.0
283384,5.6,88.0
19933,6.7,93.0
756,7.2,808.0
433715,0.0,
9728,5.7,254.0
9731,5.1,196.0
9916,6.2,11.0
309425,6.6,48.0
14156,5.7,5.0
43610,5.8,4.0
360339,5.6,19.0
31163,3.5,5.0
297621,5.4,12.0
16205,5.7,59.0
887,7.6,143.0
9517,6.7,125.0
6007,7.0,51.0
364083,0.0,
8329,7.1,934.0
69640,4.5,4.0
371085,0.0,
347548,5.1,36.0
322443,4.1,15.0
657,6.9,760.0
28165,5.3,39.0
11561,7.0,200.0
270303,6.6,1832.0
11624,6.6,215.0
595,8.0,657.0
8810,7.3,957.0
12207,7.2,242.0
226,7.2,353.0
92182,5.2,125.0
582,7.9,958.0
72213,6.8,77.0
990,7.6,240.0
55604,6.5,8.0
9662,7.3,231.0
20862,6.6,24.0
2771,7.1,120.0
80,7.6,718.0
55,7.6,521.0
11023,6.7,339.0
33667,6.8,47.0
39013,6.8,565.0
11194,7.6,138.0
43839,4.8,6.0
1382,7.0,107.0
44639,7.7,286.0
301351,6.3,658.0
4816,7.2,298.0
7873,6.3,197.0
331190,5.6,92.0
15186,4.8,26.0
17994,5.9,58.0
1378,6.3,140.0
8885,7.8,291.0
48382,5.0,2.0
12901,7.2,23.0
250124,6.8,279.0
14284,7.6,31.0
57120,6.5,77.0
12228,6.8,31.0
22617,7.1,19.0
55561,5.6,13.0
42889,4.6,19.0
10656,6.3,86.0
24363,6.1,23.0
13121,5.2,210.0
24746,5.8,36.0
325140,0.0,
12109,7.1,52.0
27023,5.9,18.0
22913,6.3,10.0
273899,5.2,32.0
20653,6.7,3.0
67373,5.0,1.0
171759,5.6,13.0
206296,5.5,143.0
35219,6.4,9.0
28260,5.9,88.0
7515,6.1,96.0
13075,6.3,41.0
335866,6.0,333.0
13510,6.7,406.0
215881,5.4,40.0
18238,5.3,124.0
22600,6.8,16.0
12612,6.9,18.0
50698,6.1,381.0
115210,5.5,92.0
34335,5.2,84.0
459488,0.0,
11302,6.7,165.0
119458,3.5,2.0
20406,5.8,2.0
3766,7.2,102.0
18616,4.4,27.0
18808,5.6,37.0
95755,5.7,50.0
198062,6.7,45.0
188652,6.6,8.0
174311,5.3,36.0
12602,6.3,12.0
153795,5.2,46.0
17768,6.1,24.0
13516,5.9,10.0
98549,3.9,8.0
312793,4.2,35.0
309919,4.4,24.0
299553,4.4,19.0
21309,6.7,59.0
32235,6.7,24.0
329540,5.8,49.0
26388,6.6,827.0
49020,7.4,443.0
159037,7.8,55.0
12838,5.8,12.0
157293,5.6,10.0
14048,7.5,275.0
356987,5.8,27.0
295886,6.9,21.0
38358,5.6,328.0
33511,7.2,244.0
702,7.6,281.0
935,8.0,1442.0
542,6.2,36.0
84175,6.8,403.0
1705,5.5,215.0
62677,5.6,9.0
50875,5.3,14.0
260778,6.7,5.0
58492,6.4,88.0
44562,5.5,12.0
37232,6.8,9.0
4929,6.7,192.0
36334,6.9,17.0
9783,5.3,33.0
386826,0.0,
205126,4.2,22.0
98557,5.0,4.0
104,7.2,664.0
10894,6.3,152.0
246449,4.9,19.0
32579,7.0,28.0
1688,6.1,236.0
1999,6.4,89.0
43947,6.3,519.0
24066,5.5,39.0
9709,6.0,59.0
191714,7.3,221.0
25312,5.9,7.0
34106,7.2,79.0
11426,7.2,133.0
13909,7.1,61.0
206284,6.0,24.0
27455,6.3,3.0
66468,4.3,4.0
7973,6.8,52.0
283686,4.6,55.0
15976,7.6,20.0
592,7.5,372.0
74084,0.0,
1651,6.7,32.0
25428,6.5,2.0
298584,4.4,111.0
10758,6.7,129.0
11690,6.6,363.0
3083,7.9,241.0
9344,6.8,279.0
10707,6.9,226.0
15647,5.9,48.0
308529,4.5,99.0
4174,7.3,160.0
20156,6.5,64.0
9464,7.1,166.0
49018,6.8,1737.0
13820,6.7,144.0
18079,7.4,153.0
127918,6.5,39.0
17113,6.5,43.0
129139,5.5,342.0
507,6.1,111.0
4012,6.8,151.0
14054,6.5,48.0
323271,3.0,1.0
10972,6.2,251.0
13066,5.7,12.0
66025,4.5,3.0
11908,5.7,159.0
3082,8.1,856.0
39541,6.4,9.0
1961,5.9,107.0
51820,3.5,1.0
291362,6.6,8.0
30082,6.0,2.0
72913,6.0,2.0
23963,6.6,183.0
29406,6.8,16.0
361505,10.0,2.0
104755,5.1,242.0
253306,6.5,358.0
29595,6.9,24.0
46729,6.8,6.0
294600,6.0,1.0
137347,6.4,13.0
290370,2.6,9.0
426469,7.4,7.0
356841,4.2,13.0
301325,3.3,52.0
347755,7.5,6.0
408,6.9,1914.0
44413,6.8,10.0
39209,5.4,12.0
48463,5.9,18.0
394047,5.3,6.0
312791,5.2,97.0
266034,6.2,32.0
280381,0.0,
2661,6.1,203.0
100,7.5,1648.0
218500,0.0,
309,7.7,207.0
27845,6.7,51.0
25784,5.0,1.0
52790,6.5,6.0
100275,6.1,30.0
295914,0.0,
42033,2.8,10.0
19187,5.9,18.0
46415,2.3,4.0
38570,3.2,34.0
27588,5.0,66.0
223,7.7,336.0
9725,6.0,315.0
28580,7.4,112.0
23730,5.3,62.0
84197,5.9,10.0
46256,5.8,2.0
19997,6.7,79.0
43266,6.8,72.0
278316,4.1,13.0
1412,6.7,185.0
176,7.2,2184.0
39939,6.6,362.0
357834,0.0,
215924,5.7,17.0
480,6.8,57.0
14295,6.8,88.0
11219,6.9,149.0
20770,6.5,101.0
176124,6.3,24.0
500,8.0,3697.0
60400,6.4,8.0
429,8.1,2311.0
310569,7.8,165.0
98369,5.8,25.0
114065,0.0,
89750,6.8,6.0
49951,0.0,
86331,4.1,140.0
355629,0.0,
16433,6.0,11.0
15544,3.9,44.0
43884,6.8,18.0
107315,4.4,12.0
137955,4.8,12.0
13064,6.1,20.0
59917,6.7,13.0
157422,4.2,26.0
310933,2.0,1.0
7553,6.2,237.0
12877,7.2,151.0
39895,6.8,15.0
102840,5.0,1.0
55616,6.9,8.0
29697,6.0,9.0
50037,5.7,77.0
94329,7.3,1055.0
53502,3.1,6.0
202604,4.4,11.0
289,7.9,1422.0
27374,6.1,90.0
26815,7.0,27.0
811,6.3,177.0
1366,7.5,1791.0
244776,4.1,7.0
5769,6.1,39.0
277685,5.5,1047.0
103,8.0,2535.0
11298,6.4,161.0
646,6.9,940.0
93856,4.9,483.0
9003,6.9,449.0
347126,5.7,72.0
10092,5.6,126.0
10643,5.9,43.0
46705,6.9,890.0
546,6.9,144.0
76487,4.6,262.0
5722,6.6,53.0
39833,5.5,21.0
1781,6.7,251.0
18712,6.2,33.0
7944,7.2,44.0
171424,5.0,349.0
361475,7.5,12.0
113947,6.6,179.0
18570,7.4,217.0
83860,6.8,35.0
41469,6.0,20.0
244772,6.7,292.0
50837,6.7,277.0
248774,6.7,187.0
10183,6.7,99.0
159014,7.4,85.0
32456,5.4,24.0
49963,6.6,7.0
13508,7.2,59.0
22597,6.3,25.0
9707,6.7,191.0
37532,6.7,7.0
26791,7.3,4.0
56666,6.1,7.0
8675,6.2,115.0
13132,5.9,30.0
47686,7.7,10.0
46989,6.7,13.0
192132,6.4,348.0
24424,6.8,27.0
13198,6.7,160.0
244267,7.5,1063.0
21413,5.6,17.0
123678,7.5,210.0
13362,6.6,53.0
39183,4.7,3.0
62402,2.8,3.0
206412,4.0,1.0
201132,7.2,29.0
251471,6.4,55.0
112456,4.7,5.0
20296,3.4,6.0
25983,6.0,197.0
66195,6.2,135.0
16155,6.3,16.0
46727,5.2,7.0
55180,6.0,3.0
29015,5.5,11.0
91122,4.4,5.0
18206,6.2,20.0
320146,5.4,25.0
13856,6.6,32.0
219716,0.0,1.0
43630,4.8,2.0
56491,3.3,9.0
99826,8.0,1.0
186935,6.2,32.0
357441,8.0,1.0
19344,6.4,55.0
242083,4.9,23.0
18869,5.4,8.0
26673,3.5,4.0
41830,6.1,6.0
37694,5.5,3.0
63287,6.1,47.0
335874,4.5,2.0
34592,4.7,31.0
92635,4.8,11.0
258755,7.6,26.0
96534,5.7,3.0
21283,5.0,4.0
272724,3.2,3.0
84178,4.9,78.0
101179,5.7,117.0
52462,5.3,3.0
269057,6.6,8.0
287524,4.0,42.0
206213,3.5,34.0
248402,4.1,7.0
29146,6.6,28.0
207769,5.7,92.0
271185,5.5,155.0
29731,5.0,1.0
292539,7.4,8.0
654,8.0,357.0
91070,5.3,66.0
2009,7.3,156.0
323270,5.0,2.0
2652,6.8,701.0
9813,6.1,73.0
60421,7.4,23.0
157354,7.3,390.0
127867,5.8,160.0
3170,6.8,1405.0
14014,6.5,15.0
15708,6.7,56.0
146882,0.0,
215918,5.0,1.0
84200,5.8,110.0
84184,6.4,163.0
45767,5.2,9.0
14823,6.5,34.0
367551,5.0,62.0
343409,2.0,1.0
60243,7.7,469.0
57294,7.0,1.0
11446,6.9,103.0
47889,5.6,10.0
25461,7.8,13.0
905,7.6,45.0
279759,0.0,
78705,7.8,3.0
25212,6.1,7.0
26899,7.3,23.0
146269,0.0,
292483,3.7,25.0
14451,6.1,311.0
10105,6.6,98.0
211557,5.9,8.0
838,6.9,324.0
40862,8.0,6.0
13158,6.5,35.0
84332,6.8,556.0
74510,7.7,43.0
74725,6.0,210.0
58428,5.4,219.0
8416,7.6,127.0
36584,5.6,5.0
13429,4.5,52.0
9022,5.7,209.0
22530,3.8,4.0
288,7.6,334.0
14275,7.7,87.0
2287,5.9,13.0
18734,6.7,31.0
206197,6.5,31.0
26837,5.5,7.0
7859,6.5,240.0
302579,0.0,
51955,0.0,
376004,5.2,16.0
158752,4.8,87.0
40658,6.2,5.0
296943,0.0,
118612,5.6,63.0
138976,4.8,5.0
323967,5.3,26.0
3080,7.4,59.0
2667,6.3,1055.0
9459,7.1,66.0
11598,6.4,66.0
26916,5.5,2.0
181940,0.0,
125263,6.0,2.0
263503,3.0,1.0
324322,5.0,1.0
331493,0.0,
375950,6.0,63.0
278348,4.8,4.0
704,7.3,168.0
70875,0.0,
75986,4.6,4.0
385636,6.0,1.0
14438,7.0,100.0
211086,4.2,3.0
23069,6.1,35.0
83,5.4,315.0
89857,5.8,22.0
30315,5.7,30.0
14358,7.2,8.0
2056,7.4,210.0
41144,6.2,21.0
35199,7.3,10.0
14271,7.8,17.0
16653,7.5,4.0
14757,6.3,32.0
84401,7.0,2.0
23655,5.6,6.0
36825,4.8,4.0
33430,7.0,11.0
12281,6.9,106.0
125052,4.8,4.0
96238,4.0,3.0
30246,5.3,4.0
7301,6.4,26.0
172533,6.0,356.0
180383,7.1,17.0
346,8.2,878.0
84318,6.9,7.0
45145,4.7,13.0
13983,4.9,8.0
45649,5.7,251.0
19844,4.2,11.0
21801,6.2,9.0
43933,6.2,587.0
73511,4.0,1.0
43653,5.0,1.0
139715,4.5,34.0
45380,6.9,22.0
30867,7.0,8.0
81220,5.0,2.0
253626,5.9,208.0
294550,0.0,
90369,7.3,371.0
117942,3.5,14.0
380097,0.0,
322194,3.4,4.0
98568,6.5,49.0
119657,0.0,
380733,5.2,3.0
285743,6.0,2.0
362765,0.0,
379532,5.5,1.0
253261,5.0,1.0
297100,2.0,1.0
15239,6.3,113.0
94072,4.3,4.0
4107,7.2,53.0
325579,2.4,4.0
15624,6.2,38.0
17287,5.9,41.0
198370,0.0,
3062,6.1,37.0
328307,8.0,1.0
15389,7.0,38.0
464,6.9,42.0
308467,4.2,5.0
8193,6.7,554.0
188166,6.9,462.0
23827,5.9,1316.0
1282,7.2,52.0
762,7.8,1708.0
64499,7.0,7.0
281189,1.0,1.0
1435,7.5,22.0
47546,3.8,5.0
189711,5.0,2.0
19204,6.6,117.0
9029,5.8,923.0
18045,5.5,22.0
11240,6.6,51.0
43743,0.0,
157909,5.6,4.0
10238,7.8,115.0
3059,7.4,60.0
15800,6.3,22.0
65203,5.0,19.0
764,7.3,894.0
103620,6.0,316.0
319069,5.1,8.0
14278,6.9,23.0
25678,4.9,49.0
79161,6.8,6.0
371690,4.7,3.0
389,8.2,2078.0
52032,7.6,9.0
3078,7.7,275.0
38810,6.9,332.0
21525,8.0,26.0
55123,6.2,11.0
11980,6.4,138.0
11956,6.1,16.0
1550,6.4,64.0
162396,0.0,
26518,6.3,36.0
8942,6.4,64.0
68412,4.8,4.0
2786,7.6,127.0
87943,7.3,2.0
73981,5.5,3.0
91721,7.0,2.0
118452,3.0,1.0
47534,5.3,4.0
40914,2.8,6.0
365052,7.0,1.0
13282,5.9,124.0
250184,6.8,3.0
426067,0.0,
324352,0.0,
318040,6.2,11.0
27420,5.0,22.0
80468,5.7,45.0
84188,6.3,221.0
2255,6.7,433.0
50035,6.3,23.0
300327,0.0,
14290,6.5,27.0
29371,5.7,13.0
44490,5.7,16.0
32222,5.0,4.0
378237,0.0,
431,6.9,1069.0
76996,5.8,9.0
51942,7.5,12.0
1424,4.9,11.0
60420,6.4,381.0
325123,3.0,1.0
142132,5.5,2.0
20520,7.0,3.0
109729,4.1,75.0
78307,5.9,6.0
12247,6.9,57.0
29917,6.6,523.0
70687,4.8,3.0
60463,5.5,4.0
46252,0.0,
24869,6.4,101.0
77934,5.7,7.0
34697,5.0,12.0
320435,0.0,
150211,4.2,14.0
306667,5.5,2.0
274758,0.0,
3060,7.0,21.0
40963,10.0,1.0
173224,7.7,3.0
18533,6.9,733.0
376010,0.0,
139948,6.9,6.0
77332,5.2,10.0
70478,4.3,5.0
35073,6.7,41.0
9659,6.6,1213.0
10218,6.8,253.0
391,7.6,883.0
43595,5.1,27.0
194588,0.0,
54897,6.5,10.0
83588,6.6,7.0
53256,6.3,31.0
40920,8.0,2.0
287815,8.0,1.0
54702,4.9,14.0
176074,5.5,2.0
69270,4.6,24.0
5759,5.8,23.0
402515,0.0,
126141,7.7,3.0
48035,7.8,65.0
14758,6.1,34.0
13363,7.7,687.0
37985,6.8,4.0
25786,4.6,9.0
36549,6.0,4.0
361398,0.0,
289180,6.5,4.0
288927,0.0,
21334,7.8,112.0
79120,7.4,163.0
27995,6.1,25.0
253290,0.0,
344466,0.0,
55420,6.8,527.0
5822,4.6,18.0
408429,5.0,1.0
39141,5.5,19.0
5723,7.3,453.0
28666,4.9,4.0
30979,5.5,2.0
50497,5.8,49.0
354624,0.0,
13187,7.5,153.0
335244,0.0,
178862,7.2,11.0
331745,6.8,6.0
1779,7.4,90.0
282128,0.0,
86812,6.3,108.0
38786,0.0,
84355,6.5,137.0
18632,5.9,24.0
40652,7.1,20.0
339408,6.5,178.0
266857,0.0,
18925,6.6,64.0
299245,4.9,361.0
985,7.5,485.0
34101,5.7,19.0
9821,7.1,51.0
65448,4.9,8.0
18841,6.5,30.0
272726,0.0,
175291,6.3,155.0
80215,7.4,203.0
13538,5.2,40.0
51130,7.0,2.0
270554,5.0,1.0
72086,7.3,6.0
268917,5.5,2.0
64973,6.4,4.0
473,7.1,586.0
90414,6.0,1.0
111794,3.7,3.0
360188,3.3,3.0
9372,6.6,506.0
85860,4.5,11.0
244534,5.2,58.0
33468,4.4,32.0
294086,6.4,4.0
139998,6.7,10.0
74777,5.8,121.0
16388,6.3,23.0
159770,6.0,42.0
42109,6.0,2.0
47607,5.6,59.0
193603,5.1,6.0
84659,5.0,1.0
322745,8.3,3.0
20981,6.9,41.0
174362,5.0,1.0
242095,5.8,631.0
250902,5.7,3.0
158895,6.6,4.0
222250,6.8,2.0
18292,6.4,36.0
125537,7.0,1.0
326576,2.0,1.0
228550,3.2,8.0
13963,7.9,64.0
290391,3.5,2.0
44770,6.4,15.0
69382,0.0,
40769,6.1,8.0
220490,0.0,
42151,6.3,26.0
2292,7.4,755.0
42497,6.0,9.0
33693,6.3,8.0
14585,6.8,44.0
185465,5.5,2.0
38780,6.0,131.0
14022,6.4,77.0
366967,0.0,
255266,6.0,1.0
17345,6.8,19.0
226458,4.7,79.0
24055,6.2,15.0
287625,0.0,
44990,5.6,12.0
86304,4.2,13.0
692,6.2,110.0
39851,6.7,17.0
13898,6.6,17.0
157185,2.0,1.0
36095,7.4,63.0
182291,6.0,2.0
286939,0.0,
124606,6.0,1.0
14337,6.9,658.0
67238,7.5,2.0
9367,6.6,238.0
72766,5.9,5.0
231617,7.0,6.0
126186,5.7,7.0
25975,6.3,16.0
