,station_id,year,month,day,rides
0,40010,2019,1,1,576
1,40010,2019,1,2,1457
2,40010,2019,1,3,1543
3,40010,2019,1,4,1621
4,40010,2019,1,5,719
5,40010,2019,1,6,554
6,40010,2019,1,7,1714
7,40010,2019,1,8,1868
8,40010,2019,1,9,1811
9,40010,2019,1,10,1805
10,40010,2019,1,11,1697
11,40010,2019,1,12,679
12,40010,2019,1,13,489
13,40010,2019,1,14,1945
14,40010,2019,1,15,1946
15,40010,2019,1,16,1994
16,40010,2019,1,17,2118
17,40010,2019,1,18,1836
18,40010,2019,1,19,594
19,40010,2019,1,20,458
20,40010,2019,1,21,919
21,40010,2019,1,22,1976
22,40010,2019,1,23,1999
23,40010,2019,1,24,1923
24,40010,2019,1,25,1454
25,40010,2019,1,26,522
26,40010,2019,1,27,394
27,40010,2019,1,28,1798
28,40010,2019,1,29,1573
29,40010,2019,1,30,255
30,40010,2019,1,31,562
31,40010,2019,2,1,1741
32,40010,2019,2,2,642
33,40010,2019,2,3,485
34,40010,2019,2,4,1978
35,40010,2019,2,5,2035
36,40010,2019,2,6,1976
37,40010,2019,2,7,1949
38,40010,2019,2,8,1715
39,40010,2019,2,9,644
40,40010,2019,2,10,501
41,40010,2019,2,11,1916
42,40010,2019,2,12,1905
43,40010,2019,2,13,1937
44,40010,2019,2,14,1996
45,40010,2019,2,15,1717
46,40010,2019,2,16,645
47,40010,2019,2,17,444
48,40010,2019,2,18,1341
49,40010,2019,2,19,1941
50,40010,2019,2,20,1887
51,40010,2019,2,21,2225
52,40010,2019,2,22,1830
53,40010,2019,2,23,662
54,40010,2019,2,24,457
55,40010,2019,2,25,1838
56,40010,2019,2,26,1855
57,40010,2019,2,27,1908
58,40010,2019,2,28,1926
59,40010,2019,3,1,1780
60,40010,2019,3,2,618
61,40010,2019,3,3,492
62,40010,2019,3,4,1704
63,40010,2019,3,5,1838
64,40010,2019,3,6,1876
65,40010,2019,3,7,1905
66,40010,2019,3,8,1712
67,40010,2019,3,9,609
68,40010,2019,3,10,492
69,40010,2019,3,11,1826
70,40010,2019,3,12,2045
71,40010,2019,3,13,1922
72,40010,2019,3,14,1948
73,40010,2019,3,15,1760
74,40010,2019,3,16,896
75,40010,2019,3,17,567
76,40010,2019,3,18,1834
77,40010,2019,3,19,1956
78,40010,2019,3,20,1868
79,40010,2019,3,21,1900
80,40010,2019,3,22,1804
81,40010,2019,3,23,713
82,40010,2019,3,24,509
83,40010,2019,3,25,1681
84,40010,2019,3,26,1669
85,40010,2019,3,27,1726
86,40010,2019,3,28,1778
87,40010,2019,3,29,1589
88,40010,2019,3,30,642
89,40010,2019,3,31,487
90,40010,2019,5,1,1971
91,40010,2019,5,2,1929
92,40010,2019,5,3,1939
93,40010,2019,5,4,798
94,40010,2019,5,5,624
95,40010,2019,5,6,1920
96,40010,2019,5,7,1907
97,40010,2019,5,8,1965
98,40010,2019,5,9,1956
99,40010,2019,5,10,1822
100,40010,2019,5,11,772
101,40010,2019,5,12,563
102,40010,2019,5,13,1813
103,40010,2019,5,14,1947
104,40010,2019,5,15,1979
105,40010,2019,5,16,1943
106,40010,2019,5,17,1761
107,40010,2019,5,18,787
108,40010,2019,5,19,566
109,40010,2019,5,20,1818
110,40010,2019,5,21,1923
111,40010,2019,5,22,1964
112,40010,2019,5,23,2013
113,40010,2019,5,24,1818
114,40010,2019,5,25,865
115,40010,2019,5,26,622
116,40010,2019,5,27,546
117,40010,2019,5,28,1856
118,40010,2019,5,29,1937
119,40010,2019,5,30,1974
120,40010,2019,5,31,1838
121,40010,2019,4,1,1875
122,40010,2019,4,2,1892
123,40010,2019,4,3,2004
124,40010,2019,4,4,1947
125,40010,2019,4,5,1772
126,40010,2019,4,6,798
127,40010,2019,4,7,550
128,40010,2019,4,8,1991
129,40010,2019,4,9,2060
130,40010,2019,4,10,1934
131,40010,2019,4,11,2009
132,40010,2019,4,12,1868
133,40010,2019,4,13,830
134,40010,2019,4,14,429
135,40010,2019,4,15,1833
136,40010,2019,4,16,1953
137,40010,2019,4,17,1927
138,40010,2019,4,18,1847
139,40010,2019,4,19,1532
140,40010,2019,4,20,735
141,40010,2019,4,21,543
142,40010,2019,4,22,1845
143,40010,2019,4,23,1969
144,40010,2019,4,24,1996
145,40010,2019,4,25,2070
146,40010,2019,4,26,1851
147,40010,2019,4,27,620
148,40010,2019,4,28,550
149,40010,2019,4,29,1714
150,40010,2019,4,30,1914
151,40010,2019,6,1,771
152,40010,2019,6,2,623
153,40010,2019,6,3,1867
154,40010,2019,6,4,1954
155,40010,2019,6,5,1949
156,40010,2019,6,6,1922
157,40010,2019,6,7,1805
158,40010,2019,6,8,896
159,40010,2019,6,9,626
160,40010,2019,6,10,1830
161,40010,2019,6,11,2002
162,40010,2019,6,12,1872
163,40010,2019,6,13,1866
164,40010,2019,6,14,1894
165,40010,2019,6,15,823
166,40010,2019,6,16,630
167,40010,2019,6,17,1749
168,40010,2019,6,18,1961
169,40010,2019,6,19,1919
170,40010,2019,6,20,1892
171,40010,2019,6,21,1804
172,40010,2019,6,22,878
173,40010,2019,6,23,669
174,40010,2019,6,24,1811
175,40010,2019,6,25,2027
176,40010,2019,6,26,2094
177,40010,2019,6,27,1952
178,40010,2019,6,28,1826
179,40010,2019,6,29,912
180,40010,2019,6,30,899
181,40010,2019,7,1,1870
182,40010,2019,7,2,1887
183,40010,2019,7,3,1815
184,40010,2019,7,4,770
185,40010,2019,7,5,1244
186,40010,2019,7,6,783
187,40010,2019,7,7,657
188,40010,2019,7,8,1844
189,40010,2019,7,9,1980
190,40010,2019,7,10,1916
191,40010,2019,7,11,1986
192,40010,2019,7,12,1907
193,40010,2019,7,13,1091
194,40010,2019,7,14,803
195,40010,2019,7,15,1835
196,40010,2019,7,16,1889
197,40010,2019,7,17,1888
198,40010,2019,7,18,1788
199,40010,2019,7,19,1712
200,40010,2019,7,20,778
201,40010,2019,7,21,617
202,40010,2019,7,22,2087
203,40010,2019,7,23,1891
204,40010,2019,7,24,1879
205,40010,2019,7,25,1885
206,40010,2019,7,26,1777
207,40010,2019,7,27,959
208,40010,2019,7,28,680
209,40010,2019,7,29,1648
210,40010,2019,7,30,1895
211,40010,2019,7,31,1866
212,40010,2019,8,1,1950
213,40010,2019,8,2,1909
214,40010,2019,8,3,971
215,40010,2019,8,4,816
216,40010,2019,8,5,1710
217,40010,2019,8,6,1839
218,40010,2019,8,7,1893
219,40010,2019,8,8,1871
220,40010,2019,8,9,1734
221,40010,2019,8,10,823
222,40010,2019,8,11,638
223,40010,2019,8,12,1707
224,40010,2019,8,13,1788
225,40010,2019,8,14,1825
226,40010,2019,8,15,1825
227,40010,2019,8,16,1773
228,40010,2019,8,17,794
229,40010,2019,8,18,562
230,40010,2019,8,19,1738
231,40010,2019,8,20,1724
232,40010,2019,8,21,1794
233,40010,2019,8,22,1878
234,40010,2019,8,23,1761
235,40010,2019,8,24,891
236,40010,2019,8,25,720
237,40010,2019,8,26,1811
238,40010,2019,8,27,2033
239,40010,2019,8,28,2041
240,40010,2019,8,29,2082
241,40010,2019,8,30,1887
242,40010,2019,8,31,829
243,40010,2019,9,1,675
244,40010,2019,9,2,654
245,40010,2019,9,3,1982
246,40010,2019,9,4,2058
247,40010,2019,9,5,2108
248,40010,2019,9,6,1981
249,40010,2019,9,7,861
250,40010,2019,9,8,651
251,40010,2019,9,9,2009
252,40010,2019,9,10,2120
253,40010,2019,9,11,2065
254,40010,2019,9,12,2048
255,40010,2019,9,13,1909
256,40010,2019,9,14,814
257,40010,2019,9,15,580
258,40010,2019,9,16,2052
259,40010,2019,9,17,2139
260,40010,2019,9,18,2178
261,40010,2019,9,19,2162
262,40010,2019,9,20,1990
263,40010,2019,9,21,872
264,40010,2019,9,22,520
265,40010,2019,9,23,1997
266,40010,2019,9,24,2126
267,40010,2019,9,25,2060
268,40010,2019,9,26,2140
269,40010,2019,9,27,1835
270,40010,2019,9,28,802
271,40010,2019,9,29,592
272,40010,2019,9,30,2006
273,40010,2019,10,1,2142
274,40010,2019,10,2,2022
275,40010,2019,10,3,2086
276,40010,2019,10,4,1965
277,40010,2019,10,5,872
278,40010,2019,10,6,684
279,40010,2019,10,7,2066
280,40010,2019,10,8,2073
281,40010,2019,10,9,2048
282,40010,2019,10,10,2093
283,40010,2019,10,11,1909
284,40010,2019,10,12,835
285,40010,2019,10,13,790
286,40010,2019,10,14,1730
287,40010,2019,10,15,2063
288,40010,2019,10,16,2085
289,40010,2019,10,17,1997
290,40010,2019,10,18,1925
291,40010,2019,10,19,897
292,40010,2019,10,20,702
293,40010,2019,10,21,1915
294,40010,2019,10,22,2050
295,40010,2019,10,23,2054
296,40010,2019,10,24,2021
297,40010,2019,10,25,1833
298,40010,2019,10,26,751
299,40010,2019,10,27,596
300,40010,2019,10,28,2043
301,40010,2019,10,29,2050
302,40010,2019,10,30,1874
303,40010,2019,10,31,1731
304,40010,2019,11,1,1735
305,40010,2019,11,2,689
306,40010,2019,11,3,555
307,40010,2019,11,4,1958
308,40010,2019,11,5,1989
309,40010,2019,11,6,2000
310,40010,2019,11,7,1986
311,40010,2019,11,8,1792
312,40010,2019,11,9,669
313,40010,2019,11,10,532
314,40010,2019,11,11,1569
315,40010,2019,11,12,1847
316,40010,2019,11,13,1791
317,40010,2019,11,14,1858
318,40010,2019,11,15,1771
319,40010,2019,11,16,699
320,40010,2019,11,17,511
321,40010,2019,11,18,1826
322,40010,2019,11,19,1910
323,40010,2019,11,20,1983
324,40010,2019,11,21,1896
325,40010,2019,11,22,1878
326,40010,2019,11,23,814
327,40010,2019,11,24,567
328,40010,2019,11,25,1892
329,40010,2019,11,26,1901
330,40010,2019,11,27,1414
331,40010,2019,11,28,508
332,40010,2019,11,29,863
333,40010,2019,11,30,639
334,40010,2019,12,1,505
335,40010,2019,12,2,1902
336,40010,2019,12,3,1924
337,40010,2019,12,4,1891
338,40010,2019,12,5,1876
339,40010,2019,12,6,1821
340,40010,2019,12,7,684
341,40010,2019,12,8,504
342,40010,2019,12,9,1784
343,40010,2019,12,10,1734
344,40010,2019,12,11,1732
345,40010,2019,12,12,1805
346,40010,2019,12,13,1796
347,40010,2019,12,14,813
348,40010,2019,12,15,529
349,40010,2019,12,16,1578
350,40010,2019,12,17,1728
351,40010,2019,12,18,1655
352,40010,2019,12,19,1622
353,40010,2019,12,20,1559
354,40010,2019,12,21,734
355,40010,2019,12,22,546
356,40010,2019,12,23,1319
357,40010,2019,12,24,797
358,40010,2019,12,25,371
359,40010,2019,12,26,1057
360,40010,2019,12,27,1141
361,40010,2019,12,28,592
362,40010,2019,12,29,492
363,40010,2019,12,30,1112
364,40010,2019,12,31,998
365,40080,2019,1,1,1839
366,40080,2019,1,2,3879
367,40080,2019,1,3,4217
368,40080,2019,1,4,4422
369,40080,2019,1,5,2714
370,40080,2019,1,6,2002
371,40080,2019,1,7,4596
372,40080,2019,1,8,4962
373,40080,2019,1,9,4830
374,40080,2019,1,10,4899
375,40080,2019,1,11,4753
376,40080,2019,1,12,2663
377,40080,2019,1,13,1968
378,40080,2019,1,14,4846
379,40080,2019,1,15,4754
380,40080,2019,1,16,4951
381,40080,2019,1,17,4923
382,40080,2019,1,18,4780
383,40080,2019,1,19,2481
384,40080,2019,1,20,1735
385,40080,2019,1,21,2908
386,40080,2019,1,22,4769
387,40080,2019,1,23,5016
388,40080,2019,1,24,4909
389,40080,2019,1,25,4095
390,40080,2019,1,26,2532
391,40080,2019,1,27,1761
392,40080,2019,1,28,4941
393,40080,2019,1,29,4112
394,40080,2019,1,30,537
395,40080,2019,1,31,1629
396,40080,2019,2,1,4663
397,40080,2019,2,2,2855
398,40080,2019,2,3,2012
399,40080,2019,2,4,4832
400,40080,2019,2,5,4974
401,40080,2019,2,6,4976
402,40080,2019,2,7,5083
403,40080,2019,2,8,4494
404,40080,2019,2,9,2722
405,40080,2019,2,10,1866
406,40080,2019,2,11,4755
407,40080,2019,2,12,4963
408,40080,2019,2,13,4973
409,40080,2019,2,14,5117
410,40080,2019,2,15,4745
411,40080,2019,2,16,2765
412,40080,2019,2,17,1973
413,40080,2019,2,18,3733
414,40080,2019,2,19,4912
415,40080,2019,2,20,4946
416,40080,2019,2,21,5005
417,40080,2019,2,22,4829
418,40080,2019,2,23,2625
419,40080,2019,2,24,1832
420,40080,2019,2,25,4626
421,40080,2019,2,26,4899
422,40080,2019,2,27,4875
423,40080,2019,2,28,4953
424,40080,2019,3,1,4619
425,40080,2019,3,2,2744
426,40080,2019,3,3,1903
427,40080,2019,3,4,4226
428,40080,2019,3,5,4645
429,40080,2019,3,6,4704
430,40080,2019,3,7,4800
431,40080,2019,3,8,4721
432,40080,2019,3,9,2995
433,40080,2019,3,10,2254
434,40080,2019,3,11,4946
435,40080,2019,3,12,5168
436,40080,2019,3,13,5073
437,40080,2019,3,14,5182
438,40080,2019,3,15,5160
439,40080,2019,3,16,4820
440,40080,2019,3,17,2570
441,40080,2019,3,18,4979
442,40080,2019,3,19,5188
443,40080,2019,3,20,4943
444,40080,2019,3,21,5099
445,40080,2019,3,22,4903
446,40080,2019,3,23,3139
447,40080,2019,3,24,2205
448,40080,2019,3,25,4694
449,40080,2019,3,26,4834
450,40080,2019,3,27,4756
451,40080,2019,3,28,4879
452,40080,2019,3,29,4769
453,40080,2019,3,30,2999
454,40080,2019,3,31,2462
455,40080,2019,4,1,4979
456,40080,2019,4,2,5026
457,40080,2019,4,3,5109
458,40080,2019,4,4,4979
459,40080,2019,4,5,4681
460,40080,2019,4,6,3070
461,40080,2019,4,7,2074
462,40080,2019,4,8,5135
463,40080,2019,4,9,4927
464,40080,2019,4,10,4782
465,40080,2019,4,11,4966
466,40080,2019,4,12,4791
467,40080,2019,4,13,3152
468,40080,2019,4,14,1551
469,40080,2019,4,15,4470
470,40080,2019,4,16,4612
471,40080,2019,4,17,4707
472,40080,2019,4,18,4590
473,40080,2019,4,19,4138
474,40080,2019,4,20,2850
475,40080,2019,4,21,2016
476,40080,2019,4,22,4418
477,40080,2019,4,23,4931
478,40080,2019,4,24,5094
479,40080,2019,4,25,5302
480,40080,2019,4,26,4777
481,40080,2019,4,27,2514
482,40080,2019,4,28,2141
483,40080,2019,4,29,4357
484,40080,2019,4,30,4675
485,40080,2019,5,1,4767
486,40080,2019,5,2,4818
487,40080,2019,5,3,5093
488,40080,2019,5,4,3272
489,40080,2019,5,5,2372
490,40080,2019,5,6,4944
491,40080,2019,5,7,5064
492,40080,2019,5,8,5003
493,40080,2019,5,9,4997
494,40080,2019,5,10,5126
495,40080,2019,5,11,2890
496,40080,2019,5,12,2016
497,40080,2019,5,13,4657
498,40080,2019,5,14,4788
499,40080,2019,5,15,4840
500,40080,2019,5,16,4838
501,40080,2019,5,17,4676
502,40080,2019,5,18,2965
503,40080,2019,5,19,2186
504,40080,2019,5,20,4819
505,40080,2019,5,21,4893
506,40080,2019,5,22,5244
507,40080,2019,5,23,5259
508,40080,2019,5,24,4739
509,40080,2019,5,25,3153
510,40080,2019,5,26,2624
511,40080,2019,5,27,1669
512,40080,2019,5,28,4638
513,40080,2019,5,29,4829
514,40080,2019,5,30,4895
515,40080,2019,5,31,4800
516,40080,2019,6,1,2924
517,40080,2019,6,2,2319
518,40080,2019,6,3,4823
519,40080,2019,6,4,5071
520,40080,2019,6,5,5152
521,40080,2019,6,6,5276
522,40080,2019,6,7,5209
523,40080,2019,6,8,3760
524,40080,2019,6,9,2688
525,40080,2019,6,10,4731
526,40080,2019,6,11,4922
527,40080,2019,6,12,4605
528,40080,2019,6,13,5024
529,40080,2019,6,14,5088
530,40080,2019,6,15,3287
531,40080,2019,6,16,2239
532,40080,2019,6,17,4525
533,40080,2019,6,18,5247
534,40080,2019,6,19,4834
535,40080,2019,6,20,5019
536,40080,2019,6,21,5184
537,40080,2019,6,22,3999
538,40080,2019,6,23,2783
539,40080,2019,6,24,4644
540,40080,2019,6,25,5089
541,40080,2019,6,26,4927
542,40080,2019,6,27,5172
543,40080,2019,6,28,4619
544,40080,2019,6,29,3315
545,40080,2019,6,30,8936
546,40080,2019,7,1,4366
547,40080,2019,7,2,4543
548,40080,2019,7,3,4557
549,40080,2019,7,4,2376
550,40080,2019,7,5,3122
551,40080,2019,7,6,2682
552,40080,2019,7,7,2109
553,40080,2019,7,8,4388
554,40080,2019,7,9,4613
555,40080,2019,7,10,4585
556,40080,2019,7,11,4764
557,40080,2019,7,12,4969
558,40080,2019,7,13,3519
559,40080,2019,7,14,2711
560,40080,2019,7,15,4698
561,40080,2019,7,16,4960
562,40080,2019,7,17,4870
563,40080,2019,7,18,4466
564,40080,2019,7,19,4562
565,40080,2019,7,20,3071
566,40080,2019,7,21,2603
567,40080,2019,7,22,4622
568,40080,2019,7,23,4578
569,40080,2019,7,24,4681
570,40080,2019,7,25,4570
571,40080,2019,7,26,4512
572,40080,2019,7,27,3002
573,40080,2019,7,28,2319
574,40080,2019,7,29,4258
575,40080,2019,7,30,4596
576,40080,2019,7,31,4635
577,40080,2019,8,1,5082
578,40080,2019,8,2,5435
579,40080,2019,8,3,3904
580,40080,2019,8,4,3015
581,40080,2019,8,5,4835
582,40080,2019,8,6,4972
583,40080,2019,8,7,5051
584,40080,2019,8,8,4624
585,40080,2019,8,9,4706
586,40080,2019,8,10,3275
587,40080,2019,8,11,2401
588,40080,2019,8,12,4205
589,40080,2019,8,13,4466
590,40080,2019,8,14,4523
591,40080,2019,8,15,4594
592,40080,2019,8,16,4397
593,40080,2019,8,17,3165
594,40080,2019,8,18,2251
595,40080,2019,8,19,4368
596,40080,2019,8,20,4652
597,40080,2019,8,21,4799
598,40080,2019,8,22,4974
599,40080,2019,8,23,4772
600,40080,2019,8,24,3443
601,40080,2019,8,25,2671
602,40080,2019,8,26,4389
603,40080,2019,8,27,4742
604,40080,2019,8,28,4701
605,40080,2019,8,29,4800
606,40080,2019,8,30,4583
607,40080,2019,8,31,3114
608,40080,2019,9,1,2693
609,40080,2019,9,2,2349
610,40080,2019,9,3,4864
611,40080,2019,9,4,4979
612,40080,2019,9,5,5235
613,40080,2019,9,6,4852
614,40080,2019,9,7,3081
615,40080,2019,9,8,2283
616,40080,2019,9,9,4931
617,40080,2019,9,10,5015
618,40080,2019,9,11,5210
619,40080,2019,9,12,5376
620,40080,2019,9,13,5358
621,40080,2019,9,14,3927
622,40080,2019,9,15,2726
623,40080,2019,9,16,5231
624,40080,2019,9,17,5379
625,40080,2019,9,18,5504
626,40080,2019,9,19,5608
627,40080,2019,9,20,5446
628,40080,2019,9,21,3566
629,40080,2019,9,22,2337
630,40080,2019,9,23,5244
631,40080,2019,9,24,5239
632,40080,2019,9,25,5345
633,40080,2019,9,26,5264
634,40080,2019,9,27,4660
635,40080,2019,9,28,3198
636,40080,2019,9,29,2343
637,40080,2019,9,30,4973
638,40080,2019,10,1,5215
639,40080,2019,10,2,5243
640,40080,2019,10,3,5396
641,40080,2019,10,4,4960
642,40080,2019,10,5,3053
643,40080,2019,10,6,2258
644,40080,2019,10,7,5012
645,40080,2019,10,8,5307
646,40080,2019,10,9,5181
647,40080,2019,10,10,5369
648,40080,2019,10,11,4873
649,40080,2019,10,12,3450
650,40080,2019,10,13,4756
651,40080,2019,10,14,4638
652,40080,2019,10,15,5222
653,40080,2019,10,16,5106
654,40080,2019,10,17,5266
655,40080,2019,10,18,5180
656,40080,2019,10,19,3512
657,40080,2019,10,20,2504
658,40080,2019,10,21,4812
659,40080,2019,10,22,5219
660,40080,2019,10,23,5316
661,40080,2019,10,24,5062
662,40080,2019,10,25,4993
663,40080,2019,10,26,2777
664,40080,2019,10,27,2575
665,40080,2019,10,28,4928
666,40080,2019,10,29,5150
667,40080,2019,10,30,4894
668,40080,2019,10,31,4819
669,40080,2019,11,1,4937
670,40080,2019,11,2,3020
671,40080,2019,11,3,2441
672,40080,2019,11,4,5017
673,40080,2019,11,5,5199
674,40080,2019,11,6,5101
675,40080,2019,11,7,5186
676,40080,2019,11,8,4668
677,40080,2019,11,9,3180
678,40080,2019,11,10,2161
679,40080,2019,11,11,4291
680,40080,2019,11,12,4886
681,40080,2019,11,13,4894
682,40080,2019,11,14,5170
683,40080,2019,11,15,4949
684,40080,2019,11,16,3210
685,40080,2019,11,17,2031
686,40080,2019,11,18,4863
687,40080,2019,11,19,4979
688,40080,2019,11,20,5101
689,40080,2019,11,21,5187
690,40080,2019,11,22,5007
691,40080,2019,11,23,3485
692,40080,2019,11,24,2147
693,40080,2019,11,25,4696
694,40080,2019,11,26,4561
695,40080,2019,11,27,3484
696,40080,2019,11,28,1193
697,40080,2019,11,29,2099
698,40080,2019,11,30,1885
699,40080,2019,12,1,1568
700,40080,2019,12,2,4527
701,40080,2019,12,3,4909
702,40080,2019,12,4,4886
703,40080,2019,12,5,5004
704,40080,2019,12,6,4923
705,40080,2019,12,7,3119
706,40080,2019,12,8,2160
707,40080,2019,12,9,4577
708,40080,2019,12,10,4624
709,40080,2019,12,11,4729
710,40080,2019,12,12,4897
711,40080,2019,12,13,4717
712,40080,2019,12,14,2822
713,40080,2019,12,15,1842
714,40080,2019,12,16,4405
715,40080,2019,12,17,4642
716,40080,2019,12,18,4317
717,40080,2019,12,19,4493
718,40080,2019,12,20,4175
719,40080,2019,12,21,2555
720,40080,2019,12,22,1833
721,40080,2019,12,23,2774
722,40080,2019,12,24,1800
723,40080,2019,12,25,753
724,40080,2019,12,26,2065
725,40080,2019,12,27,2518
726,40080,2019,12,28,1956
727,40080,2019,12,29,1695
728,40080,2019,12,30,3044
729,40080,2019,12,31,3125
730,40770,2019,1,1,2724
731,40770,2019,1,2,2434
732,40770,2019,1,3,2654
733,40770,2019,1,4,2777
734,40770,2019,1,5,1981
735,40770,2019,1,6,1445
736,40770,2019,1,7,2720
737,40770,2019,1,8,3032
738,40770,2019,1,9,2933
739,40770,2019,1,10,2960
740,40770,2019,1,11,2998
741,40770,2019,1,12,1996
742,40770,2019,1,13,1410
743,40770,2019,1,14,2910
744,40770,2019,1,15,3074
745,40770,2019,1,16,3119
746,40770,2019,1,17,3040
747,40770,2019,1,18,2990
748,40770,2019,1,19,2252
749,40770,2019,1,20,1543
750,40770,2019,1,21,1868
751,40770,2019,1,22,2971
752,40770,2019,1,23,3052
753,40770,2019,1,24,2874
754,40770,2019,1,25,2565
755,40770,2019,1,26,2165
756,40770,2019,1,27,1353
757,40770,2019,1,28,2800
758,40770,2019,1,29,2469
759,40770,2019,1,30,490
760,40770,2019,1,31,1333
761,40770,2019,2,1,2819
762,40770,2019,2,2,2094
763,40770,2019,2,3,1467
764,40770,2019,2,4,2922
765,40770,2019,2,5,3627
766,40770,2019,2,6,3139
767,40770,2019,2,7,3011
768,40770,2019,2,8,3059
769,40770,2019,2,9,2603
770,40770,2019,2,10,1452
771,40770,2019,2,11,2942
772,40770,2019,2,12,2990
773,40770,2019,2,13,3049
774,40770,2019,2,14,3086
775,40770,2019,2,15,2929
776,40770,2019,2,16,2429
777,40770,2019,2,17,1624
778,40770,2019,2,18,2256
779,40770,2019,2,19,3086
780,40770,2019,2,20,3043
781,40770,2019,2,21,3143
782,40770,2019,2,22,3389
783,40770,2019,2,23,1865
784,40770,2019,2,24,1430
785,40770,2019,2,25,2828
786,40770,2019,2,26,2957
787,40770,2019,2,27,2964
788,40770,2019,2,28,2966
789,40770,2019,3,1,3080
790,40770,2019,3,2,2218
791,40770,2019,3,3,1754
792,40770,2019,3,4,2591
793,40770,2019,3,5,2887
794,40770,2019,3,6,3664
795,40770,2019,3,7,2893
796,40770,2019,3,8,3107
797,40770,2019,3,9,2335
798,40770,2019,3,10,1466
799,40770,2019,3,11,2835
800,40770,2019,3,12,3302
801,40770,2019,3,13,2958
802,40770,2019,3,14,2969
803,40770,2019,3,15,2911
804,40770,2019,3,16,2581
805,40770,2019,3,17,1795
806,40770,2019,3,18,2778
807,40770,2019,3,19,3330
808,40770,2019,3,20,3242
809,40770,2019,3,21,2928
810,40770,2019,3,22,3242
811,40770,2019,3,23,2152
812,40770,2019,3,24,1593
813,40770,2019,3,25,2838
814,40770,2019,3,26,2957
815,40770,2019,3,27,2842
816,40770,2019,3,28,2874
817,40770,2019,3,29,2925
818,40770,2019,3,30,2058
819,40770,2019,3,31,1617
820,40770,2019,4,1,2925
821,40770,2019,4,2,3015
822,40770,2019,4,3,3039
823,40770,2019,4,4,2939
824,40770,2019,4,5,2973
825,40770,2019,4,6,2282
826,40770,2019,4,7,1637
827,40770,2019,4,8,2883
828,40770,2019,4,9,2968
829,40770,2019,4,10,2953
830,40770,2019,4,11,3041
831,40770,2019,4,12,3076
832,40770,2019,4,13,2423
833,40770,2019,4,14,1291
834,40770,2019,4,15,2832
835,40770,2019,4,16,2872
836,40770,2019,4,17,2787
837,40770,2019,4,18,2841
838,40770,2019,4,19,2689
839,40770,2019,4,20,2016
840,40770,2019,4,21,1527
841,40770,2019,4,22,2779
842,40770,2019,4,23,3028
843,40770,2019,4,24,3012
844,40770,2019,4,25,3012
845,40770,2019,4,26,2991
846,40770,2019,4,27,2107
847,40770,2019,4,28,2018
848,40770,2019,4,29,2766
849,40770,2019,4,30,2922
850,40770,2019,5,1,3051
851,40770,2019,5,2,3809
852,40770,2019,5,3,3516
853,40770,2019,5,4,2882
854,40770,2019,5,5,1758
855,40770,2019,5,6,3081
856,40770,2019,5,7,3256
857,40770,2019,5,8,3076
858,40770,2019,5,9,2997
859,40770,2019,5,10,3045
860,40770,2019,5,11,2144
861,40770,2019,5,12,1322
862,40770,2019,5,13,2860
863,40770,2019,5,14,3009
864,40770,2019,5,15,3355
865,40770,2019,5,16,2987
866,40770,2019,5,17,2972
867,40770,2019,5,18,2477
868,40770,2019,5,19,1786
869,40770,2019,5,20,3048
870,40770,2019,5,21,2975
871,40770,2019,5,22,3093
872,40770,2019,5,23,3167
873,40770,2019,5,24,2896
874,40770,2019,5,25,2290
875,40770,2019,5,26,1747
876,40770,2019,5,27,1333
877,40770,2019,5,28,3704
878,40770,2019,5,29,2995
879,40770,2019,5,30,3305
880,40770,2019,5,31,3105
881,40770,2019,6,1,2685
882,40770,2019,6,2,1683
883,40770,2019,6,3,2879
884,40770,2019,6,4,3018
885,40770,2019,6,5,3072
886,40770,2019,6,6,3102
887,40770,2019,6,7,3057
888,40770,2019,6,8,2684
889,40770,2019,6,9,1717
890,40770,2019,6,10,2898
891,40770,2019,6,11,3274
892,40770,2019,6,12,2956
893,40770,2019,6,13,3089
894,40770,2019,6,14,3096
895,40770,2019,6,15,2461
896,40770,2019,6,16,1638
897,40770,2019,6,17,2919
898,40770,2019,6,18,3069
899,40770,2019,6,19,2976
900,40770,2019,6,20,2962
901,40770,2019,6,21,2971
902,40770,2019,6,22,2343
903,40770,2019,6,23,1711
904,40770,2019,6,24,2857
905,40770,2019,6,25,3030
906,40770,2019,6,26,3043
907,40770,2019,6,27,2901
908,40770,2019,6,28,2862
909,40770,2019,6,29,2237
910,40770,2019,6,30,2465
911,40770,2019,7,1,2859
912,40770,2019,7,2,2969
913,40770,2019,7,3,3022
914,40770,2019,7,4,2568
915,40770,2019,7,5,2894
916,40770,2019,7,6,2729
917,40770,2019,7,7,1555
918,40770,2019,7,8,2822
919,40770,2019,7,9,2945
920,40770,2019,7,10,2941
921,40770,2019,7,11,3040
922,40770,2019,7,12,2989
923,40770,2019,7,13,2200
924,40770,2019,7,14,1633
925,40770,2019,7,15,2757
926,40770,2019,7,16,2947
927,40770,2019,7,17,2966
928,40770,2019,7,18,2782
929,40770,2019,7,19,2812
930,40770,2019,7,20,2028
931,40770,2019,7,21,1587
932,40770,2019,7,22,2832
933,40770,2019,7,23,3077
934,40770,2019,7,24,3353
935,40770,2019,7,25,3000
936,40770,2019,7,26,2782
937,40770,2019,7,27,2132
938,40770,2019,7,28,1509
939,40770,2019,7,29,2650
940,40770,2019,7,30,2791
941,40770,2019,7,31,2868
942,40770,2019,8,1,2991
943,40770,2019,8,2,2958
944,40770,2019,8,3,2429
945,40770,2019,8,4,1869
946,40770,2019,8,5,2830
947,40770,2019,8,6,2876
948,40770,2019,8,7,2867
949,40770,2019,8,8,3158
950,40770,2019,8,9,3090
951,40770,2019,8,10,2441
952,40770,2019,8,11,2441
953,40770,2019,8,12,2929
954,40770,2019,8,13,2809
955,40770,2019,8,14,3169
956,40770,2019,8,15,2787
957,40770,2019,8,16,3088
958,40770,2019,8,17,2063
959,40770,2019,8,18,1546
960,40770,2019,8,19,2612
961,40770,2019,8,20,2685
962,40770,2019,8,21,2789
963,40770,2019,8,22,2766
964,40770,2019,8,23,3001
965,40770,2019,8,24,3081
966,40770,2019,8,25,1739
967,40770,2019,8,26,2756
968,40770,2019,8,27,2901
969,40770,2019,8,28,2862
970,40770,2019,8,29,2851
971,40770,2019,8,30,2906
972,40770,2019,8,31,2166
973,40770,2019,9,1,1730
974,40770,2019,9,2,1602
975,40770,2019,9,3,2952
976,40770,2019,9,4,2956
977,40770,2019,9,5,3037
978,40770,2019,9,6,3018
979,40770,2019,9,7,2137
980,40770,2019,9,8,1533
981,40770,2019,9,9,2866
982,40770,2019,9,10,3108
983,40770,2019,9,11,2956
984,40770,2019,9,12,3020
985,40770,2019,9,13,4087
986,40770,2019,9,14,2450
987,40770,2019,9,15,2283
988,40770,2019,9,16,3099
989,40770,2019,9,17,3293
990,40770,2019,9,18,3338
991,40770,2019,9,19,3156
992,40770,2019,9,20,3732
993,40770,2019,9,21,2697
994,40770,2019,9,22,2087
995,40770,2019,9,23,3562
996,40770,2019,9,24,3087
997,40770,2019,9,25,3219
998,40770,2019,9,26,2965
999,40770,2019,9,27,4047
1000,40770,2019,9,28,3278
1001,40770,2019,9,29,2544
1002,40770,2019,9,30,3170
1003,40770,2019,10,1,3064
1004,40770,2019,10,2,3022
1005,40770,2019,10,3,3070
1006,40770,2019,10,4,3064
1007,40770,2019,10,5,2650
1008,40770,2019,10,6,1642
1009,40770,2019,10,7,3009
1010,40770,2019,10,8,2975
1011,40770,2019,10,9,2945
1012,40770,2019,10,10,3009
1013,40770,2019,10,11,2986
1014,40770,2019,10,12,2743
1015,40770,2019,10,13,2516
1016,40770,2019,10,14,2655
1017,40770,2019,10,15,2982
1018,40770,2019,10,16,3057
1019,40770,2019,10,17,3027
1020,40770,2019,10,18,3618
1021,40770,2019,10,19,2905
1022,40770,2019,10,20,2000
1023,40770,2019,10,21,2885
1024,40770,2019,10,22,3299
1025,40770,2019,10,23,3146
1026,40770,2019,10,24,2917
1027,40770,2019,10,25,3252
1028,40770,2019,10,26,2418
1029,40770,2019,10,27,1779
1030,40770,2019,10,28,2844
1031,40770,2019,10,29,2813
1032,40770,2019,10,30,2811
1033,40770,2019,10,31,2757
1034,40770,2019,11,1,3622
1035,40770,2019,11,2,2942
1036,40770,2019,11,3,1840
1037,40770,2019,11,4,2884
1038,40770,2019,11,5,2998
1039,40770,2019,11,6,2994
1040,40770,2019,11,7,2977
1041,40770,2019,11,8,3589
1042,40770,2019,11,9,2400
1043,40770,2019,11,10,1826
1044,40770,2019,11,11,2621
1045,40770,2019,11,12,2968
1046,40770,2019,11,13,2826
1047,40770,2019,11,14,3146
1048,40770,2019,11,15,3458
1049,40770,2019,11,16,2858
1050,40770,2019,11,17,1834
1051,40770,2019,11,18,2963
1052,40770,2019,11,19,2979
1053,40770,2019,11,20,2883
1054,40770,2019,11,21,3336
1055,40770,2019,11,22,3251
1056,40770,2019,11,23,2564
1057,40770,2019,11,24,1959
1058,40770,2019,11,25,2808
1059,40770,2019,11,26,2901
1060,40770,2019,11,27,2723
1061,40770,2019,11,28,1017
1062,40770,2019,11,29,2007
1063,40770,2019,11,30,2183
1064,40770,2019,12,1,1708
1065,40770,2019,12,2,2743
1066,40770,2019,12,3,2904
1067,40770,2019,12,4,3060
1068,40770,2019,12,5,2870
1069,40770,2019,12,6,3725
1070,40770,2019,12,7,2232
1071,40770,2019,12,8,1621
1072,40770,2019,12,9,2687
1073,40770,2019,12,10,2878
1074,40770,2019,12,11,3305
1075,40770,2019,12,12,3704
1076,40770,2019,12,13,3415
1077,40770,2019,12,14,2026
1078,40770,2019,12,15,1160
1079,40770,2019,12,16,2490
1080,40770,2019,12,17,2726
1081,40770,2019,12,18,2484
1082,40770,2019,12,19,2581
1083,40770,2019,12,20,2609
1084,40770,2019,12,21,2144
1085,40770,2019,12,22,1588
1086,40770,2019,12,23,2047
1087,40770,2019,12,24,1485
1088,40770,2019,12,25,747
1089,40770,2019,12,26,1620
1090,40770,2019,12,27,1981
1091,40770,2019,12,28,1805
1092,40770,2019,12,29,1438
1093,40770,2019,12,30,2017
1094,40770,2019,12,31,2712
1095,40120,2019,1,1,754
1096,40120,2019,1,2,2166
1097,40120,2019,1,3,2416
1098,40120,2019,1,4,2554
1099,40120,2019,1,5,1328
1100,40120,2019,1,6,950
1101,40120,2019,1,7,2641
1102,40120,2019,1,8,2822
1103,40120,2019,1,9,2727
1104,40120,2019,1,10,2777
1105,40120,2019,1,11,2716
1106,40120,2019,1,12,1106
1107,40120,2019,1,13,774
1108,40120,2019,1,14,2925
1109,40120,2019,1,15,3064
1110,40120,2019,1,16,3102
1111,40120,2019,1,17,3167
1112,40120,2019,1,18,2810
1113,40120,2019,1,19,1054
1114,40120,2019,1,20,773
1115,40120,2019,1,21,1538
1116,40120,2019,1,22,2950
1117,40120,2019,1,23,2979
1118,40120,2019,1,24,2980
1119,40120,2019,1,25,2228
1120,40120,2019,1,26,1019
1121,40120,2019,1,27,706
1122,40120,2019,1,28,2672
1123,40120,2019,1,29,2351
1124,40120,2019,1,30,356
1125,40120,2019,1,31,875
1126,40120,2019,2,1,2443
1127,40120,2019,2,2,1183
1128,40120,2019,2,3,775
1129,40120,2019,2,4,2953
1130,40120,2019,2,5,3071
1131,40120,2019,2,6,3050
1132,40120,2019,2,7,3057
1133,40120,2019,2,8,2567
1134,40120,2019,2,9,1188
1135,40120,2019,2,10,835
1136,40120,2019,2,11,2924
1137,40120,2019,2,12,2905
1138,40120,2019,2,13,3006
1139,40120,2019,2,14,3191
1140,40120,2019,2,15,2783
1141,40120,2019,2,16,1231
1142,40120,2019,2,17,803
1143,40120,2019,2,18,1902
1144,40120,2019,2,19,3091
1145,40120,2019,2,20,3014
1146,40120,2019,2,21,3169
1147,40120,2019,2,22,2926
1148,40120,2019,2,23,1235
1149,40120,2019,2,24,788
1150,40120,2019,2,25,2786
1151,40120,2019,2,26,3003
1152,40120,2019,2,27,3009
1153,40120,2019,2,28,2943
1154,40120,2019,3,1,2716
1155,40120,2019,3,2,1311
1156,40120,2019,3,3,821
1157,40120,2019,3,4,2555
1158,40120,2019,3,5,2962
1159,40120,2019,3,6,2999
1160,40120,2019,3,7,3056
1161,40120,2019,3,8,2906
1162,40120,2019,3,9,1223
1163,40120,2019,3,10,814
1164,40120,2019,3,11,2875
1165,40120,2019,3,12,3196
1166,40120,2019,3,13,3143
1167,40120,2019,3,14,3140
1168,40120,2019,3,15,2813
1169,40120,2019,3,16,1739
1170,40120,2019,3,17,992
1171,40120,2019,3,18,2991
1172,40120,2019,3,19,3232
1173,40120,2019,3,20,3116
1174,40120,2019,3,21,3141
1175,40120,2019,3,22,3005
1176,40120,2019,3,23,1437
1177,40120,2019,3,24,937
1178,40120,2019,3,25,2854
1179,40120,2019,3,26,3148
1180,40120,2019,3,27,3088
1181,40120,2019,3,28,3156
1182,40120,2019,3,29,2910
1183,40120,2019,3,30,1340
1184,40120,2019,3,31,934
1185,40120,2019,4,1,3032
1186,40120,2019,4,2,3121
1187,40120,2019,4,3,3210
1188,40120,2019,4,4,3159
1189,40120,2019,4,5,2857
1190,40120,2019,4,6,1473
1191,40120,2019,4,7,964
1192,40120,2019,4,8,3225
1193,40120,2019,4,9,3229
1194,40120,2019,4,10,3007
1195,40120,2019,4,11,3180
1196,40120,2019,4,12,2983
1197,40120,2019,4,13,1423
1198,40120,2019,4,14,703
1199,40120,2019,4,15,2576
1200,40120,2019,4,16,2842
1201,40120,2019,4,17,2789
1202,40120,2019,4,18,2625
1203,40120,2019,4,19,2304
1204,40120,2019,4,20,1374
1205,40120,2019,4,21,943
1206,40120,2019,4,22,3080
1207,40120,2019,4,23,3182
1208,40120,2019,4,24,3252
1209,40120,2019,4,25,3278
1210,40120,2019,4,26,3043
1211,40120,2019,4,27,1174
1212,40120,2019,4,28,988
1213,40120,2019,4,29,2831
1214,40120,2019,4,30,3088
1215,40120,2019,5,1,3196
1216,40120,2019,5,2,3107
1217,40120,2019,5,3,3048
1218,40120,2019,5,4,1529
1219,40120,2019,5,5,1167
1220,40120,2019,5,6,3166
1221,40120,2019,5,7,3264
1222,40120,2019,5,8,3211
1223,40120,2019,5,9,3308
1224,40120,2019,5,10,3005
1225,40120,2019,5,11,1516
1226,40120,2019,5,12,1053
1227,40120,2019,5,13,2941
1228,40120,2019,5,14,3175
1229,40120,2019,5,15,3245
1230,40120,2019,5,16,3065
1231,40120,2019,5,17,2915
1232,40120,2019,5,18,1450
1233,40120,2019,5,19,1066
1234,40120,2019,5,20,2897
1235,40120,2019,5,21,2894
1236,40120,2019,5,22,3170
1237,40120,2019,5,23,3289
1238,40120,2019,5,24,2913
1239,40120,2019,5,25,1584
1240,40120,2019,5,26,1101
1241,40120,2019,5,27,976
1242,40120,2019,5,28,2975
1243,40120,2019,5,29,3027
1244,40120,2019,5,30,3089
1245,40120,2019,5,31,3243
1246,40120,2019,6,1,1432
1247,40120,2019,6,2,1113
1248,40120,2019,6,3,2934
1249,40120,2019,6,4,3093
1250,40120,2019,6,5,3176
1251,40120,2019,6,6,3230
1252,40120,2019,6,7,2991
1253,40120,2019,6,8,1629
1254,40120,2019,6,9,1096
1255,40120,2019,6,10,3014
1256,40120,2019,6,11,3257
1257,40120,2019,6,12,3091
1258,40120,2019,6,13,3129
1259,40120,2019,6,14,3018
1260,40120,2019,6,15,1490
1261,40120,2019,6,16,1124
1262,40120,2019,6,17,2813
1263,40120,2019,6,18,3186
1264,40120,2019,6,19,3031
1265,40120,2019,6,20,2640
1266,40120,2019,6,21,2930
1267,40120,2019,6,22,1654
1268,40120,2019,6,23,1005
1269,40120,2019,6,24,2759
1270,40120,2019,6,25,3121
1271,40120,2019,6,26,3055
1272,40120,2019,6,27,2997
1273,40120,2019,6,28,2961
1274,40120,2019,6,29,1593
1275,40120,2019,6,30,1567
1276,40120,2019,7,1,2754
1277,40120,2019,7,2,2861
1278,40120,2019,7,3,2842
1279,40120,2019,7,4,1334
1280,40120,2019,7,5,2202
1281,40120,2019,7,6,1526
1282,40120,2019,7,7,1332
1283,40120,2019,7,8,2789
1284,40120,2019,7,9,2994
1285,40120,2019,7,10,3059
1286,40120,2019,7,11,3349
1287,40120,2019,7,12,3187
1288,40120,2019,7,13,1808
1289,40120,2019,7,14,1487
1290,40120,2019,7,15,2927
1291,40120,2019,7,16,2953
1292,40120,2019,7,17,3103
1293,40120,2019,7,18,2791
1294,40120,2019,7,19,2866
1295,40120,2019,7,20,1399
1296,40120,2019,7,21,1066
1297,40120,2019,7,22,3136
1298,40120,2019,7,23,3046
1299,40120,2019,7,24,3039
1300,40120,2019,7,25,3086
1301,40120,2019,7,26,2935
1302,40120,2019,7,27,1573
1303,40120,2019,7,28,1229
1304,40120,2019,7,29,2488
1305,40120,2019,7,30,2829
1306,40120,2019,7,31,2961
1307,40120,2019,8,1,3193
1308,40120,2019,8,2,2991
1309,40120,2019,8,3,1754
1310,40120,2019,8,4,1334
1311,40120,2019,8,5,2758
1312,40120,2019,8,6,2829
1313,40120,2019,8,7,2909
1314,40120,2019,8,8,2947
1315,40120,2019,8,9,2861
1316,40120,2019,8,10,1517
1317,40120,2019,8,11,1066
1318,40120,2019,8,12,2644
1319,40120,2019,8,13,2766
1320,40120,2019,8,14,2791
1321,40120,2019,8,15,2951
1322,40120,2019,8,16,2797
1323,40120,2019,8,17,1418
1324,40120,2019,8,18,989
1325,40120,2019,8,19,2736
1326,40120,2019,8,20,2759
1327,40120,2019,8,21,2854
1328,40120,2019,8,22,3031
1329,40120,2019,8,23,2956
1330,40120,2019,8,24,1576
1331,40120,2019,8,25,1164
1332,40120,2019,8,26,2992
1333,40120,2019,8,27,3458
1334,40120,2019,8,28,3329
1335,40120,2019,8,29,3464
1336,40120,2019,8,30,3148
1337,40120,2019,8,31,1545
1338,40120,2019,9,1,1131
1339,40120,2019,9,2,1099
1340,40120,2019,9,3,3053
1341,40120,2019,9,4,3522
1342,40120,2019,9,5,3668
1343,40120,2019,9,6,3259
1344,40120,2019,9,7,1574
1345,40120,2019,9,8,1331
1346,40120,2019,9,9,3370
1347,40120,2019,9,10,3564
1348,40120,2019,9,11,3572
1349,40120,2019,9,12,3574
1350,40120,2019,9,13,3260
1351,40120,2019,9,14,1623
1352,40120,2019,9,15,1059
1353,40120,2019,9,16,3431
1354,40120,2019,9,17,3602
1355,40120,2019,9,18,3672
1356,40120,2019,9,19,3564
1357,40120,2019,9,20,3261
1358,40120,2019,9,21,1562
1359,40120,2019,9,22,1016
1360,40120,2019,9,23,3445
1361,40120,2019,9,24,3573
1362,40120,2019,9,25,3651
1363,40120,2019,9,26,3663
1364,40120,2019,9,27,3134
1365,40120,2019,9,28,1428
1366,40120,2019,9,29,989
1367,40120,2019,9,30,3465
1368,40120,2019,10,1,3562
1369,40120,2019,10,2,3443
1370,40120,2019,10,3,3640
1371,40120,2019,10,4,3262
1372,40120,2019,10,5,1492
1373,40120,2019,10,6,1126
1374,40120,2019,10,7,3411
1375,40120,2019,10,8,3546
1376,40120,2019,10,9,3537
1377,40120,2019,10,10,3533
1378,40120,2019,10,11,3081
1379,40120,2019,10,12,1550
1380,40120,2019,10,13,1457
1381,40120,2019,10,14,2694
1382,40120,2019,10,15,3460
1383,40120,2019,10,16,3500
1384,40120,2019,10,17,3379
1385,40120,2019,10,18,3061
1386,40120,2019,10,19,1635
1387,40120,2019,10,20,1108
1388,40120,2019,10,21,3183
1389,40120,2019,10,22,3170
1390,40120,2019,10,23,3607
1391,40120,2019,10,24,3456
1392,40120,2019,10,25,3075
1393,40120,2019,10,26,1272
1394,40120,2019,10,27,1070
1395,40120,2019,10,28,3261
1396,40120,2019,10,29,3342
1397,40120,2019,10,30,3070
1398,40120,2019,10,31,3001
1399,40120,2019,11,1,2896
1400,40120,2019,11,2,1383
1401,40120,2019,11,3,1021
1402,40120,2019,11,4,3322
1403,40120,2019,11,5,3402
1404,40120,2019,11,6,3412
1405,40120,2019,11,7,3385
1406,40120,2019,11,8,2945
1407,40120,2019,11,9,1392
1408,40120,2019,11,10,984
1409,40120,2019,11,11,2336
1410,40120,2019,11,12,2983
1411,40120,2019,11,13,3111
1412,40120,2019,11,14,3067
1413,40120,2019,11,15,3000
1414,40120,2019,11,16,1412
1415,40120,2019,11,17,998
1416,40120,2019,11,18,3174
1417,40120,2019,11,19,3238
1418,40120,2019,11,20,3403
1419,40120,2019,11,21,3295
1420,40120,2019,11,22,3636
1421,40120,2019,11,23,1843
1422,40120,2019,11,24,1032
1423,40120,2019,11,25,3438
1424,40120,2019,11,26,3180
1425,40120,2019,11,27,2614
1426,40120,2019,11,28,717
1427,40120,2019,11,29,1654
1428,40120,2019,11,30,1225
1429,40120,2019,12,1,891
1430,40120,2019,12,2,3168
1431,40120,2019,12,3,3171
1432,40120,2019,12,4,3305
1433,40120,2019,12,5,3362
1434,40120,2019,12,6,3029
1435,40120,2019,12,7,1539
1436,40120,2019,12,8,999
1437,40120,2019,12,9,3006
1438,40120,2019,12,10,3028
1439,40120,2019,12,11,2976
1440,40120,2019,12,12,3117
1441,40120,2019,12,13,2904
1442,40120,2019,12,14,1403
1443,40120,2019,12,15,966
1444,40120,2019,12,16,2655
1445,40120,2019,12,17,2854
1446,40120,2019,12,18,2674
1447,40120,2019,12,19,2590
1448,40120,2019,12,20,2616
1449,40120,2019,12,21,1466
1450,40120,2019,12,22,1176
1451,40120,2019,12,23,2304
1452,40120,2019,12,24,1352
1453,40120,2019,12,25,509
1454,40120,2019,12,26,2020
1455,40120,2019,12,27,2085
1456,40120,2019,12,28,1172
1457,40120,2019,12,29,943
1458,40120,2019,12,30,1947
1459,40120,2019,12,31,1680
1460,40540,2019,1,1,2175
1461,40540,2019,1,2,4865
1462,40540,2019,1,3,5374
1463,40540,2019,1,4,5502
1464,40540,2019,1,5,3799
1465,40540,2019,1,6,2729
1466,40540,2019,1,7,5996
1467,40540,2019,1,8,6303
1468,40540,2019,1,9,6093
1469,40540,2019,1,10,6142
1470,40540,2019,1,11,5919
1471,40540,2019,1,12,3696
1472,40540,2019,1,13,3281
1473,40540,2019,1,14,7289
1474,40540,2019,1,15,7172
1475,40540,2019,1,16,7172
1476,40540,2019,1,17,7221
1477,40540,2019,1,18,6232
1478,40540,2019,1,19,3771
1479,40540,2019,1,20,2629
1480,40540,2019,1,21,3923
1481,40540,2019,1,22,6910
1482,40540,2019,1,23,7048
1483,40540,2019,1,24,6845
1484,40540,2019,1,25,5157
1485,40540,2019,1,26,3564
1486,40540,2019,1,27,2610
1487,40540,2019,1,28,6781
1488,40540,2019,1,29,5930
1489,40540,2019,1,30,966
1490,40540,2019,1,31,2525
1491,40540,2019,2,1,5923
1492,40540,2019,2,2,4163
1493,40540,2019,2,3,2905
1494,40540,2019,2,4,7166
1495,40540,2019,2,5,7189
1496,40540,2019,2,6,7130
1497,40540,2019,2,7,7111
1498,40540,2019,2,8,5956
1499,40540,2019,2,9,4204
1500,40540,2019,2,10,2876
1501,40540,2019,2,11,7100
1502,40540,2019,2,12,6897
1503,40540,2019,2,13,7134
1504,40540,2019,2,14,7307
1505,40540,2019,2,15,6078
1506,40540,2019,2,16,4262
1507,40540,2019,2,17,2730
1508,40540,2019,2,18,4690
1509,40540,2019,2,19,7079
1510,40540,2019,2,20,6922
1511,40540,2019,2,21,7040
1512,40540,2019,2,22,6338
1513,40540,2019,2,23,3945
1514,40540,2019,2,24,2639
1515,40540,2019,2,25,6521
1516,40540,2019,2,26,6694
1517,40540,2019,2,27,6789
1518,40540,2019,2,28,7046
1519,40540,2019,3,1,6094
1520,40540,2019,3,2,4061
1521,40540,2019,3,3,2820
1522,40540,2019,3,4,6336
1523,40540,2019,3,5,6612
1524,40540,2019,3,6,6883
1525,40540,2019,3,7,6896
1526,40540,2019,3,8,5966
1527,40540,2019,3,9,3757
1528,40540,2019,3,10,2769
1529,40540,2019,3,11,6879
1530,40540,2019,3,12,7104
1531,40540,2019,3,13,7076
1532,40540,2019,3,14,7059
1533,40540,2019,3,15,6544
1534,40540,2019,3,16,4853
1535,40540,2019,3,17,3009
1536,40540,2019,3,18,6891
1537,40540,2019,3,19,6961
1538,40540,2019,3,20,6914
1539,40540,2019,3,21,7008
1540,40540,2019,3,22,6249
1541,40540,2019,3,23,4317
1542,40540,2019,3,24,2897
1543,40540,2019,3,25,6650
1544,40540,2019,3,26,6758
1545,40540,2019,3,27,6849
1546,40540,2019,3,28,6813
1547,40540,2019,3,29,5948
1548,40540,2019,3,30,3963
1549,40540,2019,3,31,2804
1550,40540,2019,4,1,6870
1551,40540,2019,4,2,6891
1552,40540,2019,4,3,7117
1553,40540,2019,4,4,6831
1554,40540,2019,4,5,6071
1555,40540,2019,4,6,4422
1556,40540,2019,4,7,2852
1557,40540,2019,4,8,7062
1558,40540,2019,4,9,6954
1559,40540,2019,4,10,6775
1560,40540,2019,4,11,6965
1561,40540,2019,4,12,6300
1562,40540,2019,4,13,4335
1563,40540,2019,4,14,2270
1564,40540,2019,4,15,5735
1565,40540,2019,4,16,5821
1566,40540,2019,4,17,5685
1567,40540,2019,4,18,5445
1568,40540,2019,4,19,5434
1569,40540,2019,4,20,3812
1570,40540,2019,4,21,2486
1571,40540,2019,4,22,6525
1572,40540,2019,4,23,6901
1573,40540,2019,4,24,6915
1574,40540,2019,4,25,7116
1575,40540,2019,4,26,6246
1576,40540,2019,4,27,3618
1577,40540,2019,4,28,2902
1578,40540,2019,4,29,6376
1579,40540,2019,4,30,6642
1580,40540,2019,5,1,6931
1581,40540,2019,5,2,6797
1582,40540,2019,5,3,6362
1583,40540,2019,5,4,4714
1584,40540,2019,5,5,3167
1585,40540,2019,5,6,6428
1586,40540,2019,5,7,6565
1587,40540,2019,5,8,6650
1588,40540,2019,5,9,6701
1589,40540,2019,5,10,6267
1590,40540,2019,5,11,3884
1591,40540,2019,5,12,2348
1592,40540,2019,5,13,6283
1593,40540,2019,5,14,6451
1594,40540,2019,5,15,6514
1595,40540,2019,5,16,6263
1596,40540,2019,5,17,5716
1597,40540,2019,5,18,4100
1598,40540,2019,5,19,2846
1599,40540,2019,5,20,6299
1600,40540,2019,5,21,6237
1601,40540,2019,5,22,6500
1602,40540,2019,5,23,6490
1603,40540,2019,5,24,5634
1604,40540,2019,5,25,4064
1605,40540,2019,5,26,3041
1606,40540,2019,5,27,2467
1607,40540,2019,5,28,5988
1608,40540,2019,5,29,6261
1609,40540,2019,5,30,6354
1610,40540,2019,5,31,6214
1611,40540,2019,6,1,4007
1612,40540,2019,6,2,3158
1613,40540,2019,6,3,6397
1614,40540,2019,6,4,6386
1615,40540,2019,6,5,6703
1616,40540,2019,6,6,6641
1617,40540,2019,6,7,6219
1618,40540,2019,6,8,4566
1619,40540,2019,6,9,3047
1620,40540,2019,6,10,6472
1621,40540,2019,6,11,6750
1622,40540,2019,6,12,6507
1623,40540,2019,6,13,6796
1624,40540,2019,6,14,6200
1625,40540,2019,6,15,4026
1626,40540,2019,6,16,3025
1627,40540,2019,6,17,6256
1628,40540,2019,6,18,6859
1629,40540,2019,6,19,6602
1630,40540,2019,6,20,6658
1631,40540,2019,6,21,6142
1632,40540,2019,6,22,4344
1633,40540,2019,6,23,2928
1634,40540,2019,6,24,6179
1635,40540,2019,6,25,6632
1636,40540,2019,6,26,6438
1637,40540,2019,6,27,6584
1638,40540,2019,6,28,5859
1639,40540,2019,6,29,4647
1640,40540,2019,6,30,7431
1641,40540,2019,7,1,6464
1642,40540,2019,7,2,6491
1643,40540,2019,7,3,6639
1644,40540,2019,7,4,3515
1645,40540,2019,7,5,4794
1646,40540,2019,7,6,3953
1647,40540,2019,7,7,2917
1648,40540,2019,7,8,6351
1649,40540,2019,7,9,6483
1650,40540,2019,7,10,6550
1651,40540,2019,7,11,6591
1652,40540,2019,7,12,6309
1653,40540,2019,7,13,4375
1654,40540,2019,7,14,3190
1655,40540,2019,7,15,6298
1656,40540,2019,7,16,6570
1657,40540,2019,7,17,6770
1658,40540,2019,7,18,6145
1659,40540,2019,7,19,6115
1660,40540,2019,7,20,4068
1661,40540,2019,7,21,3121
1662,40540,2019,7,22,6328
1663,40540,2019,7,23,6881
1664,40540,2019,7,24,6796
1665,40540,2019,7,25,6720
1666,40540,2019,7,26,6109
1667,40540,2019,7,27,4296
1668,40540,2019,7,28,3045
1669,40540,2019,7,29,5893
1670,40540,2019,7,30,6306
1671,40540,2019,7,31,6402
1672,40540,2019,8,1,6633
1673,40540,2019,8,2,6485
1674,40540,2019,8,3,4534
1675,40540,2019,8,4,3543
1676,40540,2019,8,5,5848
1677,40540,2019,8,6,6198
1678,40540,2019,8,7,6230
1679,40540,2019,8,8,6210
1680,40540,2019,8,9,6345
1681,40540,2019,8,10,4495
1682,40540,2019,8,11,3256
1683,40540,2019,8,12,5818
1684,40540,2019,8,13,6110
1685,40540,2019,8,14,6070
1686,40540,2019,8,15,6082
1687,40540,2019,8,16,6120
1688,40540,2019,8,17,4120
1689,40540,2019,8,18,3084
1690,40540,2019,8,19,6084
1691,40540,2019,8,20,6085
1692,40540,2019,8,21,6308
1693,40540,2019,8,22,6394
1694,40540,2019,8,23,6287
1695,40540,2019,8,24,4365
1696,40540,2019,8,25,3758
1697,40540,2019,8,26,6734
1698,40540,2019,8,27,7357
1699,40540,2019,8,28,7256
1700,40540,2019,8,29,7052
1701,40540,2019,8,30,6340
1702,40540,2019,8,31,4419
1703,40540,2019,9,1,3530
1704,40540,2019,9,2,3239
1705,40540,2019,9,3,7301
1706,40540,2019,9,4,7410
1707,40540,2019,9,5,7509
1708,40540,2019,9,6,6714
1709,40540,2019,9,7,4615
1710,40540,2019,9,8,3237
1711,40540,2019,9,9,7183
1712,40540,2019,9,10,7444
1713,40540,2019,9,11,7415
1714,40540,2019,9,12,7441
1715,40540,2019,9,13,6859
1716,40540,2019,9,14,4796
1717,40540,2019,9,15,3392
1718,40540,2019,9,16,7206
1719,40540,2019,9,17,7391
1720,40540,2019,9,18,7435
1721,40540,2019,9,19,7349
1722,40540,2019,9,20,7002
1723,40540,2019,9,21,4557
1724,40540,2019,9,22,3080
1725,40540,2019,9,23,7178
1726,40540,2019,9,24,7497
1727,40540,2019,9,25,7315
1728,40540,2019,9,26,7249
1729,40540,2019,9,27,6243
1730,40540,2019,9,28,4575
1731,40540,2019,9,29,3061
1732,40540,2019,9,30,7056
1733,40540,2019,10,1,7376
1734,40540,2019,10,2,7382
1735,40540,2019,10,3,7572
1736,40540,2019,10,4,6671
1737,40540,2019,10,5,4324
1738,40540,2019,10,6,3160
1739,40540,2019,10,7,7003
1740,40540,2019,10,8,7369
1741,40540,2019,10,9,7281
1742,40540,2019,10,10,7408
1743,40540,2019,10,11,6543
1744,40540,2019,10,12,4744
1745,40540,2019,10,13,3698
1746,40540,2019,10,14,6394
1747,40540,2019,10,15,7339
1748,40540,2019,10,16,7314
1749,40540,2019,10,17,7154
1750,40540,2019,10,18,6707
1751,40540,2019,10,19,4736
1752,40540,2019,10,20,3343
1753,40540,2019,10,21,6973
1754,40540,2019,10,22,7235
1755,40540,2019,10,23,7551
1756,40540,2019,10,24,7214
1757,40540,2019,10,25,6724
1758,40540,2019,10,26,3963
1759,40540,2019,10,27,3334
1760,40540,2019,10,28,6972
1761,40540,2019,10,29,7237
1762,40540,2019,10,30,7141
1763,40540,2019,10,31,6653
1764,40540,2019,11,1,6571
1765,40540,2019,11,2,4442
1766,40540,2019,11,3,3213
1767,40540,2019,11,4,7062
1768,40540,2019,11,5,7206
1769,40540,2019,11,6,7116
1770,40540,2019,11,7,6970
1771,40540,2019,11,8,6196
1772,40540,2019,11,9,4276
1773,40540,2019,11,10,3113
1774,40540,2019,11,11,5925
1775,40540,2019,11,12,6727
1776,40540,2019,11,13,6763
1777,40540,2019,11,14,6944
1778,40540,2019,11,15,6562
1779,40540,2019,11,16,4348
1780,40540,2019,11,17,3086
1781,40540,2019,11,18,6688
1782,40540,2019,11,19,6857
1783,40540,2019,11,20,7103
1784,40540,2019,11,21,6742
1785,40540,2019,11,22,6423
1786,40540,2019,11,23,4387
1787,40540,2019,11,24,3091
1788,40540,2019,11,25,6776
1789,40540,2019,11,26,6423
1790,40540,2019,11,27,5690
1791,40540,2019,11,28,1990
1792,40540,2019,11,29,3596
1793,40540,2019,11,30,3103
1794,40540,2019,12,1,2607
1795,40540,2019,12,2,6661
1796,40540,2019,12,3,6857
1797,40540,2019,12,4,7134
1798,40540,2019,12,5,6956
1799,40540,2019,12,6,6455
1800,40540,2019,12,7,4281
1801,40540,2019,12,8,3074
1802,40540,2019,12,9,6633
1803,40540,2019,12,10,6623
1804,40540,2019,12,11,6662
1805,40540,2019,12,12,6737
1806,40540,2019,12,13,6244
1807,40540,2019,12,14,3843
1808,40540,2019,12,15,2620
1809,40540,2019,12,16,5495
1810,40540,2019,12,17,5814
1811,40540,2019,12,18,5685
1812,40540,2019,12,19,5754
1813,40540,2019,12,20,5634
1814,40540,2019,12,21,3748
1815,40540,2019,12,22,2890
1816,40540,2019,12,23,4570
1817,40540,2019,12,24,3206
1818,40540,2019,12,25,1351
1819,40540,2019,12,26,3613
1820,40540,2019,12,27,3914
1821,40540,2019,12,28,3143
1822,40540,2019,12,29,2661
1823,40540,2019,12,30,4317
1824,40540,2019,12,31,4355
1825,41260,2019,1,1,570
1826,41260,2019,1,2,1577
1827,41260,2019,1,3,1668
1828,41260,2019,1,4,1685
1829,41260,2019,1,5,917
1830,41260,2019,1,6,697
1831,41260,2019,1,7,1716
1832,41260,2019,1,8,1823
1833,41260,2019,1,9,1766
1834,41260,2019,1,10,1783
1835,41260,2019,1,11,1799
1836,41260,2019,1,12,789
1837,41260,2019,1,13,593
1838,41260,2019,1,14,1712
1839,41260,2019,1,15,1828
1840,41260,2019,1,16,1830
1841,41260,2019,1,17,1817
1842,41260,2019,1,18,1800
1843,41260,2019,1,19,721
1844,41260,2019,1,20,583
1845,41260,2019,1,21,936
1846,41260,2019,1,22,1769
1847,41260,2019,1,23,1723
1848,41260,2019,1,24,1738
1849,41260,2019,1,25,1394
1850,41260,2019,1,26,660
1851,41260,2019,1,27,490
1852,41260,2019,1,28,1610
1853,41260,2019,1,29,1402
1854,41260,2019,1,30,283
1855,41260,2019,1,31,674
1856,41260,2019,2,1,1636
1857,41260,2019,2,2,850
1858,41260,2019,2,3,564
1859,41260,2019,2,4,1769
1860,41260,2019,2,5,1841
1861,41260,2019,2,6,1786
1862,41260,2019,2,7,1808
1863,41260,2019,2,8,1583
1864,41260,2019,2,9,819
1865,41260,2019,2,10,608
1866,41260,2019,2,11,1671
1867,41260,2019,2,12,1689
1868,41260,2019,2,13,1736
1869,41260,2019,2,14,1796
1870,41260,2019,2,15,1699
1871,41260,2019,2,16,888
1872,41260,2019,2,17,571
1873,41260,2019,2,18,1302
1874,41260,2019,2,19,1778
1875,41260,2019,2,20,1733
1876,41260,2019,2,21,1534
1877,41260,2019,2,22,1740
1878,41260,2019,2,23,760
1879,41260,2019,2,24,578
1880,41260,2019,2,25,1663
1881,41260,2019,2,26,1711
1882,41260,2019,2,27,1769
1883,41260,2019,2,28,1673
1884,41260,2019,3,1,1763
1885,41260,2019,3,2,833
1886,41260,2019,3,3,585
1887,41260,2019,3,4,1488
1888,41260,2019,3,5,1644
1889,41260,2019,3,6,1695
1890,41260,2019,3,7,1753
1891,41260,2019,3,8,1677
1892,41260,2019,3,9,824
1893,41260,2019,3,10,533
1894,41260,2019,3,11,1692
1895,41260,2019,3,12,1723
1896,41260,2019,3,13,1715
1897,41260,2019,3,14,1720
1898,41260,2019,3,15,1731
1899,41260,2019,3,16,1066
1900,41260,2019,3,17,685
1901,41260,2019,3,18,1674
1902,41260,2019,3,19,1800
1903,41260,2019,3,20,1676
1904,41260,2019,3,21,1759
1905,41260,2019,3,22,1696
1906,41260,2019,3,23,939
1907,41260,2019,3,24,620
1908,41260,2019,3,25,1627
1909,41260,2019,3,26,1747
1910,41260,2019,3,27,1714
1911,41260,2019,3,28,1668
1912,41260,2019,3,29,1656
1913,41260,2019,3,30,814
1914,41260,2019,3,31,636
1915,41260,2019,4,1,1668
1916,41260,2019,4,2,1768
1917,41260,2019,4,3,1761
1918,41260,2019,4,4,1717
1919,41260,2019,4,5,1706
1920,41260,2019,4,6,919
1921,41260,2019,4,7,627
1922,41260,2019,4,8,1742
1923,41260,2019,4,9,1766
1924,41260,2019,4,10,1741
1925,41260,2019,4,11,1764
1926,41260,2019,4,12,1697
1927,41260,2019,4,13,905
1928,41260,2019,4,14,497
1929,41260,2019,4,15,1616
1930,41260,2019,4,16,1701
1931,41260,2019,4,17,1716
1932,41260,2019,4,18,1626
1933,41260,2019,4,19,1600
1934,41260,2019,4,20,952
1935,41260,2019,4,21,661
1936,41260,2019,4,22,1658
1937,41260,2019,4,23,1783
1938,41260,2019,4,24,1742
1939,41260,2019,4,25,1813
1940,41260,2019,4,26,1745
1941,41260,2019,4,27,744
1942,41260,2019,4,28,637
1943,41260,2019,4,29,1505
1944,41260,2019,4,30,1697
1945,41260,2019,5,1,1754
1946,41260,2019,5,2,1728
1947,41260,2019,5,3,1820
1948,41260,2019,5,4,1010
1949,41260,2019,5,5,739
1950,41260,2019,5,6,1672
1951,41260,2019,5,7,1746
1952,41260,2019,5,8,1738
1953,41260,2019,5,9,1738
1954,41260,2019,5,10,1818
1955,41260,2019,5,11,906
1956,41260,2019,5,12,654
1957,41260,2019,5,13,1718
1958,41260,2019,5,14,1843
1959,41260,2019,5,15,1811
1960,41260,2019,5,16,1804
1961,41260,2019,5,17,1725
1962,41260,2019,5,18,931
1963,41260,2019,5,19,694
1964,41260,2019,5,20,1723
1965,41260,2019,5,21,1716
1966,41260,2019,5,22,1810
1967,41260,2019,5,23,1814
1968,41260,2019,5,24,1691
1969,41260,2019,5,25,922
1970,41260,2019,5,26,645
1971,41260,2019,5,27,583
1972,41260,2019,5,28,1731
1973,41260,2019,5,29,1817
1974,41260,2019,5,30,1812
1975,41260,2019,5,31,1884
1976,41260,2019,6,1,1013
1977,41260,2019,6,2,718
1978,41260,2019,6,3,1721
1979,41260,2019,6,4,1826
1980,41260,2019,6,5,1853
1981,41260,2019,6,6,1879
1982,41260,2019,6,7,1810
1983,41260,2019,6,8,1052
1984,41260,2019,6,9,694
1985,41260,2019,6,10,1800
1986,41260,2019,6,11,1911
1987,41260,2019,6,12,1782
1988,41260,2019,6,13,1813
1989,41260,2019,6,14,1824
1990,41260,2019,6,15,888
1991,41260,2019,6,16,723
1992,41260,2019,6,17,1610
1993,41260,2019,6,18,1833
1994,41260,2019,6,19,1835
1995,41260,2019,6,20,1824
1996,41260,2019,6,21,1776
1997,41260,2019,6,22,985
1998,41260,2019,6,23,624
1999,41260,2019,6,24,1692
2000,41260,2019,6,25,1966
2001,41260,2019,6,26,1867
2002,41260,2019,6,27,1854
2003,41260,2019,6,28,1850
2004,41260,2019,6,29,1115
2005,41260,2019,6,30,860
2006,41260,2019,7,1,1874
2007,41260,2019,7,2,1788
2008,41260,2019,7,3,1853
2009,41260,2019,7,4,918
2010,41260,2019,7,5,1384
2011,41260,2019,7,6,984
2012,41260,2019,7,7,796
2013,41260,2019,7,8,1799
2014,41260,2019,7,9,1856
2015,41260,2019,7,10,1922
2016,41260,2019,7,11,1966
2017,41260,2019,7,12,2022
2018,41260,2019,7,13,1041
2019,41260,2019,7,14,739
2020,41260,2019,7,15,1807
2021,41260,2019,7,16,1764
2022,41260,2019,7,17,1869
2023,41260,2019,7,18,1700
2024,41260,2019,7,19,1771
2025,41260,2019,7,20,937
2026,41260,2019,7,21,731
2027,41260,2019,7,22,1859
2028,41260,2019,7,23,1912
2029,41260,2019,7,24,1790
2030,41260,2019,7,25,1850
2031,41260,2019,7,26,1831
2032,41260,2019,7,27,970
2033,41260,2019,7,28,640
2034,41260,2019,7,29,1615
2035,41260,2019,7,30,1819
2036,41260,2019,7,31,1826
2037,41260,2019,8,1,1971
2038,41260,2019,8,2,1969
2039,41260,2019,8,3,1068
2040,41260,2019,8,4,815
2041,41260,2019,8,5,1847
2042,41260,2019,8,6,1853
2043,41260,2019,8,7,1898
2044,41260,2019,8,8,1908
2045,41260,2019,8,9,1809
2046,41260,2019,8,10,993
2047,41260,2019,8,11,781
2048,41260,2019,8,12,1714
2049,41260,2019,8,13,1805
2050,41260,2019,8,14,1800
2051,41260,2019,8,15,1845
2052,41260,2019,8,16,1847
2053,41260,2019,8,17,1033
2054,41260,2019,8,18,621
2055,41260,2019,8,19,1742
2056,41260,2019,8,20,1746
2057,41260,2019,8,21,1790
2058,41260,2019,8,22,1846
2059,41260,2019,8,23,1899
2060,41260,2019,8,24,859
2061,41260,2019,8,25,581
2062,41260,2019,8,26,1612
2063,41260,2019,8,27,1911
2064,41260,2019,8,28,1849
2065,41260,2019,8,29,2154
2066,41260,2019,8,30,1788
2067,41260,2019,8,31,983
2068,41260,2019,9,1,702
2069,41260,2019,9,2,719
2070,41260,2019,9,3,1745
2071,41260,2019,9,4,1873
2072,41260,2019,9,5,2010
2073,41260,2019,9,6,1872
2074,41260,2019,9,7,939
2075,41260,2019,9,8,642
2076,41260,2019,9,9,1854
2077,41260,2019,9,10,1850
2078,41260,2019,9,11,1894
2079,41260,2019,9,12,1944
2080,41260,2019,9,13,1904
2081,41260,2019,9,14,1052
2082,41260,2019,9,15,744
2083,41260,2019,9,16,1833
2084,41260,2019,9,17,1868
2085,41260,2019,9,18,1912
2086,41260,2019,9,19,1913
2087,41260,2019,9,20,1919
2088,41260,2019,9,21,909
2089,41260,2019,9,22,549
2090,41260,2019,9,23,1848
2091,41260,2019,9,24,1884
2092,41260,2019,9,25,1902
2093,41260,2019,9,26,1904
2094,41260,2019,9,27,1717
2095,41260,2019,9,28,944
2096,41260,2019,9,29,522
2097,41260,2019,9,30,1839
2098,41260,2019,10,1,1979
2099,41260,2019,10,2,1839
2100,41260,2019,10,3,1943
2101,41260,2019,10,4,1845
2102,41260,2019,10,5,824
2103,41260,2019,10,6,550
2104,41260,2019,10,7,1915
2105,41260,2019,10,8,1950
2106,41260,2019,10,9,1905
2107,41260,2019,10,10,1933
2108,41260,2019,10,11,1758
2109,41260,2019,10,12,915
2110,41260,2019,10,13,729
2111,41260,2019,10,14,1597
2112,41260,2019,10,15,1890
2113,41260,2019,10,16,1854
2114,41260,2019,10,17,1923
2115,41260,2019,10,18,1873
2116,41260,2019,10,19,979
2117,41260,2019,10,20,679
2118,41260,2019,10,21,1782
2119,41260,2019,10,22,1826
2120,41260,2019,10,23,1887
2121,41260,2019,10,24,1823
2122,41260,2019,10,25,1696
2123,41260,2019,10,26,796
2124,41260,2019,10,27,667
2125,41260,2019,10,28,1788
2126,41260,2019,10,29,1813
2127,41260,2019,10,30,1704
2128,41260,2019,10,31,1627
2129,41260,2019,11,1,1762
2130,41260,2019,11,2,822
2131,41260,2019,11,3,649
2132,41260,2019,11,4,1837
2133,41260,2019,11,5,1840
2134,41260,2019,11,6,1827
2135,41260,2019,11,7,1829
2136,41260,2019,11,8,1654
2137,41260,2019,11,9,866
2138,41260,2019,11,10,612
2139,41260,2019,11,11,1434
2140,41260,2019,11,12,1749
2141,41260,2019,11,13,1734
2142,41260,2019,11,14,1729
2143,41260,2019,11,15,1706
2144,41260,2019,11,16,889
2145,41260,2019,11,17,574
2146,41260,2019,11,18,1688
2147,41260,2019,11,19,1754
2148,41260,2019,11,20,1928
2149,41260,2019,11,21,1735
2150,41260,2019,11,22,1841
2151,41260,2019,11,23,897
2152,41260,2019,11,24,635
2153,41260,2019,11,25,1732
2154,41260,2019,11,26,1746
2155,41260,2019,11,27,1492
2156,41260,2019,11,28,533
2157,41260,2019,11,29,1071
2158,41260,2019,11,30,821
2159,41260,2019,12,1,683
2160,41260,2019,12,2,1666
2161,41260,2019,12,3,1818
2162,41260,2019,12,4,1766
2163,41260,2019,12,5,1815
2164,41260,2019,12,6,1756
2165,41260,2019,12,7,862
2166,41260,2019,12,8,652
2167,41260,2019,12,9,1635
2168,41260,2019,12,10,1721
2169,41260,2019,12,11,1630
2170,41260,2019,12,12,1709
2171,41260,2019,12,13,1744
2172,41260,2019,12,14,833
2173,41260,2019,12,15,531
2174,41260,2019,12,16,1617
2175,41260,2019,12,17,1667
2176,41260,2019,12,18,1657
2177,41260,2019,12,19,1739
2178,41260,2019,12,20,1615
2179,41260,2019,12,21,812
2180,41260,2019,12,22,669
2181,41260,2019,12,23,1420
2182,41260,2019,12,24,1073
2183,41260,2019,12,25,438
2184,41260,2019,12,26,1146
2185,41260,2019,12,27,1243
2186,41260,2019,12,28,774
2187,41260,2019,12,29,582
2188,41260,2019,12,30,1281
2189,41260,2019,12,31,1228
2190,41500,2019,1,1,695
2191,41500,2019,1,2,2180
2192,41500,2019,1,3,2436
2193,41500,2019,1,4,2285
2194,41500,2019,1,5,1271
2195,41500,2019,1,6,835
2196,41500,2019,1,7,2514
2197,41500,2019,1,8,2600
2198,41500,2019,1,9,2637
2199,41500,2019,1,10,2667
2200,41500,2019,1,11,2639
2201,41500,2019,1,12,1340
2202,41500,2019,1,13,933
2203,41500,2019,1,14,2613
2204,41500,2019,1,15,2624
2205,41500,2019,1,16,2697
2206,41500,2019,1,17,2725
2207,41500,2019,1,18,2643
2208,41500,2019,1,19,1343
2209,41500,2019,1,20,896
2210,41500,2019,1,21,1490
2211,41500,2019,1,22,2640
2212,41500,2019,1,23,2681
2213,41500,2019,1,24,2760
2214,41500,2019,1,25,2128
2215,41500,2019,1,26,1157
2216,41500,2019,1,27,751
2217,41500,2019,1,28,2697
2218,41500,2019,1,29,2122
2219,41500,2019,1,30,283
2220,41500,2019,1,31,895
2221,41500,2019,2,1,2428
2222,41500,2019,2,2,1316
2223,41500,2019,2,3,892
2224,41500,2019,2,4,2638
2225,41500,2019,2,5,2753
2226,41500,2019,2,6,2640
2227,41500,2019,2,7,2672
2228,41500,2019,2,8,2411
2229,41500,2019,2,9,1294
2230,41500,2019,2,10,905
2231,41500,2019,2,11,2581
2232,41500,2019,2,12,2789
2233,41500,2019,2,13,2723
2234,41500,2019,2,14,2825
2235,41500,2019,2,15,2478
2236,41500,2019,2,16,1305
2237,41500,2019,2,17,888
2238,41500,2019,2,18,1853
2239,41500,2019,2,19,2758
2240,41500,2019,2,20,2704
2241,41500,2019,2,21,2694
2242,41500,2019,2,22,2457
2243,41500,2019,2,23,1224
2244,41500,2019,2,24,877
2245,41500,2019,2,25,2512
2246,41500,2019,2,26,2562
2247,41500,2019,2,27,2737
2248,41500,2019,2,28,2671
2249,41500,2019,3,1,2492
2250,41500,2019,3,2,1329
2251,41500,2019,3,3,828
2252,41500,2019,3,4,2411
2253,41500,2019,3,5,2714
2254,41500,2019,3,6,2595
2255,41500,2019,3,7,2734
2256,41500,2019,3,8,2551
2257,41500,2019,3,9,1254
2258,41500,2019,3,10,927
2259,41500,2019,3,11,2551
2260,41500,2019,3,12,2794
2261,41500,2019,3,13,2594
2262,41500,2019,3,14,2722
2263,41500,2019,3,15,2563
2264,41500,2019,3,16,1839
2265,41500,2019,3,17,923
2266,41500,2019,3,18,2598
2267,41500,2019,3,19,2666
2268,41500,2019,3,20,2649
2269,41500,2019,3,21,2615
2270,41500,2019,3,22,2492
2271,41500,2019,3,23,1394
2272,41500,2019,3,24,882
2273,41500,2019,3,25,2576
2274,41500,2019,3,26,2626
2275,41500,2019,3,27,2661
2276,41500,2019,3,28,2616
2277,41500,2019,3,29,2520
2278,41500,2019,3,30,1287
2279,41500,2019,3,31,892
2280,41500,2019,4,1,2525
2281,41500,2019,4,2,2625
2282,41500,2019,4,3,2715
2283,41500,2019,4,4,2707
2284,41500,2019,4,5,2463
2285,41500,2019,4,6,1427
2286,41500,2019,4,7,1007
2287,41500,2019,4,8,2644
2288,41500,2019,4,9,2761
2289,41500,2019,4,10,2665
2290,41500,2019,4,11,2726
2291,41500,2019,4,12,2554
2292,41500,2019,4,13,1421
2293,41500,2019,4,14,693
2294,41500,2019,4,15,2389
2295,41500,2019,4,16,2459
2296,41500,2019,4,17,2446
2297,41500,2019,4,18,2507
2298,41500,2019,4,19,2137
2299,41500,2019,4,20,1135
2300,41500,2019,4,21,768
2301,41500,2019,4,22,2492
2302,41500,2019,4,23,2627
2303,41500,2019,4,24,2631
2304,41500,2019,4,25,2726
2305,41500,2019,4,26,2538
2306,41500,2019,4,27,1244
2307,41500,2019,4,28,1064
2308,41500,2019,4,29,2524
2309,41500,2019,4,30,2648
2310,41500,2019,5,1,2681
2311,41500,2019,5,2,2676
2312,41500,2019,5,3,2565
2313,41500,2019,5,4,1501
2314,41500,2019,5,5,1025
2315,41500,2019,5,6,2648
2316,41500,2019,5,7,2708
2317,41500,2019,5,8,2744
2318,41500,2019,5,9,2707
2319,41500,2019,5,10,2652
2320,41500,2019,5,11,1377
2321,41500,2019,5,12,893
2322,41500,2019,5,13,2533
2323,41500,2019,5,14,2673
2324,41500,2019,5,15,2636
2325,41500,2019,5,16,2669
2326,41500,2019,5,17,2520
2327,41500,2019,5,18,1348
2328,41500,2019,5,19,904
2329,41500,2019,5,20,2556
2330,41500,2019,5,21,2660
2331,41500,2019,5,22,2758
2332,41500,2019,5,23,2808
2333,41500,2019,5,24,2315
2334,41500,2019,5,25,1414
2335,41500,2019,5,26,1135
2336,41500,2019,5,27,674
2337,41500,2019,5,28,2679
2338,41500,2019,5,29,2891
2339,41500,2019,5,30,2917
2340,41500,2019,5,31,2882
2341,41500,2019,6,1,1429
2342,41500,2019,6,2,1099
2343,41500,2019,6,3,2706
2344,41500,2019,6,4,2722
2345,41500,2019,6,5,2816
2346,41500,2019,6,6,2762
2347,41500,2019,6,7,2711
2348,41500,2019,6,8,1542
2349,41500,2019,6,9,984
2350,41500,2019,6,10,2534
2351,41500,2019,6,11,2839
2352,41500,2019,6,12,2691
2353,41500,2019,6,13,2779
2354,41500,2019,6,14,2732
2355,41500,2019,6,15,1378
2356,41500,2019,6,16,951
2357,41500,2019,6,17,2581
2358,41500,2019,6,18,2857
2359,41500,2019,6,19,2725
2360,41500,2019,6,20,2884
2361,41500,2019,6,21,2615
2362,41500,2019,6,22,1802
2363,41500,2019,6,23,1032
2364,41500,2019,6,24,2532
2365,41500,2019,6,25,2758
2366,41500,2019,6,26,2736
2367,41500,2019,6,27,2702
2368,41500,2019,6,28,2653
2369,41500,2019,6,29,1434
2370,41500,2019,6,30,1645
2371,41500,2019,7,1,2493
2372,41500,2019,7,2,2604
2373,41500,2019,7,3,2467
2374,41500,2019,7,4,989
2375,41500,2019,7,5,1588
2376,41500,2019,7,6,1318
2377,41500,2019,7,7,943
2378,41500,2019,7,8,2527
2379,41500,2019,7,9,2781
2380,41500,2019,7,10,2724
2381,41500,2019,7,11,2803
2382,41500,2019,7,12,2769
2383,41500,2019,7,13,1618
2384,41500,2019,7,14,1212
2385,41500,2019,7,15,2579
2386,41500,2019,7,16,2771
2387,41500,2019,7,17,2790
2388,41500,2019,7,18,2535
2389,41500,2019,7,19,2452
2390,41500,2019,7,20,1417
2391,41500,2019,7,21,1038
2392,41500,2019,7,22,2615
2393,41500,2019,7,23,2745
2394,41500,2019,7,24,2770
2395,41500,2019,7,25,2755
2396,41500,2019,7,26,2617
2397,41500,2019,7,27,1424
2398,41500,2019,7,28,1006
2399,41500,2019,7,29,2509
2400,41500,2019,7,30,2779
2401,41500,2019,7,31,2755
2402,41500,2019,8,1,2885
2403,41500,2019,8,2,2768
2404,41500,2019,8,3,1637
2405,41500,2019,8,4,1237
2406,41500,2019,8,5,2597
2407,41500,2019,8,6,2771
2408,41500,2019,8,7,2806
2409,41500,2019,8,8,2739
2410,41500,2019,8,9,2550
2411,41500,2019,8,10,1487
2412,41500,2019,8,11,1029
2413,41500,2019,8,12,2555
2414,41500,2019,8,13,2735
2415,41500,2019,8,14,2692
2416,41500,2019,8,15,2715
2417,41500,2019,8,16,2686
2418,41500,2019,8,17,1427
2419,41500,2019,8,18,932
2420,41500,2019,8,19,2553
2421,41500,2019,8,20,2689
2422,41500,2019,8,21,2675
2423,41500,2019,8,22,2708
2424,41500,2019,8,23,2553
2425,41500,2019,8,24,1417
2426,41500,2019,8,25,990
2427,41500,2019,8,26,2454
2428,41500,2019,8,27,2693
2429,41500,2019,8,28,2732
2430,41500,2019,8,29,2631
2431,41500,2019,8,30,2384
2432,41500,2019,8,31,1421
2433,41500,2019,9,1,1119
2434,41500,2019,9,2,825
2435,41500,2019,9,3,2713
2436,41500,2019,9,4,2751
2437,41500,2019,9,5,2914
2438,41500,2019,9,6,2781
2439,41500,2019,9,7,1404
2440,41500,2019,9,8,927
2441,41500,2019,9,9,2787
2442,41500,2019,9,10,2884
2443,41500,2019,9,11,2839
2444,41500,2019,9,12,2858
2445,41500,2019,9,13,2682
2446,41500,2019,9,14,1903
2447,41500,2019,9,15,1181
2448,41500,2019,9,16,2784
2449,41500,2019,9,17,2898
2450,41500,2019,9,18,2878
2451,41500,2019,9,19,2820
2452,41500,2019,9,20,2838
2453,41500,2019,9,21,1568
2454,41500,2019,9,22,1003
2455,41500,2019,9,23,2715
2456,41500,2019,9,24,2794
2457,41500,2019,9,25,2813
2458,41500,2019,9,26,2799
2459,41500,2019,9,27,2478
2460,41500,2019,9,28,1408
2461,41500,2019,9,29,949
2462,41500,2019,9,30,2638
2463,41500,2019,10,1,2906
2464,41500,2019,10,2,2818
2465,41500,2019,10,3,2757
2466,41500,2019,10,4,2620
2467,41500,2019,10,5,1449
2468,41500,2019,10,6,1063
2469,41500,2019,10,7,2712
2470,41500,2019,10,8,2871
2471,41500,2019,10,9,2830
2472,41500,2019,10,10,2953
2473,41500,2019,10,11,2602
2474,41500,2019,10,12,1311
2475,41500,2019,10,13,1222
2476,41500,2019,10,14,2398
2477,41500,2019,10,15,2911
2478,41500,2019,10,16,2936
2479,41500,2019,10,17,2866
2480,41500,2019,10,18,2666
2481,41500,2019,10,19,1729
2482,41500,2019,10,20,1138
2483,41500,2019,10,21,2659
2484,41500,2019,10,22,2874
2485,41500,2019,10,23,2956
2486,41500,2019,10,24,2824
2487,41500,2019,10,25,2679
2488,41500,2019,10,26,1327
2489,41500,2019,10,27,1109
2490,41500,2019,10,28,2718
2491,41500,2019,10,29,3025
2492,41500,2019,10,30,2784
2493,41500,2019,10,31,2738
2494,41500,2019,11,1,2682
2495,41500,2019,11,2,1457
2496,41500,2019,11,3,1022
2497,41500,2019,11,4,2803
2498,41500,2019,11,5,2892
2499,41500,2019,11,6,2927
2500,41500,2019,11,7,2962
2501,41500,2019,11,8,2580
2502,41500,2019,11,9,1368
2503,41500,2019,11,10,1007
2504,41500,2019,11,11,2477
2505,41500,2019,11,12,2802
2506,41500,2019,11,13,2764
2507,41500,2019,11,14,2935
2508,41500,2019,11,15,2668
2509,41500,2019,11,16,1531
2510,41500,2019,11,17,1080
2511,41500,2019,11,18,2636
2512,41500,2019,11,19,2850
2513,41500,2019,11,20,2892
2514,41500,2019,11,21,2806
2515,41500,2019,11,22,2796
2516,41500,2019,11,23,1665
2517,41500,2019,11,24,1069
2518,41500,2019,11,25,2604
2519,41500,2019,11,26,2663
2520,41500,2019,11,27,2085
2521,41500,2019,11,28,403
2522,41500,2019,11,29,1105
2523,41500,2019,11,30,1018
2524,41500,2019,12,1,802
2525,41500,2019,12,2,2533
2526,41500,2019,12,3,2838
2527,41500,2019,12,4,2804
2528,41500,2019,12,5,2871
2529,41500,2019,12,6,2665
2530,41500,2019,12,7,1592
2531,41500,2019,12,8,960
2532,41500,2019,12,9,2582
2533,41500,2019,12,10,2650
2534,41500,2019,12,11,2636
2535,41500,2019,12,12,2695
2536,41500,2019,12,13,2614
2537,41500,2019,12,14,1416
2538,41500,2019,12,15,934
2539,41500,2019,12,16,2654
2540,41500,2019,12,17,2759
2541,41500,2019,12,18,2713
2542,41500,2019,12,19,2726
2543,41500,2019,12,20,2587
2544,41500,2019,12,21,1265
2545,41500,2019,12,22,966
2546,41500,2019,12,23,1643
2547,41500,2019,12,24,881
2548,41500,2019,12,25,261
2549,41500,2019,12,26,1215
2550,41500,2019,12,27,1532
2551,41500,2019,12,28,953
2552,41500,2019,12,29,757
2553,41500,2019,12,30,1778
2554,41500,2019,12,31,1685
2555,41440,2019,1,1,464
2556,41440,2019,1,2,1770
2557,41440,2019,1,3,1930
2558,41440,2019,1,4,1897
2559,41440,2019,1,5,1026
2560,41440,2019,1,6,680
2561,41440,2019,1,7,2544
2562,41440,2019,1,8,2744
2563,41440,2019,1,9,2666
2564,41440,2019,1,10,2630
2565,41440,2019,1,11,2568
2566,41440,2019,1,12,1029
2567,41440,2019,1,13,671
2568,41440,2019,1,14,2551
2569,41440,2019,1,15,2684
2570,41440,2019,1,16,2696
2571,41440,2019,1,17,2679
2572,41440,2019,1,18,2592
2573,41440,2019,1,19,1012
2574,41440,2019,1,20,642
2575,41440,2019,1,21,1214
2576,41440,2019,1,22,2605
2577,41440,2019,1,23,2600
2578,41440,2019,1,24,2551
2579,41440,2019,1,25,2106
2580,41440,2019,1,26,756
2581,41440,2019,1,27,600
2582,41440,2019,1,28,2634
2583,41440,2019,1,29,2048
2584,41440,2019,1,30,209
2585,41440,2019,1,31,685
2586,41440,2019,2,1,2190
2587,41440,2019,2,2,952
2588,41440,2019,2,3,651
2589,41440,2019,2,4,2647
2590,41440,2019,2,5,2698
2591,41440,2019,2,6,2709
2592,41440,2019,2,7,2660
2593,41440,2019,2,8,2343
2594,41440,2019,2,9,981
2595,41440,2019,2,10,637
2596,41440,2019,2,11,2505
2597,41440,2019,2,12,2669
2598,41440,2019,2,13,2701
2599,41440,2019,2,14,2716
2600,41440,2019,2,15,2403
2601,41440,2019,2,16,960
2602,41440,2019,2,17,651
2603,41440,2019,2,18,1572
2604,41440,2019,2,19,2659
2605,41440,2019,2,20,2637
2606,41440,2019,2,21,2616
2607,41440,2019,2,22,2536
2608,41440,2019,2,23,847
2609,41440,2019,2,24,611
2610,41440,2019,2,25,2465
2611,41440,2019,2,26,2565
2612,41440,2019,2,27,2607
2613,41440,2019,2,28,2538
2614,41440,2019,3,1,2468
2615,41440,2019,3,2,1109
2616,41440,2019,3,3,619
2617,41440,2019,3,4,2405
2618,41440,2019,3,5,2529
2619,41440,2019,3,6,2662
2620,41440,2019,3,7,2588
2621,41440,2019,3,8,2543
2622,41440,2019,3,9,986
2623,41440,2019,3,10,666
2624,41440,2019,3,11,2676
2625,41440,2019,3,12,2836
2626,41440,2019,3,13,2786
2627,41440,2019,3,14,2777
2628,41440,2019,3,15,2609
2629,41440,2019,3,16,1790
2630,41440,2019,3,17,718
2631,41440,2019,3,18,2706
2632,41440,2019,3,19,2728
2633,41440,2019,3,20,2691
2634,41440,2019,3,21,2668
2635,41440,2019,3,22,2515
2636,41440,2019,3,23,1156
2637,41440,2019,3,24,705
2638,41440,2019,3,25,2567
2639,41440,2019,3,26,2795
2640,41440,2019,3,27,2755
2641,41440,2019,3,28,2662
2642,41440,2019,3,29,2520
2643,41440,2019,3,30,1006
2644,41440,2019,3,31,694
2645,41440,2019,4,1,2733
2646,41440,2019,4,2,2718
2647,41440,2019,4,3,2809
2648,41440,2019,4,4,2747
2649,41440,2019,4,5,2238
2650,41440,2019,4,6,1115
2651,41440,2019,4,7,669
2652,41440,2019,4,8,2633
2653,41440,2019,4,9,2488
2654,41440,2019,4,10,2516
2655,41440,2019,4,11,2415
2656,41440,2019,4,12,2501
2657,41440,2019,4,13,1064
2658,41440,2019,4,14,514
2659,41440,2019,4,15,2146
2660,41440,2019,4,16,2197
2661,41440,2019,4,17,2209
2662,41440,2019,4,18,2116
2663,41440,2019,4,19,1744
2664,41440,2019,4,20,886
2665,41440,2019,4,21,549
2666,41440,2019,4,22,2479
2667,41440,2019,4,23,2716
2668,41440,2019,4,24,2752
2669,41440,2019,4,25,2691
2670,41440,2019,4,26,2529
2671,41440,2019,4,27,890
2672,41440,2019,4,28,721
2673,41440,2019,4,29,2483
2674,41440,2019,4,30,2583
2675,41440,2019,5,1,2712
2676,41440,2019,5,2,2594
2677,41440,2019,5,3,2556
2678,41440,2019,5,4,1105
2679,41440,2019,5,5,858
2680,41440,2019,5,6,2592
2681,41440,2019,5,7,2696
2682,41440,2019,5,8,2888
2683,41440,2019,5,9,2706
2684,41440,2019,5,10,2615
2685,41440,2019,5,11,1002
2686,41440,2019,5,12,652
2687,41440,2019,5,13,2686
2688,41440,2019,5,14,2836
2689,41440,2019,5,15,2805
2690,41440,2019,5,16,2720
2691,41440,2019,5,17,2410
2692,41440,2019,5,18,998
2693,41440,2019,5,19,749
2694,41440,2019,5,20,2594
2695,41440,2019,5,21,2738
2696,41440,2019,5,22,2805
2697,41440,2019,5,23,2762
2698,41440,2019,5,24,2403
2699,41440,2019,5,25,1130
2700,41440,2019,5,26,791
2701,41440,2019,5,27,523
2702,41440,2019,5,28,2736
2703,41440,2019,5,29,2850
2704,41440,2019,5,30,2875
2705,41440,2019,5,31,2727
2706,41440,2019,6,1,1181
2707,41440,2019,6,2,870
2708,41440,2019,6,3,2753
2709,41440,2019,6,4,2832
2710,41440,2019,6,5,2911
2711,41440,2019,6,6,2761
2712,41440,2019,6,7,2684
2713,41440,2019,6,8,1304
2714,41440,2019,6,9,872
2715,41440,2019,6,10,2669
2716,41440,2019,6,11,2683
2717,41440,2019,6,12,2514
2718,41440,2019,6,13,2675
2719,41440,2019,6,14,2609
2720,41440,2019,6,15,1003
2721,41440,2019,6,16,771
2722,41440,2019,6,17,2485
2723,41440,2019,6,18,2713
2724,41440,2019,6,19,2704
2725,41440,2019,6,20,2677
2726,41440,2019,6,21,2220
2727,41440,2019,6,22,1210
2728,41440,2019,6,23,723
2729,41440,2019,6,24,2298
2730,41440,2019,6,25,2527
2731,41440,2019,6,26,2353
2732,41440,2019,6,27,2302
2733,41440,2019,6,28,2231
2734,41440,2019,6,29,1083
2735,41440,2019,6,30,1048
2736,41440,2019,7,1,2198
2737,41440,2019,7,2,2173
2738,41440,2019,7,3,2078
2739,41440,2019,7,4,744
2740,41440,2019,7,5,1248
2741,41440,2019,7,6,958
2742,41440,2019,7,7,714
2743,41440,2019,7,8,2308
2744,41440,2019,7,9,2382
2745,41440,2019,7,10,2387
2746,41440,2019,7,11,2437
2747,41440,2019,7,12,2238
2748,41440,2019,7,13,1170
2749,41440,2019,7,14,850
2750,41440,2019,7,15,2282
2751,41440,2019,7,16,2456
2752,41440,2019,7,17,2338
2753,41440,2019,7,18,2202
2754,41440,2019,7,19,2120
2755,41440,2019,7,20,1026
2756,41440,2019,7,21,805
2757,41440,2019,7,22,2206
2758,41440,2019,7,23,2344
2759,41440,2019,7,24,2335
2760,41440,2019,7,25,2349
2761,41440,2019,7,26,2218
2762,41440,2019,7,27,1054
2763,41440,2019,7,28,829
2764,41440,2019,7,29,2212
2765,41440,2019,7,30,2426
2766,41440,2019,7,31,2379
2767,41440,2019,8,1,2479
2768,41440,2019,8,2,2409
2769,41440,2019,8,3,1294
2770,41440,2019,8,4,1049
2771,41440,2019,8,5,2275
2772,41440,2019,8,6,2291
2773,41440,2019,8,7,2285
2774,41440,2019,8,8,2308
2775,41440,2019,8,9,2189
2776,41440,2019,8,10,1126
2777,41440,2019,8,11,783
2778,41440,2019,8,12,2162
2779,41440,2019,8,13,2265
2780,41440,2019,8,14,2289
2781,41440,2019,8,15,2281
2782,41440,2019,8,16,2136
2783,41440,2019,8,17,1085
2784,41440,2019,8,18,734
2785,41440,2019,8,19,2260
2786,41440,2019,8,20,2366
2787,41440,2019,8,21,2426
2788,41440,2019,8,22,2431
2789,41440,2019,8,23,2142
2790,41440,2019,8,24,1084
2791,41440,2019,8,25,729
2792,41440,2019,8,26,2118
2793,41440,2019,8,27,2385
2794,41440,2019,8,28,2360
2795,41440,2019,8,29,2418
2796,41440,2019,8,30,2080
2797,41440,2019,8,31,1100
2798,41440,2019,9,1,852
2799,41440,2019,9,2,788
2800,41440,2019,9,3,2641
2801,41440,2019,9,4,2667
2802,41440,2019,9,5,2829
2803,41440,2019,9,6,2679
2804,41440,2019,9,7,1126
2805,41440,2019,9,8,724
2806,41440,2019,9,9,2677
2807,41440,2019,9,10,2789
2808,41440,2019,9,11,2769
2809,41440,2019,9,12,2809
2810,41440,2019,9,13,2694
2811,41440,2019,9,14,1181
2812,41440,2019,9,15,847
2813,41440,2019,9,16,2730
2814,41440,2019,9,17,2795
2815,41440,2019,9,18,2787
2816,41440,2019,9,19,2862
2817,41440,2019,9,20,2713
2818,41440,2019,9,21,1168
2819,41440,2019,9,22,720
2820,41440,2019,9,23,2775
2821,41440,2019,9,24,2857
2822,41440,2019,9,25,2841
2823,41440,2019,9,26,2883
2824,41440,2019,9,27,2380
2825,41440,2019,9,28,1032
2826,41440,2019,9,29,760
2827,41440,2019,9,30,2667
2828,41440,2019,10,1,2777
2829,41440,2019,10,2,2762
2830,41440,2019,10,3,2864
2831,41440,2019,10,4,2542
2832,41440,2019,10,5,1186
2833,41440,2019,10,6,883
2834,41440,2019,10,7,2724
2835,41440,2019,10,8,2810
2836,41440,2019,10,9,2717
2837,41440,2019,10,10,2760
2838,41440,2019,10,11,2541
2839,41440,2019,10,12,1098
2840,41440,2019,10,13,1041
2841,41440,2019,10,14,2012
2842,41440,2019,10,15,2771
2843,41440,2019,10,16,2764
2844,41440,2019,10,17,2397
2845,41440,2019,10,18,2311
2846,41440,2019,10,19,1169
2847,41440,2019,10,20,827
2848,41440,2019,10,21,2370
2849,41440,2019,10,22,2435
2850,41440,2019,10,23,2591
2851,41440,2019,10,24,2374
2852,41440,2019,10,25,2257
2853,41440,2019,10,26,870
2854,41440,2019,10,27,781
2855,41440,2019,10,28,2352
2856,41440,2019,10,29,2520
2857,41440,2019,10,30,2367
2858,41440,2019,10,31,2221
2859,41440,2019,11,1,2560
2860,41440,2019,11,2,974
2861,41440,2019,11,3,709
2862,41440,2019,11,4,2708
2863,41440,2019,11,5,2758
2864,41440,2019,11,6,2764
2865,41440,2019,11,7,2746
2866,41440,2019,11,8,2200
2867,41440,2019,11,9,1062
2868,41440,2019,11,10,654
2869,41440,2019,11,11,1923
2870,41440,2019,11,12,2656
2871,41440,2019,11,13,2669
2872,41440,2019,11,14,2423
2873,41440,2019,11,15,2526
2874,41440,2019,11,16,1174
2875,41440,2019,11,17,713
2876,41440,2019,11,18,2693
2877,41440,2019,11,19,2720
2878,41440,2019,11,20,2755
2879,41440,2019,11,21,2612
2880,41440,2019,11,22,2711
2881,41440,2019,11,23,1112
2882,41440,2019,11,24,750
2883,41440,2019,11,25,2548
2884,41440,2019,11,26,2426
2885,41440,2019,11,27,1832
2886,41440,2019,11,28,293
2887,41440,2019,11,29,860
2888,41440,2019,11,30,669
2889,41440,2019,12,1,553
2890,41440,2019,12,2,2516
2891,41440,2019,12,3,2682
2892,41440,2019,12,4,2688
2893,41440,2019,12,5,2777
2894,41440,2019,12,6,2611
2895,41440,2019,12,7,1347
2896,41440,2019,12,8,729
2897,41440,2019,12,9,2539
2898,41440,2019,12,10,2641
2899,41440,2019,12,11,2567
2900,41440,2019,12,12,2586
2901,41440,2019,12,13,2512
2902,41440,2019,12,14,1102
2903,41440,2019,12,15,715
2904,41440,2019,12,16,2524
2905,41440,2019,12,17,2665
2906,41440,2019,12,18,2548
2907,41440,2019,12,19,2563
2908,41440,2019,12,20,2372
2909,41440,2019,12,21,988
2910,41440,2019,12,22,622
2911,41440,2019,12,23,1429
2912,41440,2019,12,24,652
2913,41440,2019,12,25,166
2914,41440,2019,12,26,974
2915,41440,2019,12,27,1126
2916,41440,2019,12,28,726
2917,41440,2019,12,29,598
2918,41440,2019,12,30,1465
2919,41440,2019,12,31,1370
2920,41660,2019,1,1,6732
2921,41660,2019,1,2,18534
2922,41660,2019,1,3,19893
2923,41660,2019,1,4,20014
2924,41660,2019,1,5,9448
2925,41660,2019,1,6,6332
2926,41660,2019,1,7,19556
2927,41660,2019,1,8,20698
2928,41660,2019,1,9,20486
2929,41660,2019,1,10,20538
2930,41660,2019,1,11,20527
2931,41660,2019,1,12,9280
2932,41660,2019,1,13,6353
2933,41660,2019,1,14,21027
2934,41660,2019,1,15,21480
2935,41660,2019,1,16,21425
2936,41660,2019,1,17,21341
2937,41660,2019,1,18,20796
2938,41660,2019,1,19,8959
2939,41660,2019,1,20,6564
2940,41660,2019,1,21,11401
2941,41660,2019,1,22,21745
2942,41660,2019,1,23,21688
2943,41660,2019,1,24,21328
2944,41660,2019,1,25,19613
2945,41660,2019,1,26,8861
2946,41660,2019,1,27,6128
2947,41660,2019,1,28,20542
2948,41660,2019,1,29,18333
2949,41660,2019,1,30,2913
2950,41660,2019,1,31,7514
2951,41660,2019,2,1,20205
2952,41660,2019,2,2,9219
2953,41660,2019,2,3,6470
2954,41660,2019,2,4,20939
2955,41660,2019,2,5,21834
2956,41660,2019,2,6,21237
2957,41660,2019,2,7,22315
2958,41660,2019,2,8,19882
2959,41660,2019,2,9,10346
2960,41660,2019,2,10,6707
2961,41660,2019,2,11,20970
2962,41660,2019,2,12,20158
2963,41660,2019,2,13,21301
2964,41660,2019,2,14,22003
2965,41660,2019,2,15,20976
2966,41660,2019,2,16,10634
2967,41660,2019,2,17,7594
2968,41660,2019,2,18,14154
2969,41660,2019,2,19,21458
2970,41660,2019,2,20,20981
2971,41660,2019,2,21,20896
2972,41660,2019,2,22,20421
2973,41660,2019,2,23,9935
2974,41660,2019,2,24,7011
2975,41660,2019,2,25,20406
2976,41660,2019,2,26,21010
2977,41660,2019,2,27,21176
2978,41660,2019,2,28,21292
2979,41660,2019,3,1,19865
2980,41660,2019,3,2,9935
2981,41660,2019,3,3,6627
2982,41660,2019,3,4,18845
2983,41660,2019,3,5,21343
2984,41660,2019,3,6,21165
2985,41660,2019,3,7,20727
2986,41660,2019,3,8,20156
2987,41660,2019,3,9,9411
2988,41660,2019,3,10,6659
2989,41660,2019,3,11,20687
2990,41660,2019,3,12,21201
2991,41660,2019,3,13,21185
2992,41660,2019,3,14,21115
2993,41660,2019,3,15,21394
2994,41660,2019,3,16,21768
2995,41660,2019,3,17,8446
2996,41660,2019,3,18,20833
2997,41660,2019,3,19,21221
2998,41660,2019,3,20,20893
2999,41660,2019,3,21,20847
3000,41660,2019,3,22,20082
3001,41660,2019,3,23,10785
3002,41660,2019,3,24,7165
3003,41660,2019,3,25,20550
3004,41660,2019,3,26,20586
3005,41660,2019,3,27,20278
3006,41660,2019,3,28,20263
3007,41660,2019,3,29,19554
3008,41660,2019,3,30,9972
3009,41660,2019,3,31,6842
3010,41660,2019,4,1,20258
3011,41660,2019,4,2,20748
3012,41660,2019,4,3,21248
3013,41660,2019,4,4,21371
3014,41660,2019,4,5,20974
3015,41660,2019,4,6,12248
3016,41660,2019,4,7,7449
3017,41660,2019,4,8,21482
3018,41660,2019,4,9,20851
3019,41660,2019,4,10,21824
3020,41660,2019,4,11,21424
3021,41660,2019,4,12,21089
3022,41660,2019,4,13,12418
3023,41660,2019,4,14,6006
3024,41660,2019,4,15,19090
3025,41660,2019,4,16,19477
3026,41660,2019,4,17,19270
3027,41660,2019,4,18,19350
3028,41660,2019,4,19,19396
3029,41660,2019,4,20,11358
3030,41660,2019,4,21,7663
3031,41660,2019,4,22,19168
3032,41660,2019,4,23,21935
3033,41660,2019,4,24,21988
3034,41660,2019,4,25,22354
3035,41660,2019,4,26,20885
3036,41660,2019,4,27,9463
3037,41660,2019,4,28,7834
3038,41660,2019,4,29,19473
3039,41660,2019,4,30,20549
3040,41660,2019,5,1,20206
3041,41660,2019,5,2,20846
3042,41660,2019,5,3,22586
3043,41660,2019,5,4,12612
3044,41660,2019,5,5,9344
3045,41660,2019,5,6,20600
3046,41660,2019,5,7,21586
3047,41660,2019,5,8,21719
3048,41660,2019,5,9,21479
3049,41660,2019,5,10,22412
3050,41660,2019,5,11,12993
3051,41660,2019,5,12,8525
3052,41660,2019,5,13,19636
3053,41660,2019,5,14,20209
3054,41660,2019,5,15,19818
3055,41660,2019,5,16,19637
3056,41660,2019,5,17,20052
3057,41660,2019,5,18,11090
3058,41660,2019,5,19,8298
3059,41660,2019,5,20,21273
3060,41660,2019,5,21,21143
3061,41660,2019,5,22,21985
3062,41660,2019,5,23,21757
3063,41660,2019,5,24,20097
3064,41660,2019,5,25,12075
3065,41660,2019,5,26,10159
3066,41660,2019,5,27,7285
3067,41660,2019,5,28,20022
3068,41660,2019,5,29,20250
3069,41660,2019,5,30,20788
3070,41660,2019,5,31,21120
3071,41660,2019,6,1,9820
3072,41660,2019,6,2,8255
3073,41660,2019,6,3,21195
3074,41660,2019,6,4,21628
3075,41660,2019,6,5,22230
3076,41660,2019,6,6,23477
3077,41660,2019,6,7,23223
3078,41660,2019,6,8,14944
3079,41660,2019,6,9,9406
3080,41660,2019,6,10,20496
3081,41660,2019,6,11,21575
3082,41660,2019,6,12,20478
3083,41660,2019,6,13,22408
3084,41660,2019,6,14,24291
3085,41660,2019,6,15,12107
3086,41660,2019,6,16,8857
3087,41660,2019,6,17,20472
3088,41660,2019,6,18,23461
3089,41660,2019,6,19,23182
3090,41660,2019,6,20,23679
3091,41660,2019,6,21,21039
3092,41660,2019,6,22,13005
3093,41660,2019,6,23,8271
3094,41660,2019,6,24,18935
3095,41660,2019,6,25,22356
3096,41660,2019,6,26,23765
3097,41660,2019,6,27,23783
3098,41660,2019,6,28,21762
3099,41660,2019,6,29,12805
3100,41660,2019,6,30,16568
3101,41660,2019,7,1,20599
3102,41660,2019,7,2,21239
3103,41660,2019,7,3,20291
3104,41660,2019,7,4,10080
3105,41660,2019,7,5,14499
3106,41660,2019,7,6,11552
3107,41660,2019,7,7,8660
3108,41660,2019,7,8,20389
3109,41660,2019,7,9,22554
3110,41660,2019,7,10,21676
3111,41660,2019,7,11,22365
3112,41660,2019,7,12,23861
3113,41660,2019,7,13,14035
3114,41660,2019,7,14,9541
3115,41660,2019,7,15,22091
3116,41660,2019,7,16,23355
3117,41660,2019,7,17,23602
3118,41660,2019,7,18,21003
3119,41660,2019,7,19,23034
3120,41660,2019,7,20,13291
3121,41660,2019,7,21,10579
3122,41660,2019,7,22,21059
3123,41660,2019,7,23,21687
3124,41660,2019,7,24,22467
3125,41660,2019,7,25,22667
3126,41660,2019,7,26,20705
3127,41660,2019,7,27,11719
3128,41660,2019,7,28,8415
3129,41660,2019,7,29,19540
3130,41660,2019,7,30,21453
3131,41660,2019,7,31,22374
3132,41660,2019,8,1,22473
3133,41660,2019,8,2,23832
3134,41660,2019,8,3,14266
3135,41660,2019,8,4,11210
3136,41660,2019,8,5,22427
3137,41660,2019,8,6,22921
3138,41660,2019,8,7,23080
3139,41660,2019,8,8,21436
3140,41660,2019,8,9,21933
3141,41660,2019,8,10,12253
3142,41660,2019,8,11,9291
3143,41660,2019,8,12,20029
3144,41660,2019,8,13,20701
3145,41660,2019,8,14,20706
3146,41660,2019,8,15,20186
3147,41660,2019,8,16,18870
3148,41660,2019,8,17,12047
3149,41660,2019,8,18,7835
3150,41660,2019,8,19,19402
3151,41660,2019,8,20,21143
3152,41660,2019,8,21,21756
3153,41660,2019,8,22,22411
3154,41660,2019,8,23,22204
3155,41660,2019,8,24,12943
3156,41660,2019,8,25,9171
3157,41660,2019,8,26,20047
3158,41660,2019,8,27,20924
3159,41660,2019,8,28,21348
3160,41660,2019,8,29,21217
3161,41660,2019,8,30,21508
3162,41660,2019,8,31,13328
3163,41660,2019,9,1,11148
3164,41660,2019,9,2,9537
3165,41660,2019,9,3,21646
3166,41660,2019,9,4,21346
3167,41660,2019,9,5,22622
3168,41660,2019,9,6,21536
3169,41660,2019,9,7,11867
3170,41660,2019,9,8,8435
3171,41660,2019,9,9,20812
3172,41660,2019,9,10,21844
3173,41660,2019,9,11,22021
3174,41660,2019,9,12,21881
3175,41660,2019,9,13,24388
3176,41660,2019,9,14,14822
3177,41660,2019,9,15,10901
3178,41660,2019,9,16,22223
3179,41660,2019,9,17,21460
3180,41660,2019,9,18,22857
3181,41660,2019,9,19,23374
3182,41660,2019,9,20,23621
3183,41660,2019,9,21,13097
3184,41660,2019,9,22,8417
3185,41660,2019,9,23,21293
3186,41660,2019,9,24,22099
3187,41660,2019,9,25,23001
3188,41660,2019,9,26,22233
3189,41660,2019,9,27,20463
3190,41660,2019,9,28,11333
3191,41660,2019,9,29,8024
3192,41660,2019,9,30,20414
3193,41660,2019,10,1,21351
3194,41660,2019,10,2,21882
3195,41660,2019,10,3,21827
3196,41660,2019,10,4,21019
3197,41660,2019,10,5,10862
3198,41660,2019,10,6,8089
3199,41660,2019,10,7,21052
3200,41660,2019,10,8,21185
3201,41660,2019,10,9,21193
3202,41660,2019,10,10,22778
3203,41660,2019,10,11,22445
3204,41660,2019,10,12,14381
3205,41660,2019,10,13,15979
3206,41660,2019,10,14,20946
3207,41660,2019,10,15,22699
3208,41660,2019,10,16,22295
3209,41660,2019,10,17,23152
3210,41660,2019,10,18,23404
3211,41660,2019,10,19,14801
3212,41660,2019,10,20,9665
3213,41660,2019,10,21,21162
3214,41660,2019,10,22,22582
3215,41660,2019,10,23,24175
3216,41660,2019,10,24,22464
3217,41660,2019,10,25,21689
3218,41660,2019,10,26,10637
3219,41660,2019,10,27,8549
3220,41660,2019,10,28,21768
3221,41660,2019,10,29,22308
3222,41660,2019,10,30,21364
3223,41660,2019,10,31,16701
3224,41660,2019,11,1,21189
3225,41660,2019,11,2,11645
3226,41660,2019,11,3,9122
3227,41660,2019,11,4,21819
3228,41660,2019,11,5,22155
3229,41660,2019,11,6,21700
3230,41660,2019,11,7,22788
3231,41660,2019,11,8,21170
3232,41660,2019,11,9,11861
3233,41660,2019,11,10,8310
3234,41660,2019,11,11,19017
3235,41660,2019,11,12,21987
3236,41660,2019,11,13,22066
3237,41660,2019,11,14,22405
3238,41660,2019,11,15,22459
3239,41660,2019,11,16,13801
3240,41660,2019,11,17,8964
3241,41660,2019,11,18,21573
3242,41660,2019,11,19,22214
3243,41660,2019,11,20,22297
3244,41660,2019,11,21,22127
3245,41660,2019,11,22,25610
3246,41660,2019,11,23,16845
3247,41660,2019,11,24,9528
3248,41660,2019,11,25,21617
3249,41660,2019,11,26,21259
3250,41660,2019,11,27,16988
3251,41660,2019,11,28,6073
3252,41660,2019,11,29,13268
3253,41660,2019,11,30,10283
3254,41660,2019,12,1,8339
3255,41660,2019,12,2,21442
3256,41660,2019,12,3,22191
3257,41660,2019,12,4,22681
3258,41660,2019,12,5,23061
3259,41660,2019,12,6,22880
3260,41660,2019,12,7,14317
3261,41660,2019,12,8,9250
3262,41660,2019,12,9,21108
3263,41660,2019,12,10,21925
3264,41660,2019,12,11,21754
3265,41660,2019,12,12,22193
3266,41660,2019,12,13,21959
3267,41660,2019,12,14,13102
3268,41660,2019,12,15,8685
3269,41660,2019,12,16,20468
3270,41660,2019,12,17,21474
3271,41660,2019,12,18,21165
3272,41660,2019,12,19,21234
3273,41660,2019,12,20,20082
3274,41660,2019,12,21,11926
3275,41660,2019,12,22,9263
3276,41660,2019,12,23,16239
3277,41660,2019,12,24,9871
3278,41660,2019,12,25,3998
3279,41660,2019,12,26,12270
3280,41660,2019,12,27,13898
3281,41660,2019,12,28,9485
3282,41660,2019,12,29,7581
3283,41660,2019,12,30,15332
3284,41660,2019,12,31,13430
