,id,budget,revenue
0,19995,237000000,2787965087.0
1,285,300000000,961000000.0
2,206647,245000000,880674609.0
3,49026,250000000,1084939099.0
4,49529,260000000,284139100.0
5,559,258000000,890871626.0
6,38757,260000000,591794936.0
7,99861,280000000,1405403694.0
8,767,250000000,933959197.0
9,209112,250000000,873260194.0
10,1452,270000000,391081192.0
11,10764,200000000,586090727.0
12,58,200000000,1065659812.0
13,57201,255000000,89289910.0
14,49521,225000000,662845518.0
15,2454,225000000,419651413.0
16,24428,220000000,1519557910.0
17,1865,380000000,1045713802.0
18,41154,225000000,624026776.0
19,122917,250000000,956019788.0
20,1930,215000000,752215857.0
21,20662,200000000,310669540.0
22,57158,250000000,958400000.0
23,2268,180000000,372234864.0
24,254,207000000,550000000.0
25,597,200000000,1845034188.0
26,271110,250000000,1153304495.0
27,44833,209000000,303025485.0
28,135397,150000000,1513528810.0
29,37724,200000000,1108561013.0
30,558,200000000,783766341.0
31,68721,200000000,1215439994.0
32,12155,200000000,1025491110.0
33,36668,210000000,459359555.0
34,62211,200000000,743559607.0
35,8373,150000000,836297228.0
36,91314,210000000,1091405097.0
37,68728,200000000,491868548.0
38,102382,200000000,705717432.0
39,20526,170000000,400062763.0
40,49013,200000000,559852396.0
41,44912,200000000,219851172.0
42,10193,200000000,1066969703.0
43,534,200000000,371353001.0
44,168259,190000000,1506249360.0
45,72190,200000000,531865000.0
46,127585,250000000,747862775.0
47,54138,190000000,467365246.0
48,81005,195000000,197687603.0
49,64682,105000000,351040419.0
50,9543,150000000,335154643.0
51,68726,180000000,407602906.0
52,38356,195000000,1123746996.0
53,217,185000000,786636033.0
54,105864,175000000,331926147.0
55,62177,185000000,538983207.0
56,188927,185000000,343471816.0
57,10681,180000000,521311860.0
58,5174,140000000,258022233.0
59,14161,200000000,769653595.0
60,17979,200000000,325233863.0
61,76757,176000003,183987723.0
62,258489,180000000,356743061.0
63,411,180000000,748806957.0
64,246655,178000000,543934787.0
65,155,185000000,1004558444.0
66,14160,175000000,735099082.0
67,15512,175000000,381509870.0
68,1726,140000000,585174222.0
69,44826,170000000,185770160.0
70,8487,170000000,222104681.0
71,1735,145000000,401128639.0
72,297761,175000000,745000000.0
73,2698,175000000,173000000.0
74,137113,178000000,370541256.0
75,9804,175000000,264218220.0
76,14869,175000000,302469017.0
77,150540,175000000,857611174.0
78,278927,175000000,966550600.0
79,10138,200000000,623933331.0
80,58595,170000000,396600000.0
81,102651,180000000,758539785.0
82,119450,170000000,710644566.0
83,64686,175000000,150962475.0
84,100402,170000000,714766572.0
85,10192,165000000,752600867.0
86,158852,190000000,209154322.0
87,177572,165000000,652105443.0
88,82690,165000000,471222889.0
89,5255,165000000,305875730.0
90,47933,165000000,389681935.0
91,10191,165000000,494878759.0
92,296,200000000,435000000.0
93,118340,170000000,773328629.0
94,157336,165000000,675120017.0
95,27205,160000000,825532764.0
96,315011,15000000,77000000.0
97,49051,250000000,1021103568.0
98,9799,38000000,207283925.0
99,4922,150000000,333932083.0
100,49538,160000000,353624124.0
101,131634,160000000,653428261.0
102,27022,150000000,215283742.0
103,503,160000000,181674817.0
104,241259,170000000,299370084.0
105,810,160000000,798958165.0
106,68735,160000000,433677183.0
107,87101,155000000,440603537.0
108,10140,155000000,415686217.0
109,676,140000000,449220945.0
110,1858,150000000,709709780.0
111,1966,155000000,167298192.0
112,675,150000000,938212738.0
113,674,150000000,895921036.0
114,8960,150000000,624029371.0
115,6479,150000000,585349010.0
116,118,150000000,474968763.0
117,2062,150000000,623722818.0
118,272,150000000,374218673.0
119,10527,150000000,603900354.0
120,18360,150000000,413106170.0
121,2080,150000000,373062864.0
122,605,150000000,424988211.0
123,109445,150000000,1274219009.0
124,604,150000000,738599701.0
125,76338,170000000,644571402.0
126,76341,150000000,378858340.0
127,13448,150000000,356613439.0
128,10195,150000000,449326618.0
129,13053,150000000,309979994.0
130,19585,150000000,292817841.0
131,57165,150000000,301000000.0
132,62213,150000000,245527149.0
133,177677,150000000,682330139.0
134,5559,150000000,287594577.0
135,49444,150000000,665692281.0
136,10196,150000000,318502923.0
137,956,150000000,397850012.0
138,117251,150000000,205366737.0
139,50321,150000000,38992758.0
140,11619,149000000,64459316.0
141,266647,150000000,128388320.0
142,82703,145000000,272912430.0
143,652,175000000,497409852.0
144,80321,145000000,746921274.0
145,36669,140000000,431971116.0
146,43074,144000000,229147509.0
147,95,140000000,553799566.0
148,608,140000000,441818803.0
149,2310,70000000,195735876.0
150,140300,145000000,521170825.0
151,56292,145000000,694713380.0
152,81188,145000000,306941670.0
153,7552,100000000,202026112.0
154,616,140000000,456758981.0
155,147441,140000000,268031828.0
156,13475,150000000,385680446.0
157,557,139000000,821708551.0
158,82702,145000000,609123048.0
159,205584,140000000,150680864.0
160,10048,135000000,76932943.0
161,13183,130000000,185258983.0
162,944,140000000,285444603.0
163,1927,137000000,245360480.0
164,72559,130000000,371876278.0
165,7364,130000000,119269486.0
166,2114,137000000,85131830.0
167,1771,140000000,370569774.0
168,36643,135000000,361832400.0
169,8619,150000000,212011111.0
170,50620,120000000,829000000.0
171,65759,130000000,150406466.0
172,1724,150000000,163712074.0
173,267935,140000000,183345589.0
174,281957,135000000,532950503.0
175,77950,135000000,282570682.0
176,44896,135000000,245724603.0
177,270946,132000000,373552094.0
178,2503,70000000,442824138.0
179,9502,130000000,631744560.0
180,102899,130000000,519311965.0
181,101299,130000000,847423452.0
182,228161,135000000,368871007.0
183,74,132000000,591739379.0
184,8961,130000000,273339556.0
185,417859,130000000,554987477.0
186,27576,110000000,293329073.0
187,86834,125000000,362637473.0
188,17578,130000000,371940071.0
189,673,130000000,789804554.0
190,6972,130000000,49554002.0
191,82700,130000000,243843127.0
192,10567,127500000,354248063.0
193,181533,127000000,349424282.0
194,38055,130000000,321887208.0
195,671,125000000,976475550.0
196,49524,130000000,61648500.0
197,22,140000000,655011224.0
198,131631,125000000,752100229.0
199,591,125000000,767820459.0
200,172385,103000000,500188435.0
201,36658,110000000,407711549.0
202,51497,125000000,626137675.0
203,58574,125000000,334615000.0
204,18823,125000000,232713139.0
205,861,65000000,261317921.0
206,1911,160000000,61698899.0
207,49040,130000000,276572938.0
208,415,125000000,238207122.0
209,8871,123000000,345141403.0
210,435,125000000,544272402.0
211,955,125000000,546388105.0
212,2133,120000000,325756637.0
213,1979,130000000,289047763.0
214,87827,120000000,609016565.0
215,1250,110000000,228738393.0
216,324668,120000000,415484914.0
217,9471,120000000,259175788.0
218,70981,130000000,403170142.0
219,10996,120000000,169956806.0
220,68724,115000000,286140700.0
221,2789,105000000,115772733.0
222,97020,120000000,242688965.0
223,7459,120000000,93945766.0
224,42888,120000000,48668907.0
225,37834,117000000,261930431.0
226,75612,120000000,286168572.0
227,1895,113000000,850000000.0
228,1894,120000000,649398328.0
229,585,115000000,562816256.0
230,76170,120000000,415440673.0
231,1893,115000000,924317558.0
232,49519,135000000,585178928.0
233,2395,97250400,132900000.0
234,12100,115000000,77628265.0
235,290595,115000000,164602163.0
236,98566,125000000,477200000.0
237,49047,105000000,716392705.0
238,9619,116000000,178127760.0
239,308531,135000000,245623848.0
240,166424,120000000,167977596.0
241,1593,110000000,574480841.0
242,254128,110000000,470490832.0
243,714,110000000,333011068.0
244,2024,110000000,215294342.0
245,163,110000000,362744280.0
246,787,110000000,478207520.0
247,262500,110000000,295238201.0
248,2567,116000000,102000000.0
249,38745,112000000,237382724.0
250,40805,120000000,227817248.0
251,53182,110000000,337580051.0
252,41513,110000000,563749323.0
253,13700,110000000,103951461.0
254,262504,110000000,179246868.0
255,39254,110000000,299268508.0
256,77931,105000000,347434178.0
257,1639,160000000,164508066.0
258,80274,110000000,125537191.0
259,1571,110000000,383531464.0
260,120,93000000,871368364.0
261,10204,110000000,72178895.0
262,8489,107000000,87713825.0
263,2048,120000000,347234916.0
264,1495,130000000,211643158.0
265,10137,133000000,300135367.0
266,10198,105000000,267045765.0
267,286217,108000000,630161890.0
268,1635,126000000,162949164.0
269,24113,90000000,10372291.0
270,9679,90000000,237202299.0
271,98,103000000,457640427.0
272,180,102000000,358372926.0
273,672,100000000,876688482.0
274,36557,150000000,599045960.0
275,869,100000000,362211740.0
276,280,100000000,520000000.0
277,11322,80000000,214104620.0
278,4982,100000000,266465037.0
279,36955,115000000,378882411.0
280,18487,100000000,150166126.0
281,39451,100000000,310650585.0
282,27581,100000000,170432927.0
283,9268,100000000,242295562.0
284,68718,100000000,425368238.0
285,10545,100000000,100138851.0
286,11688,100000000,169327687.0
287,76163,100000000,312573423.0
288,2059,100000000,347451894.0
289,2486,100000000,249288105.0
290,16523,100000000,100086793.0
291,116711,100000000,268426634.0
292,37710,100000000,278731369.0
293,9946,100000000,211989043.0
294,1372,100000000,170877916.0
295,106646,100000000,392000694.0
296,414,100000000,336529144.0
297,563,105000000,121214377.0
298,83542,102000000,130482868.0
299,41216,80000000,140073390.0
300,314,100000000,82102379.0
301,184315,100000000,243400000.0
302,9016,140000000,109578115.0
303,18162,100000000,68688831.0
304,138103,90000000,206172544.0
305,257088,105000000,133718711.0
306,205775,100000000,93820758.0
307,11692,100000000,7103973.0
308,22972,100000000,94882889.0
309,227973,99000000,246233113.0
310,29193,10000000,13835130.0
311,1734,98000000,433013274.0
312,3131,100000000,193772504.0
313,76758,94000000,95311434.0
314,9408,85000000,149044513.0
315,9890,90000000,102000000.0
316,855,92000000,172989651.0
317,18,90000000,263920180.0
318,37786,100000000,288347692.0
319,10501,95000000,76432727.0
320,57800,95000000,877244782.0
321,150689,95000000,543514353.0
322,7980,65000000,93525586.0
323,12,94000000,940335536.0
324,122,94000000,1118888979.0
325,121,79000000,926287400.0
326,68737,95000000,114178613.0
327,1995,115000000,274703340.0
328,157353,100000000,103039258.0
329,331,93000000,368780809.0
330,61791,93000000,482860185.0
331,8204,90000000,162839667.0
332,47964,92000000,304654182.0
333,10733,145000000,25819961.0
334,9806,92000000,631442092.0
335,1408,98000000,10017322.0
336,32657,95000000,226497209.0
337,607,90000000,589390539.0
338,863,90000000,497366869.0
339,44048,100000000,167805466.0
340,5175,90000000,347325802.0
341,2655,100000000,155464351.0
342,22794,100000000,242988466.0
343,8355,90000000,886686817.0
344,116745,90000000,188133322.0
345,4327,92000000,264105545.0
346,1422,90000000,289847354.0
347,10674,90000000,304320254.0
348,7446,92000000,188072649.0
349,65754,90000000,232617430.0
350,1572,90000000,366101666.0
351,10528,90000000,524028679.0
352,271969,100000000,94061311.0
353,10865,120000000,186053725.0
354,2253,75000000,200276000.0
355,10661,90000000,201596308.0
356,257344,88000000,243637091.0
357,644,100000000,235926552.0
358,10756,90000000,182290266.0
359,686,90000000,171120329.0
360,9383,95000000,190213455.0
361,179,80000000,162944923.0
362,76285,90000000,174578751.0
363,1996,95000000,156505388.0
364,291805,90000000,334901337.0
365,10003,68000000,118063304.0
366,1535,92000000,143049560.0
367,2067,90000000,60874615.0
368,46195,90000000,484635760.0
369,2277,100000000,93700000.0
370,4477,90000000,140807547.0
371,8665,100000000,35168966.0
372,9387,20000000,79114085.0
373,921,88000000,108539911.0
374,49852,90000000,16178959.0
375,4464,87000000,148336445.0
376,664,92000000,494471524.0
377,8358,90000000,429632142.0
378,9836,100000000,384335608.0
379,2502,75000000,288500217.0
380,9772,85000000,315156409.0
381,161,85000000,450717150.0
382,52451,75000000,132274484.0
383,76492,85000000,358375603.0
384,4523,85000000,340487652.0
385,59961,85000000,208076205.0
386,10481,85000000,183611771.0
387,59108,75000000,152930623.0
388,1581,85000000,194168700.0
389,9798,90000000,250649836.0
390,22897,85000000,219103655.0
391,298,85000000,311312624.0
392,7484,85000000,197309027.0
393,157350,85000000,288747895.0
394,853,68000000,96976270.0
395,10159,85000000,80916492.0
396,9593,85000000,137298489.0
397,1904,85000000,162242962.0
398,9615,85000000,158468292.0
399,297,90000000,142940100.0
400,9884,85000000,78382433.0
401,62764,85000000,183018522.0
402,22538,60000000,47664559.0
403,9341,60000000,74208267.0
404,12107,84000000,123307945.0
405,9637,84000000,275650703.0
406,49049,50000000,41037742.0
407,9339,82500000,237681299.0
408,16281,8000000,21028755.0
409,39691,85000000,112483764.0
410,8247,85000000,222231186.0
411,11253,85000000,160388063.0
412,1949,65000000,84785914.0
413,8452,82000000,96085477.0
414,310,80000000,484572835.0
415,27578,80000000,274470394.0
416,954,80000000,457696359.0
417,70160,75000000,691210692.0
418,45243,80000000,254455986.0
419,364,80000000,280000000.0
420,7518,80000000,343397247.0
421,11544,80000000,145771527.0
422,9986,85000000,144000000.0
423,8656,75000000,140464664.0
424,9291,82000000,190320568.0
425,55301,75000000,342695435.0
426,109418,80000000,246984278.0
427,11665,80000000,230685453.0
428,6964,80000000,266728738.0
429,11324,80000000,294804195.0
430,12193,80000000,163733697.0
431,9928,75000000,260696994.0
432,754,80000000,245676146.0
433,10202,80000000,212874442.0
434,4147,80000000,181001478.0
435,50546,80000000,214918407.0
436,1701,75000000,224012234.0
437,13027,80000000,178066569.0
438,2289,79000000,173013509.0
439,20504,80000000,157107755.0
440,9574,80000000,177977226.0
441,11618,80000000,91188905.0
442,2300,80000000,250200000.0
443,10200,80000000,233093859.0
444,8834,75000000,136982834.0
445,228150,68000000,211817906.0
446,6068,70000000,164000000.0
447,41515,80000000,201584141.0
448,9023,80000000,122563539.0
449,38317,80000000,169852759.0
450,2157,80000000,136159423.0
451,14462,80000000,96105964.0
452,159824,80000000,473226958.0
453,49948,80000000,90874570.0
454,2135,80000000,123729176.0
455,9705,102000000,147080413.0
456,1656,75000000,142400065.0
457,12159,85000000,71485043.0
458,4442,88000000,105316267.0
459,75,70000000,101371017.0
460,19959,80000000,122444772.0
461,11973,80000000,34566746.0
462,11228,80000000,159212469.0
463,77951,80000000,126546518.0
464,5491,44000000,21400000.0
465,10715,80000000,68514844.0
466,10197,80000000,53825515.0
467,9562,80000000,19480739.0
468,9922,80000000,17626234.0
469,9447,90000000,69131860.0
470,274854,90000000,146936910.0
471,8870,80000000,33463969.0
472,9992,86000000,107944236.0
473,10077,80000000,5989640.0
474,76649,130000000,117831631.0
475,453,60000000,313542341.0
476,8587,45000000,788241776.0
477,72545,79000000,355692760.0
478,109451,78000000,248384621.0
479,9533,78000000,209196298.0
480,2023,100000000,108103450.0
481,71880,79000000,149673788.0
482,584,76000000,236350661.0
483,309809,64000000,97571250.0
484,4858,80000000,15071514.0
485,17711,76000000,35134820.0
486,328111,75000000,875958308.0
487,8698,78000000,179265204.0
488,93456,76000000,970761885.0
489,602,75000000,816969268.0
490,330,73000000,229074524.0
491,953,75000000,532680671.0
492,9693,76000000,69959751.0
493,36657,75000000,296339527.0
494,8909,75000000,258270008.0
495,9802,75000000,335062621.0
496,950,80000000,660940780.0
497,1824,75000000,196482882.0
498,2976,50000000,90450008.0
499,11026,80000000,78000586.0
500,75656,75000000,117698894.0
501,38365,80000000,271430189.0
502,594,60000000,219417255.0
503,15189,35000000,73034460.0
504,11678,75000000,215663859.0
505,6538,75000000,119000410.0
506,10555,75000000,367275019.0
507,1125,70000000,154937680.0
508,4551,53000000,95226116.0
509,612,70000000,130358911.0
510,9567,70000000,85632458.0
511,37821,75000000,98159963.0
512,203801,75000000,108145109.0
513,2539,80000000,55041367.0
514,9297,75000000,140175006.0
515,3172,75000000,67631903.0
516,6520,55000000,127600435.0
517,37958,75000000,226904017.0
518,2026,52000000,77944725.0
519,7450,75000000,36754634.0
520,11375,75000000,51142659.0
521,9425,75000000,14567883.0
522,23685,75000000,5409517.0
523,11866,45000000,21009180.0
524,9741,75000000,248118121.0
525,211672,74000000,1156730962.0
526,23629,82000000,89792502.0
527,8688,73000000,103891409.0
528,10153,75000000,13100000.0
529,153518,73000000,349779543.0
530,8676,70000000,111231041.0
531,20829,75000000,61458982.0
532,4349,70000000,86658558.0
533,9718,72500000,162966177.0
534,10808,70000000,176104344.0
535,197,72000000,210000000.0
536,25,72000000,96889998.0
537,35,75000000,527068851.0
538,11086,72000000,37317558.0
539,10477,94000000,54744738.0
540,1997,74500000,62172050.0
541,6947,60000000,256697520.0
542,3050,71000000,294456605.0
543,2675,72000000,408247917.0
544,809,150000000,919838758.0
545,920,120000000,461983149.0
546,4806,70000000,309457509.0
547,7451,70000000,277448382.0
548,228165,74000000,311594032.0
549,3595,80000000,309492681.0
550,16869,70000000,319131050.0
551,879,70000000,300854823.0
552,1573,70000000,240031094.0
553,9257,80000000,116643346.0
554,1903,68000000,203388341.0
555,9697,75000000,42285169.0
556,395,70000000,171183863.0
557,23398,75000000,443140005.0
558,10590,75000000,114660784.0
559,117263,70000000,161025640.0
560,200,70000000,118000000.0
561,44943,70000000,202466756.0
562,587,70000000,122919055.0
563,57212,66000000,177584879.0
564,152760,70000000,154984035.0
565,2756,70000000,90000098.0
566,33909,70000000,134748021.0
567,49017,70000000,215529201.0
568,9882,70000000,116672912.0
569,2270,70000000,135560026.0
570,978,70000000,131457682.0
571,44564,70000000,67112664.0
572,3132,70000000,65977295.0
573,8814,60000000,55987321.0
574,8427,70000000,33561137.0
575,52520,70000000,160112671.0
576,80585,75000000,59418613.0
577,10592,70000000,32287044.0
578,49021,66000000,57777106.0
579,10550,70000000,19924033.0
580,11258,70000000,19870567.0
581,12610,75000000,13596911.0
582,59981,70000000,18662027.0
583,201088,70000000,17752940.0
584,5137,70000000,57958696.0
585,3093,70000000,38629478.0
586,107846,50000000,122915111.0
587,188207,70000000,61279452.0
588,4614,68000000,193000000.0
589,24021,68000000,698491347.0
590,11371,68000000,71069884.0
591,20352,69000000,543513985.0
592,11517,60000000,35431113.0
593,214756,68000000,217022588.0
594,26428,70000000,39041505.0
595,9824,68000000,29762011.0
596,48988,36000000,83160734.0
597,9008,90000000,60289912.0
598,300673,80000000,52099090.0
599,12113,70000000,113280098.0
600,38778,69000000,86387857.0
601,72331,69000000,112265139.0
602,1844,66000000,212404396.0
603,846,66000000,189198313.0
604,9703,67000000,25303038.0
605,857,70000000,481840909.0
606,136797,66000000,203277636.0
607,3981,70000000,374111707.0
608,425,59000000,383257136.0
609,6171,68000000,75715436.0
610,72976,65000000,275293450.0
611,603,63000000,463517383.0
612,568,52000000,355237933.0
613,9021,65000000,172855065.0
614,82695,61000000,441809770.0
615,9489,65000000,250821495.0
616,12133,65000000,128107642.0
617,9342,95000000,250288523.0
618,41733,65000000,211780824.0
619,227306,65000000,163442937.0
620,5551,65000000,128884132.0
621,9350,70000000,255000211.0
622,9208,50000000,150270147.0
623,4244,65000000,69700000.0
624,1852,63000000,162945894.0
625,76493,65000000,179379533.0
626,345,65000000,162091208.0
627,196867,65000000,133821816.0
628,256591,50100000,153962963.0
629,59962,65000000,156974557.0
630,36648,65000000,128905366.0
631,1880,4200000,38376497.0
632,71679,65000000,240159255.0
633,10483,45000000,73762516.0
634,11412,65000000,89456761.0
635,6795,65000000,64321501.0
636,550,63000000,100853753.0
637,11170,65000000,43545364.0
638,9292,65000000,17218080.0
639,100241,65000000,71154592.0
640,257,50000000,42093706.0
641,9947,43000000,56681566.0
642,189,65000000,39407616.0
643,12618,64000000,74608570.0
644,253412,55000000,203427584.0
645,1427,50000000,132180323.0
646,818,63000000,296655431.0
647,16577,65000000,44091067.0
648,329,63000000,920100000.0
649,12160,63000000,25052000.0
650,9331,62000000,215887717.0
651,300168,65000000,121545703.0
652,9072,64000000,101595121.0
653,3536,62000000,127666415.0
654,9087,62000000,107879496.0
655,12177,62000000,41819064.0
656,12138,62000000,18720175.0
657,273248,44000000,155760117.0
658,50359,63000000,183953723.0
659,1271,65000000,422610419.0
660,693,80000000,516642939.0
661,14306,60000000,244082376.0
662,497,60000000,284600000.0
663,9982,150000000,314432665.0
664,210577,61000000,369330363.0
665,2501,60000000,214034224.0
666,710,58000000,352194034.0
667,2275,60000000,149705852.0
668,37165,60000000,264118201.0
669,9837,70000000,218613188.0
670,10708,60000000,164433867.0
671,136400,61000000,131940411.0
672,10992,60000000,93375151.0
673,9654,60000000,176070171.0
674,2642,60000000,93354918.0
675,8916,60000000,171757863.0
676,19899,70000000,171844840.0
677,2119,60000000,157920733.0
678,9641,60000000,129181830.0
679,294254,61000000,311256926.0
680,38167,60000000,204594016.0
681,39514,58000000,71664962.0
682,9563,55000000,100230832.0
683,547,60000000,186883563.0
684,1538,65000000,217764291.0
685,9334,60000000,165333180.0
686,11128,60000000,74541707.0
687,75780,60000000,218340595.0
688,8914,60000000,73648228.0
689,39538,60000000,137551594.0
690,14836,60000000,124596398.0
691,8645,60000000,163403799.0
692,9509,70000000,130293714.0
693,10067,50000000,61112916.0
694,9384,60000000,170268750.0
695,9279,60000000,129832389.0
696,1487,66000000,99318987.0
697,9422,70000000,56702901.0
698,77174,60000000,107139399.0
699,4824,60000000,159330280.0
700,9620,60000000,96269812.0
701,10199,60000000,50877145.0
702,3512,60000000,104324083.0
703,137094,60000000,50549107.0
704,274479,60000000,101134059.0
705,267860,60000000,205754447.0
706,8078,70000000,162000000.0
707,7485,61000000,95696996.0
708,170687,60000000,108255770.0
709,6435,75000000,46683377.0
710,137106,60000000,469160692.0
711,6278,60000000,43061982.0
712,82682,60000000,105200903.0
713,17610,60000000,62357900.0
714,22954,60000000,122233971.0
715,16995,60000000,87784194.0
716,16558,78146652,60000000.0
717,9849,65000000,36850101.0
718,5820,60000000,77920346.0
719,16866,70000000,104945765.0
720,201,60000000,67312826.0
721,11775,60000000,119940815.0
722,12201,80000000,74901339.0
723,11015,60000000,33956608.0
724,9932,60000000,55003135.0
725,13389,60000000,73174566.0
726,17332,60000000,31720158.0
727,4958,80000000,39459427.0
728,786,60000000,47383689.0
729,11679,60000000,71073932.0
730,38321,60000000,78309131.0
731,14411,60000000,26288320.0
732,8413,60000000,26673242.0
733,10052,60000000,52322400.0
734,9676,50000000,49111202.0
735,9664,60000000,17800000.0
736,2100,72000000,27642707.0
737,10384,90000000,14828081.0
738,137321,60000000,30800231.0
739,123553,60000000,90565421.0
740,11260,60000000,50650079.0
741,9009,30000000,25473093.0
742,2309,60000000,57490374.0
743,8285,60000000,39031337.0
744,210860,60000000,30418560.0
745,381902,68490000,193677158.0
746,13922,80000000,10166502.0
747,293660,58000000,783112979.0
748,190859,58800000,542307423.0
749,257445,58000000,158162788.0
750,9007,58000000,102854431.0
751,889,83000000,59468275.0
752,1370,63000000,189015611.0
753,4942,58000000,41299492.0
754,24438,58000000,85280250.0
755,116741,58000000,44000000.0
756,35791,60000000,300228084.0
757,72431,58000000,50365377.0
758,1813,57000000,152944660.0
759,87428,70000000,58058367.0
760,8840,57000000,115267375.0
761,10589,60000000,61347797.0
762,71676,57000000,149217355.0
763,1722,57000000,62112895.0
764,10022,56000000,113006880.0
765,11358,56000000,57223890.0
766,13,55000000,677945399.0
767,6477,60000000,361366633.0
768,1597,55000000,330444045.0
769,10530,55000000,346079773.0
770,1924,55000000,300218018.0
771,9327,54000000,128769345.0
772,8488,70000000,368100420.0
773,8273,55000000,231449203.0
774,109424,55000000,95000000.0
775,35056,55000000,152263880.0
776,8839,50000000,287928194.0
777,156022,55000000,192330738.0
778,7303,55000000,154906693.0
779,8963,53000000,157387195.0
780,1402,55000000,307077295.0
781,9315,55000000,223387299.0
782,8984,55000000,214015089.0
783,795,55000000,198685114.0
784,24,30000000,180949000.0
785,393,30000000,152159461.0
786,9618,55000000,63408614.0
787,9374,55000000,149022650.0
788,8584,55000000,56932305.0
789,2320,55000000,121969216.0
790,58224,55000000,187361754.0
791,1729,55000000,127906624.0
792,175574,55000000,110000000.0
793,8077,50000000,159773545.0
794,8818,55000000,141047179.0
795,8195,55000000,41610884.0
796,10586,50000000,75000000.0
797,116149,55000000,259207227.0
798,80035,68000000,68267862.0
799,10632,55000000,34234008.0
800,1792,55000000,33828318.0
801,72197,60000000,118338361.0
802,3580,55000000,113020255.0
803,12123,50000000,60209334.0
804,9566,55000000,18626419.0
805,9833,70000000,154648887.0
806,4517,55000000,74237563.0
807,8202,62000000,52304001.0
808,16072,56000000,12923936.0
809,34314,55000000,11466088.0
810,145220,50000000,80383290.0
811,14623,57000000,28283637.0
812,42297,55000000,89519773.0
813,802,2000000,9250000.0
814,10375,55000000,6416302.0
815,36586,54000000,155010032.0
816,11321,55000000,168167691.0
817,70074,55000000,9489829.0
818,242,54000000,136766062.0
819,9621,57000000,52034889.0
820,1819,54000000,130431368.0
821,8536,54000000,190458706.0
822,8046,54000000,7266209.0
823,1717,55000000,9450897.0
824,479,46000000,107196498.0
825,9444,53000000,139804348.0
826,824,52500000,179213434.0
827,11456,75000000,54249294.0
828,261023,53000000,98837872.0
829,3683,90000000,65900249.0
830,22803,53000000,126690726.0
831,285923,67000000,25037897.0
832,640,52000000,352114312.0
833,97630,40000000,132820716.0
834,9767,52000000,204999686.0
835,11631,52000000,609841637.0
836,32856,52000000,216485654.0
837,6519,50000000,110803676.0
838,8741,52000000,98126565.0
839,49520,52000000,75450437.0
840,1850,82000000,47434430.0
841,524,52000000,116112375.0
842,26389,52000000,52826594.0
843,2123,51000000,149270999.0
844,9907,51000000,72779000.0
845,18239,50000000,709827462.0
846,808,60000000,484409218.0
847,38050,50200000,127869379.0
848,8367,48000000,390493908.0
849,9390,50000000,273552592.0
850,72105,50000000,549368315.0
851,2898,50000000,314178011.0
852,10312,50000000,202292902.0
853,109443,50000000,173649015.0
854,2022,50000000,171269535.0
855,37686,50000000,260095987.0
856,462,52000000,256271286.0
857,9919,50000000,177371441.0
858,187017,50000000,188441614.0
859,628,60000000,223664608.0
860,10201,70000000,225990978.0
861,302699,50000000,216972543.0
862,274167,50000000,242786137.0
863,224141,50000000,212902372.0
864,388,45000000,184376254.0
865,2112,90000000,161626121.0
866,10329,50000000,152022101.0
867,74465,50000000,120081841.0
868,13811,50000000,155446362.0
869,6877,50000000,88715192.0
870,10320,50000000,161451538.0
871,50646,50000000,142851197.0
872,8920,50000000,200804534.0
873,60308,50000000,110206216.0
874,6950,50000000,189859560.0
875,225574,50000000,222809600.0
876,13836,50000000,106303988.0
877,752,54000000,132511035.0
878,6038,50000000,88323487.0
879,9975,50000000,69834815.0
880,11451,50000000,66002004.0
881,12103,50000000,100020092.0
882,60304,50000000,224803475.0
883,2251,50000000,119137784.0
884,46529,50000000,144492830.0
885,231,50000000,94000000.0
886,300671,50000000,69411370.0
887,228326,50000000,97437106.0
888,9754,45000000,82800000.0
889,66,50000000,50068310.0
890,4421,50000000,48169156.0
891,2649,50000000,109423648.0
892,588,50000000,97607453.0
893,71552,50000000,234989584.0
894,9631,50000000,44547681.0
895,216282,50000000,160602194.0
896,306,50000000,119208989.0
897,928,50000000,41482207.0
898,205587,50000000,83719388.0
899,1577,45000000,129394835.0
900,9801,50000000,40203020.0
901,2116,50000000,55495563.0
902,9624,50000000,49000000.0
903,14199,50000000,69425966.0
904,1907,40000000,144056873.0
905,4599,50000000,49718611.0
906,22832,40000000,60462347.0
907,9879,50000000,113309743.0
908,38579,50000000,83761844.0
909,44603,50000000,105197635.0
910,11892,50000000,56714147.0
911,9691,50000000,30303072.0
912,1248,50000000,82169884.0
913,12220,50000000,58900031.0
914,72710,44000000,63327201.0
915,10782,50000000,42792561.0
916,9573,50000000,26199517.0
917,4959,50000000,60161391.0
918,10061,50000000,42277365.0
919,10386,70000000,23159305.0
920,421,50000000,34808403.0
921,316152,50000000,25035950.0
922,11615,50000000,38955598.0
923,241554,50000000,71561644.0
924,2252,51500000,55112356.0
925,11968,50000000,44434439.0
926,10047,60000000,66976317.0
927,38319,49900000,26121638.0
928,69668,50000000,38502340.0
929,9770,50000000,10541523.0
930,11212,50000000,16671505.0
931,10533,50000000,10382407.0
932,38363,22000000,24188922.0
933,9923,50000000,22944502.0
934,11863,50000000,9851610.0
935,18501,50000000,40828540.0
936,109491,60000000,60052138.0
937,329833,50000000,55969000.0
938,12634,50000000,6808550.0
939,47327,50000000,28931401.0
940,15268,50000000,12764201.0
941,10796,49000000,72700000.0
942,9548,49000000,20423389.0
943,18947,50000000,36348784.0
944,1900,48000000,207515725.0
945,89,48000000,474171806.0
946,198184,49000000,104399548.0
947,9481,73000000,151493655.0
948,4547,48000000,196397415.0
949,6415,75000000,108000000.0
950,181283,50000000,3324330.0
951,9896,48000000,85498534.0
952,167,48000000,50315140.0
953,1636,48000000,90383208.0
954,2148,58000000,25928721.0
955,5176,55000000,70016220.0
956,260346,48000000,325771424.0
957,1389,48000000,77745568.0
958,9894,47000000,102825796.0
959,8592,47000000,103738726.0
960,913,48000000,124305181.0
961,11091,48000000,35743308.0
962,1368,15000000,125212904.0
963,5393,47000000,38085778.0
964,9095,47000000,12379402.0
965,8874,38000000,299288605.0
966,320,46000000,113714830.0
967,199,46000000,150000000.0
968,20533,47000000,10539000.0
969,10684,46000000,100860818.0
970,1624,45000000,181000000.0
971,325789,25000000,15436808.0
972,113464,46000000,5200000.0
973,888,46000000,341631208.0
974,82675,45000000,376141306.0
975,4256,48000000,220673217.0
976,1493,45000000,212000000.0
977,88751,45000000,101702060.0
978,11130,40000000,95149435.0
979,9944,45000000,195268056.0
980,10731,45000000,117615211.0
981,7350,45000000,175372502.0
982,9869,45000000,178051587.0
983,4379,43000000,154749918.0
984,146233,46000000,122126687.0
985,2034,45000000,104876233.0
986,926,45000000,90683916.0
987,4248,45000000,141220678.0
988,64328,45000000,165184237.0
989,36647,45000000,131183530.0
990,7214,30000000,76669806.0
991,1537,45000000,94935764.0
992,9360,45000000,136885767.0
993,6282,45000000,113916474.0
994,508,40000000,244931766.0
995,9487,120000000,363258859.0
996,768,35000000,74558115.0
997,2636,45000000,170362582.0
998,10478,45000000,53854588.0
999,9981,45000000,56070433.0
1000,7453,50000000,104478416.0
1001,7737,45000000,148412065.0
1002,232672,40000000,123494610.0
1003,17379,45000000,38399961.0
1004,82525,45000000,82966152.0
1005,9759,25000000,56422687.0
1006,9486,40000000,160583018.0
1007,9906,50000000,55181129.0
1008,841,40000000,30925690.0
1009,4148,35000000,75225693.0
1010,2207,55000000,65664721.0
1011,9381,70000000,72108608.0
1012,20856,45000000,57881056.0
1013,5955,35000000,29400000.0
1014,9899,45000000,38058335.0
1015,9826,45000000,17300889.0
1016,10858,44000000,13681765.0
1017,11439,45000000,60222298.0
1018,9457,45000000,11203026.0
1019,12412,45000000,9323833.0
1020,13184,45000000,42487390.0
1021,2185,40000000,8493890.0
1022,6639,45000000,4607608.0
1023,38153,45000000,2154540.0
1024,58233,45000000,160078586.0
1025,116977,65000000,73706.0
1026,68734,44500000,232324128.0
1027,5503,44000000,368875760.0
1028,27573,40000000,136000000.0
1029,819,44000000,165615285.0
1030,1369,44000000,300400432.0
1031,10895,2600000,84300000.0
1032,10935,44000000,3484331.0
1033,834,50000000,111340801.0
1034,228066,40000000,34227298.0
1035,711,43000000,80049764.0
1036,10027,45000000,50871113.0
1037,11812,43000000,68696770.0
1038,37233,42000000,270248367.0
1039,37950,44000000,48190704.0
1040,27582,40000000,51070807.0
1041,64688,42000000,201585328.0
1042,509,42000000,363889678.0
1043,7443,45000000,224834564.0
1044,5966,42000000,171963386.0
1045,11066,40000000,70100000.0
1046,136795,43000000,158674180.0
1047,8095,31115000,71000000.0
1048,11560,42000000,63781810.0
1049,2637,32000000,55157539.0
1050,709,32000000,156167015.0
1051,49730,42000000,89162162.0
1052,2749,60000000,56359980.0
1053,9607,48000000,20915465.0
1054,1830,42000000,24127895.0
1055,79,31000000,177394432.0
1056,54054,40000000,36893721.0
1057,228967,44000000,12342632.0
1058,46528,42000000,11087569.0
1059,27936,33000000,14000000.0
1060,65,41000000,215000000.0
1061,9476,65000000,117487473.0
1062,745,40000000,672806292.0
1063,49527,42000000,46221189.0
1064,73937,41000000,7448385.0
1065,1885,8000000,90815558.0
1066,168672,40000000,251171807.0
1067,18240,40000000,317375031.0
1068,10398,70000000,177841558.0
1069,165,40000000,332000000.0
1070,240832,40000000,126546825.0
1071,216015,40000000,571006128.0
1072,12279,38000000,197011982.0
1073,1645,40000000,152266007.0
1074,11007,40000000,190212113.0
1075,193756,40000000,149295601.0
1076,11287,40000000,107458785.0
1077,259693,40000000,320170008.0
1078,37799,40000000,224920315.0
1079,10184,40000000,177259441.0
1080,4257,45000000,178262620.0
1081,4234,40000000,161834276.0
1082,196,40000000,244527583.0
1083,257091,40000000,111811453.0
1084,6114,40000000,215862692.0
1085,24803,40000000,129540499.0
1086,109410,40000000,95020213.0
1087,1213,40000000,128798265.0
1088,100042,40000000,169837010.0
1089,9036,40000000,120455994.0
1090,257211,35000000,194564672.0
1091,323675,40000000,124827316.0
1092,9361,40000000,75505856.0
1093,1677,40000000,124731534.0
1094,187,40000000,158733820.0
1095,7461,40000000,151161491.0
1096,16538,41000000,91636986.0
1097,9889,40000000,141069860.0
1098,820,40000000,205405498.0
1099,11565,40000000,138259062.0
1100,6073,57000000,147845033.0
1101,16996,20000000,136267476.0
1102,193610,40000000,196781193.0
1103,19912,40000000,186167139.0
1104,296098,40000000,165478348.0
1105,8007,40000000,91753202.0
1106,32823,40000000,90029656.0
1107,4380,50000000,170128460.0
1108,11551,40000000,54682547.0
1109,10336,40000000,87840042.0
1110,11362,35000000,75395048.0
1111,50348,40000000,85412898.0
1112,48138,30000000,130786397.0
1113,1124,40000000,109676311.0
1114,227159,42000000,107670357.0
1115,68179,40000000,74597643.0
1116,1579,40000000,120175290.0
1117,708,40000000,191185897.0
1118,34851,40000000,126248813.0
1119,1586,40000000,92913171.0
1120,2044,40000000,114830111.0
1121,9913,43000000,91974818.0
1122,10761,40000000,84601681.0
1123,209451,40000000,67347013.0
1124,11975,40000000,45916769.0
1125,4970,40000000,141591324.0
1126,11831,36000000,74000000.0
1127,440,40000000,41797066.0
1128,11172,40000000,145896422.0
1129,39513,40000000,97552050.0
1130,82687,40000000,41863726.0
1131,41446,40000000,97138686.0
1132,8224,40000000,96618699.0
1133,10537,38000000,34416893.0
1134,225886,40000000,126069509.0
1135,10385,40000000,36037909.0
1136,55779,47000000,157887643.0
1137,10647,40000000,55707411.0
1138,11431,30000000,50451307.0
1139,8850,25000000,48063435.0
1140,64685,40000000,55247881.0
1141,38357,40000000,58785180.0
1142,10060,40000000,46442528.0
1143,11398,40000000,30199105.0
1144,1833,40000000,31670620.0
1145,8970,75000000,29000000.0
1146,9306,40000000,49627779.0
1147,11370,40000000,27053815.0
1148,1921,40000000,65754228.0
1149,1683,40000000,62771059.0
1150,203,500000,3000000.0
1151,11858,40000000,24332324.0
1152,62835,40000000,60965854.0
1153,18937,40000000,38172500.0
1154,13536,40000000,22433915.0
1155,10718,40000000,46546197.0
1156,10802,45000000,20350754.0
1157,1887,40000000,60474340.0
1158,10461,63600000,19412993.0
1159,80278,42000000,180274123.0
1160,12704,55000000,14375181.0
1161,10315,40000000,46471023.0
1162,16643,40000000,16872671.0
1163,2687,40000000,14358033.0
1164,194,10000000,173921954.0
1165,8849,60000000,13395939.0
1166,78698,40000000,24719215.0
1167,30943,38000000,28121100.0
1168,9544,40000000,18902015.0
1169,24418,40000000,28169671.0
1170,7288,40000000,19322135.0
1171,10366,45000000,10667893.0
1172,19898,33000000,20645327.0
1173,15074,40000000,10959475.0
1174,1272,50000000,32017803.0
1175,72358,40000000,22044277.0
1176,266396,40000000,13644292.0
1177,9978,40000000,23937870.0
1178,8271,20000000,117760134.0
1179,10428,20000000,7563728.0
1180,110415,39200000,86758912.0
1181,9495,15000000,94000000.0
1182,256040,40000000,100000000.0
1183,24420,39000000,101229792.0
1184,62214,39000000,35287788.0
1185,16320,39000000,38869464.0
1186,8842,39000000,6614280.0
1187,9531,39000000,75850624.0
1188,64807,40000000,44907260.0
1189,12289,80341000,127814609.0
1190,11529,30000000,180622424.0
1191,20943,38000000,205298907.0
1192,9488,38000000,119723358.0
1193,193,38000000,120000000.0
1194,44865,3860000,64076736.0
1195,55787,38000000,114156230.0
1196,10400,50000000,73956241.0
1197,1957,38000000,51801187.0
1198,256961,38000000,107597242.0
1199,5852,53000000,29700000.0
1200,622,38000000,58401898.0
1201,11306,38000000,17380126.0
1202,12508,57000000,16991902.0
1203,25793,10000000,47536959.0
1204,10534,38000000,10300000.0
1205,1091,15000000,19629760.0
1206,87421,38000000,98337295.0
1207,10871,37000000,6482195.0
1208,13600,55000000,17869048.0
1209,68722,32000000,28258060.0
1210,14324,38000000,5410749.0
1211,14325,40000000,9793496.0
1212,299687,38000000,109906372.0
1213,312221,37000000,173567581.0
1214,23168,37000000,154026136.0
1215,76494,40000000,79700000.0
1216,4944,37000000,163720069.0
1217,10488,37000000,100076342.0
1218,96721,38000000,90247624.0
1219,334,37000000,48451803.0
1220,23742,30000000,55583804.0
1221,259694,38000000,112343513.0
1222,62837,37000000,95404397.0
1223,8966,37000000,392616625.0
1224,8470,36000000,102244770.0
1225,11001,65000000,117758500.0
1226,138832,37000000,269994119.0
1227,16911,36500000,21834845.0
1228,2163,36000000,50159144.0
1229,36670,36000000,160000000.0
1230,23048,36000000,64572262.0
1231,227735,36000000,52424533.0
1232,2155,42000000,32168970.0
1233,8409,36000000,44350926.0
1234,222936,37000000,26250020.0
1235,48171,37000000,96047633.0
1236,782,36000000,12532777.0
1237,75531,36000000,3003296.0
1238,11802,37000000,63800345.0
1239,18785,35000000,459270619.0
1240,365222,36000000,156844753.0
1241,817,33000000,310940086.0
1242,268,35000000,411348924.0
1243,943,35000000,321731527.0
1244,22881,29000000,309208309.0
1245,10054,35000000,147934180.0
1246,51540,35000000,117000000.0
1247,44264,38000000,252276927.0
1248,350,35000000,326551094.0
1249,152,35000000,139000000.0
1250,109431,35000000,173965010.0
1251,1598,35000000,182300000.0
1252,8065,35000000,69823199.0
1253,271718,35000000,140795793.0
1254,11638,35000000,68915888.0
1255,409,27000000,231976425.0
1256,2118,35000000,126216940.0
1257,11459,35000000,86369815.0
1258,9348,35000000,113374103.0
1259,377,1800000,25504513.0
1260,8843,33000000,104155843.0
1261,39486,35000000,60251371.0
1262,1273,34000000,95608995.0
1263,13920,32000000,52277485.0
1264,50544,35000000,150483765.0
1265,325133,35000000,108758521.0
1266,140823,35000000,112544580.0
1267,1883,34000000,48169908.0
1268,89492,35000000,88058786.0
1269,22949,35000000,92219310.0
1270,12437,35000000,91353501.0
1271,2959,35000000,69307224.0
1272,11648,30000000,58405313.0
1273,9366,35000000,41954997.0
1274,1576,33000000,102984862.0
1275,609,10700000,122200000.0
1276,13051,35000000,85416905.0
1277,49530,40000000,173930596.0
1278,34806,35000000,77477008.0
1279,49022,35000000,59901913.0
1280,23479,35000000,35323292.0
1281,11667,35000000,99423521.0
1282,423,35000000,120072577.0
1283,10066,40000000,68766121.0
1284,2288,27000000,115505027.0
1285,88794,35000000,84606030.0
1286,13515,35000000,72436439.0
1287,11979,35000000,45479110.0
1288,169,35000000,57120318.0
1289,8090,35000000,32483410.0
1290,11622,35000000,40263020.0
1291,3604,35000000,27107960.0
1292,9541,35000000,36098382.0
1293,94348,45000000,30353232.0
1294,8197,35000000,25105255.0
1295,336004,8900000,4100000.0
1296,35019,35000000,93246388.0
1297,8836,30000000,68369434.0
1298,14442,31000000,27388767.0
1299,321741,35000000,50363790.0
1300,59965,35000000,82087155.0
1301,14175,35000000,19478106.0
1302,11918,35000000,25871834.0
1303,98357,56000000,19701164.0
1304,10012,35000000,19294901.0
1305,49526,35000000,31083599.0
1306,268920,35000000,51680201.0
1307,9093,35000000,29882645.0
1308,119283,35000000,46216641.0
1309,11823,31000000,41512007.0
1310,35169,35000000,39340177.0
1311,849,27000000,16519460.0
1312,4515,35000000,63215872.0
1313,6575,35000000,18317151.0
1314,13496,35000000,13678913.0
1315,18320,35000000,27409889.0
1316,22787,40000000,12206028.0
1317,8967,32000000,54674226.0
1318,144336,35000000,17508518.0
1319,9616,35000000,11560806.0
1320,13056,20500000,10089373.0
1321,14113,35000000,12506188.0
1322,285783,35000000,61181942.0
1323,9726,35000000,42064105.0
1324,20763,35000000,4651977.0
1325,9280,35000000,16838910.0
1326,11876,35000000,15000000.0
1327,22267,38000000,635096.0
1328,1969,35000000,10496317.0
1329,198663,34000000,348319861.0
1330,239573,35000000,14431253.0
1331,10436,34000000,32255440.0
1332,1381,35000000,15304890.0
1333,2162,70000000,11263966.0
1334,127493,35000000,2106557.0
1335,12429,41677699,187479518.0
1336,228205,34000000,63013281.0
1337,2900,75000000,19598588.0
1338,192136,35000000,27330000.0
1339,18254,32000000,40382659.0
1340,881,40000000,243240178.0
1341,10877,50000000,79958599.0
1342,9600,30000000,173959438.0
1343,71469,30000000,64626786.0
1344,85446,33000000,140470746.0
1345,326,33000000,62022014.0
1346,7220,33000000,54700105.0
1347,9763,30000000,27610873.0
1348,72387,30000000,40346186.0
1349,1892,32350000,572700000.0
1350,13460,30000000,22211426.0
1351,8055,32000000,113019290.0
1352,50647,35000000,24159934.0
1353,10719,32000000,173398518.0
1354,9294,32000000,152036382.0
1355,9353,32000000,80197993.0
1356,55721,32500000,288383523.0
1357,109414,32000000,126041322.0
1358,10307,29000000,50041732.0
1359,11978,32000000,48814909.0
1360,22907,32000000,69055695.0
1361,87567,35000000,21819348.0
1362,38322,32000000,83615414.0
1363,45612,32000000,147332697.0
1364,7305,32000000,36733909.0
1365,3594,30000000,77566815.0
1366,157841,33000000,9494789.0
1367,11519,35000000,31755742.0
1368,59,32000000,60740827.0
1369,9335,32000000,85167639.0
1370,12106,32000000,18552460.0
1371,11141,28000000,30016165.0
1372,31867,32000000,18409891.0
1373,10253,70000000,53587404.0
1374,124459,30000000,27437881.0
1375,24662,32000000,3566637.0
1376,182,32000000,5914908.0
1377,28,31500000,89460381.0
1378,38073,32000000,42045846.0
1379,302156,31500000,14708696.0
1380,606,31000000,128499205.0
1381,87502,31000000,161772375.0
1382,698,34000000,210308099.0
1383,120467,30000000,174600318.0
1384,11313,31000000,24185781.0
1385,6488,31000000,53208180.0
1386,10559,31000000,68106245.0
1387,296099,31000000,104384188.0
1388,8012,30250000,115101622.0
1389,1574,45000000,306776732.0
1390,9032,34200000,234801895.0
1391,2770,30000000,287553595.0
1392,862,30000000,373554033.0
1393,1637,30000000,350448145.0
1394,72570,30000000,196114570.0
1395,27569,31000000,15134293.0
1396,10637,30000000,136706683.0
1397,1669,30000000,199200000.0
1398,132363,25000000,115922175.0
1399,9472,20000000,167722310.0
1400,2907,30000000,191502426.0
1401,9273,30000000,212385533.0
1402,9880,37000000,165335153.0
1403,2925,26000000,116400000.0
1404,807,33000000,327311859.0
1405,17654,30000000,210819611.0
1406,11836,30000000,140161792.0
1407,322,25000000,156822020.0
1408,70,30000000,216763646.0
1409,9535,80000000,176885658.0
1410,11036,29000000,115603229.0
1411,6557,30000000,160259319.0
1412,18126,35000000,155545279.0
1413,16340,30,103.0
1414,10333,30000000,74787599.0
1415,4476,30000000,160638883.0
1416,22947,25000000,163670000.0
1417,2755,30000000,105834556.0
1418,82654,35000000,116980662.0
1419,59967,30000000,47042000.0
1420,9598,30000000,254134910.0
1421,82696,30000000,114281051.0
1422,9870,30000000,105173115.0
1423,8292,45000000,92374674.0
1424,8780,30000000,63833449.0
1425,10521,30000000,114663461.0
1426,10762,19000000,69631118.0
1427,10096,37000000,96455697.0
1428,59436,30000000,151119219.0
1429,4133,53000000,83282296.0
1430,10207,80000000,118880016.0
1431,172,30000000,70200000.0
1432,36593,30000000,51132598.0
1433,707,30000000,152427960.0
1434,533,30000000,192452832.0
1435,6023,30000000,156835339.0
1436,6439,30000000,93772522.0
1437,4347,30000000,129266061.0
1438,4105,30000000,45892212.0
1439,76489,30000000,54819301.0
1440,3933,40000000,117195061.0
1441,273481,30000000,84025816.0
1442,307081,30000000,91709827.0
1443,16871,30000000,90810892.0
1444,293863,25000000,65663276.0
1445,41233,30000000,159291809.0
1446,9266,25000000,51842679.0
1447,1262,30000000,53653224.0
1448,4513,30000000,75505973.0
1449,22970,30000000,66486080.0
1450,7278,30000000,84646831.0
1451,9013,30000000,38413606.0
1452,865,27000000,38122105.0
1453,10776,25000000,38748395.0
1454,50456,30000000,63782078.0
1455,9823,30000000,51376861.0
1456,59861,30000000,36160375.0
1457,133805,30000000,82394288.0
1458,12763,30000000,34742066.0
1459,9766,30000000,41480851.0
1460,12244,30000000,48428063.0
1461,109421,30000000,63372757.0
1462,51162,30000000,14460000.0
1463,10152,19000000,39267515.0
1464,9452,30000000,29202884.0
1465,9271,30000000,24048000.0
1466,48340,30000000,108609310.0
1467,14846,35000000,22034832.0
1468,72207,30000000,53909751.0
1469,16232,30000000,21800302.0
1470,43539,30000000,51148651.0
1471,9920,30000000,31070211.0
1472,8978,30000000,35294470.0
1473,11702,30000000,19204929.0
1474,18550,25000000,17193231.0
1475,43347,30000000,102820008.0
1476,3489,30000000,16930884.0
1477,9701,35000000,25224242.0
1478,2122,40000000,26155781.0
1479,10658,37000000,37962774.0
1480,13150,30000000,31148328.0
1481,9042,30000000,15007991.0
1482,17813,30000000,15368897.0
1483,11208,30000000,13001257.0
1484,58151,17000000,24922237.0
1485,11400,30000000,30536013.0
1486,11058,25000000,30114487.0
1487,14844,23000000,12.0
1488,57089,30000000,13521829.0
1489,1947,30000000,18618284.0
1490,8054,30000000,64352607.0
1491,46829,30000000,8454301.0
1492,146238,30000000,62616646.0
1493,9989,30000000,18195610.0
1494,9665,18000000,26828365.0
1495,13967,30000000,35078241.0
1496,9053,21000000,480314.0
1497,4512,30000000,14711793.0
1498,76349,30000000,108348.0
1499,45610,30000000,2527904.0
1500,223702,19000000,140752617.0
1501,254470,29000000,287506194.0
1502,69,28000000,186438883.0
1503,4967,30000000,37036004.0
1504,4912,30000000,33013805.0
1505,12771,29000000,16930185.0
1506,323676,29000000,78636257.0
1507,11249,12000000,24829644.0
1508,9667,29000000,21126225.0
1509,812,28000000,504050219.0
1510,277216,28000000,201634991.0
1511,87,28000000,333000000.0
1512,14444,30000000,100491683.0
1513,2043,60000000,105178561.0
1514,315664,29000000,48902953.0
1515,1428,29000000,98185582.0
1516,562,28000000,140767956.0
1517,15373,28000000,92380927.0
1518,318846,28000000,133346506.0
1519,14292,28000000,64445708.0
1520,924,28000000,102356381.0
1521,2018,35000000,94728529.0
1522,192577,30000000,17137302.0
1523,9428,21000000,71441250.0
1524,2832,30000000,90259536.0
1525,137093,28000000,134402450.0
1526,699,28000000,195312802.0
1527,9778,28000000,77516304.0
1528,8831,27000000,101646581.0
1529,9398,28000000,60780981.0
1530,112949,28000000,97594140.0
1531,10439,28000000,39514713.0
1532,3638,28000000,92601050.0
1533,23483,28000000,96188903.0
1534,62206,28000000,40547440.0
1535,10577,28000000,33000337.0
1536,218778,28000000,100654149.0
1537,4348,28000000,121147947.0
1538,78,28000000,33139618.0
1539,11780,28000000,31596911.0
1540,192102,28000000,52597999.0
1541,2001,21000000,54926886.0
1542,11516,35866397,20217080.0
1543,10025,28000000,38159905.0
1544,15198,28000000,8888143.0
1545,23172,28000000,45236543.0
1546,17834,28000000,8345056.0
1547,10016,28000000,14010832.0
1548,10317,28000000,7002261.0
1549,58431,28000000,16374328.0
1550,9746,28000000,5684789.0
1551,13092,27000000,17286299.0
1552,59859,28000000,60700000.0
1553,13495,24000000,23321954.0
1554,254473,28000000,68896829.0
1555,700,27500000,187500000.0
1556,4964,30000000,219076518.0
1557,10024,30000000,95714875.0
1558,13490,35000000,43650785.0
1559,15927,8000000,27187653.0
1560,1259,15000000,49469904.0
1561,5125,27500000,24748670.0
1562,174,27000000,96900000.0
1563,9437,27000000,60527873.0
1564,525,27000000,115229890.0
1565,10188,27000000,44352417.0
1566,245,27000000,129000000.0
1567,9825,27000000,56870414.0
1568,186,27000000,56308881.0
1569,9549,27000000,21500000.0
1570,61891,30000000,15395087.0
1571,34584,27000000,20158808.0
1572,2666,27000000,27200316.0
1573,13155,25000000,11137801.0
1574,42807,27000000,76000000.0
1575,28355,27000000,29000000.0
1576,8080,27000000,13000000.0
1577,56288,27000000,85564310.0
1578,303858,27000000,93282604.0
1579,1613,28,14.0
1580,16617,27000000,21148829.0
1581,8944,25000000,6673422.0
1582,14560,26000000,183293131.0
1583,10330,26000000,110230332.0
1584,6957,26000000,109449237.0
1585,1934,25000000,289317794.0
1586,169917,28000000,53181600.0
1587,951,15000000,201957688.0
1588,10189,27000000,101624843.0
1589,9454,26000000,65705772.0
1590,2055,22000000,68296293.0
1591,1551,26000000,61489265.0
1592,5902,22000000,50750000.0
1593,11460,26000000,57891803.0
1594,9358,26000000,90426405.0
1595,134,26000000,71868327.0
1596,22894,26000000,67918658.0
1597,134374,25000000,86175291.0
1598,15028,26000000,38793283.0
1599,7445,26000000,43318349.0
1600,17047,26000000,28818995.0
1601,62838,56000000,142044638.0
1602,2057,42000000,35402320.0
1603,70436,26000000,29657751.0
1604,16784,30000000,14000000.0
1605,8011,26000000,36800000.0
1606,36355,25530000,20080020.0
1607,238615,26000000,30523226.0
1608,1985,25000000,82466670.0
1609,615,30000000,611899420.0
1610,788,25000000,441286195.0
1611,380,25000000,412800000.0
1612,13223,33000000,269958228.0
1613,10523,25100000,29506464.0
1614,8681,25000000,226830568.0
1615,239571,26000000,35926213.0
1616,619,25000000,411006740.0
1617,424,22000000,321365567.0
1618,50014,25000000,124272124.0
1619,162903,28000000,8555008.0
1620,6466,30000000,114908830.0
1621,12589,25000000,80936232.0
1622,7191,25000000,170764026.0
1623,1497,25000000,78000000.0
1624,117,25000000,76270454.0
1625,6977,25000000,171600000.0
1626,168530,25000000,153997819.0
1627,634,25000000,281929795.0
1628,392,25000000,152500343.0
1629,10327,45000000,124914842.0
1630,88042,25000000,119772232.0
1631,41630,25000000,147780440.0
1632,11969,25000000,56505065.0
1633,2085,25000000,91036760.0
1634,794,2800000,60922980.0
1635,9286,25000000,117719158.0
1636,77877,25000000,99357138.0
1637,1265,60000000,137587063.0
1638,866,25000000,116766556.0
1639,75174,25000000,77278331.0
1640,11096,25000000,122644820.0
1641,8699,26000000,90574188.0
1642,769,25000000,46836394.0
1643,10923,28000000,58795814.0
1644,11283,25000000,122489822.0
1645,111,25000000,65884703.0
1646,746,23000000,43984230.0
1647,77866,25000000,63100000.0
1648,7345,25000000,77208711.0
1649,12277,25000000,41604473.0
1650,9779,25000000,39053061.0
1651,2140,25000000,64437847.0
1652,12620,25000000,70442940.0
1653,14177,25000000,36351350.0
1654,198185,25000000,38307627.0
1655,227156,25000000,66980456.0
1656,11351,17000000,63102666.0
1657,10030,25000000,59192128.0
1658,10623,25000000,56489558.0
1659,590,25000000,41597830.0
1660,9655,20000000,33889159.0
1661,1268,25000000,229736344.0
1662,11237,20000000,70992898.0
1663,190955,25500000,2415472.0
1664,5123,25000000,66122026.0
1665,4518,30000000,82150642.0
1666,11932,25000000,50671850.0
1667,11165,25485000,29548291.0
1668,6116,25000000,100000000.0
1669,57431,25000000,34942188.0
1670,278,25000000,28341469.0
1671,9290,21150000,39438674.0
1672,11543,27000000,25023434.0
1673,284536,25000000,39171130.0
1674,152737,25000000,74188937.0
1675,13374,25000000,27645491.0
1676,8976,30000000,42886719.0
1677,319888,23000000,46152800.0
1678,9469,25000000,21567853.0
1679,1909,25000000,22200000.0
1680,22971,25000000,114977104.0
1681,34813,25000000,23580000.0
1682,46261,25000000,36993168.0
1683,10431,25000000,40452643.0
1684,8051,25000000,17000000.0
1685,9352,25000000,20796847.0
1686,15487,25000000,15431177.0
1687,22825,30000000,33333531.0
1688,1831,25000000,24362772.0
1689,43931,25000000,19829957.0
1690,10591,25000000,30411183.0
1691,10861,25000000,51702483.0
1692,276907,25000000,42972994.0
1693,65055,28000000,10126458.0
1694,10397,25,13.0
1695,200505,25000000,28831145.0
1696,60309,25000000,15478800.0
1697,9787,25000000,13411957.0
1698,293646,25000000,24902723.0
1699,6978,25000000,11000000.0
1700,59440,25000000,23057115.0
1701,1770,28000000,16900000.0
1702,8988,25000000,11207130.0
1703,15992,25000000,10719357.0
1704,17707,25000000,13000000.0
1705,77883,14000000,85446075.0
1706,40001,25000000,10070000.0
1707,64639,25000000,10324441.0
1708,9903,25000000,11772461.0
1709,20766,32000000,27635305.0
1710,24264,25000000,5778353.0
1711,9067,25000000,4064495.0
1712,8338,25000000,19844979.0
1713,168705,25000000,2405420.0
1714,72113,25000000,27603069.0
1715,22256,25000000,777423.0
1716,12404,25000000,2336172.0
1717,152742,13500000,19255873.0
1718,11699,25000000,10589102.0
1719,48034,25000000,48531470.0
1720,36696,25000000,6500000.0
1721,109091,25000000,71009334.0
1722,33157,25000000,3052000.0
1723,859,14000000,34670720.0
1724,83770,25000000,8784318.0
1725,168,24000000,133000000.0
1726,1246,24000000,155721132.0
1727,4233,24000000,172363301.0
1728,174751,25000000,1397284.0
1729,184098,24000000,70181428.0
1730,2069,41300000,106371651.0
1731,1788,8200000,80035402.0
1732,11635,24000000,87055349.0
1733,177,24000000,41895491.0
1734,3600,65000000,40002112.0
1735,2621,24000000,36609995.0
1736,10358,24000000,42105111.0
1737,10313,24000000,68729358.0
1738,13476,17000000,16980098.0
1739,10208,24000000,16290976.0
1740,24961,24000000,21049053.0
1741,20697,24000000,12372410.0
1742,20761,24000000,8434146.0
1743,70868,24000000,30551495.0
1744,43593,24000000,83188165.0
1745,40688,24000000,4562146.0
1746,26672,28000000,669276.0
1747,41283,24000000,23081726.0
1748,4935,24000000,234710455.0
1749,19908,23600000,102391382.0
1750,10663,23000000,185991646.0
1751,1891,18000000,538400000.0
1752,9737,19000000,141407024.0
1753,37137,23000000,86930411.0
1754,9532,23000000,53302314.0
1755,10316,12500000,75993061.0
1756,2787,23000000,53187659.0
1757,152601,23000000,47351251.0
1758,10866,23000000,36642838.0
1759,227707,25000000,6399.0
1760,21349,23000000,18653615.0
1761,70435,23000000,33372606.0
1762,580,23000000,51881013.0
1763,20024,23000000,10827816.0
1764,2453,23000000,7434726.0
1765,6973,23000000,29541790.0
1766,22215,23000000,9366227.0
1767,11632,23000000,16123851.0
1768,30596,23000000,5837674.0
1769,3021,25000000,94679598.0
1770,957,22700000,38119483.0
1771,256917,22500000,15520023.0
1772,251,22000000,505000000.0
1773,544,23000000,369884651.0
1774,11395,22000000,189833357.0
1775,14635,20000000,75597042.0
1776,13680,22000000,147880543.0
1777,688,24000000,182016617.0
1778,11090,22000000,84772742.0
1779,783,22000000,77737889.0
1780,228194,22000000,88880821.0
1781,1642,22000000,110627965.0
1782,10950,22000000,92542418.0
1783,235260,22000000,67800064.0
1784,277,22000000,95708457.0
1785,8999,22000000,57479076.0
1786,11323,22000000,35424826.0
1787,11453,22000000,22400154.0
1788,146239,26000000,51164106.0
1789,10878,22000000,19351569.0
1790,82650,22000000,77112176.0
1791,2294,22000000,33788161.0
1792,2176,30000000,23619609.0
1793,270487,22000000,63647656.0
1794,204082,22000000,43058898.0
1795,24100,22000000,13555988.0
1796,5550,22000000,10696210.0
1797,287948,25000000,72629670.0
1798,9075,21000000,26193068.0
1799,11661,22000000,17709155.0
1800,109513,2000000,14400000.0
1801,204922,22000000,15447154.0
1802,38985,22000000,12000000.0
1803,44113,22000000,9479718.0
1804,164457,22000000,15400000.0
1805,4566,25000000,92991835.0
1806,153158,22000000,24000000.0
1807,81836,17000000,73244881.0
1808,10724,18000000,70687344.0
1809,2196,9000000,46.0
1810,1499,21000000,42000000.0
1811,20857,32000000,40222729.0
1812,82693,21000000,205738714.0
1813,1646,21000000,41170784.0
1814,4108,21000000,43928932.0
1815,8456,20000000,41627431.0
1816,7341,21000000,17762705.0
1817,19255,17000000,14899417.0
1818,10187,21000000,17600000.0
1819,31005,21000000,10011050.0
1820,50780,21000000,970816.0
1821,16363,35000000,69701637.0
1822,1946,15000000,2856712.0
1823,85,18000000,389925971.0
1824,772,18000000,358991681.0
1825,840,20000000,303788635.0
1826,9682,38000000,29907685.0
1827,96,20000000,299965036.0
1828,10678,20000000,132675402.0
1829,274,19000000,272742922.0
1830,8872,20000000,121697323.0
1831,16290,20000000,117224271.0
1832,579,20000000,187884007.0
1833,14405,20000000,149281606.0
1834,138843,13000000,318000141.0
1835,11637,32000000,97918663.0
1836,226486,20000000,100525432.0
1837,1584,35000000,131282949.0
1838,9312,18000000,122195920.0
1839,12153,37000000,113086475.0
1840,65057,20000000,177243185.0
1841,76203,20000000,187000000.0
1842,13497,20000000,57588485.0
1843,35688,20000000,60072596.0
1844,162,20000000,53000000.0
1845,296096,20000000,207945075.0
1846,1051,1800000,41158757.0
1847,376659,20000000,183936074.0
1848,10073,20000000,48548426.0
1849,16690,20000000,109862682.0
1850,273895,20000000,66787908.0
1851,14873,20000000,135680000.0
1852,8968,20000000,67192859.0
1853,9963,20000000,84146832.0
1854,15655,30000000,45554533.0
1855,21208,20000000,41596251.0
1856,272878,20000000,43967255.0
1857,9760,20000000,86865564.0
1858,314365,20000000,88346473.0
1859,13279,20000000,27640028.0
1860,1975,20000000,39143839.0
1861,33644,20000000,37672350.0
1862,9895,20000000,41237648.0
1863,9570,20000000,35841901.0
1864,27579,20000000,65464324.0
1865,16052,20000000,60000000.0
1866,40264,20000000,80547866.0
1867,1164,25000000,135330182.0
1868,239678,19800000,41296320.0
1869,14359,20000000,50907234.0
1870,3989,32000000,50907422.0
1871,76617,20000000,47241945.0
1872,4258,20000000,78378744.0
1873,20391,20000000,31678778.0
1874,10139,20000000,54586584.0
1875,335778,20000000,46069568.0
1876,9645,35000000,68349884.0
1877,55465,19000000,35387212.0
1878,617,20000000,67200000.0
1879,48289,20000000,45636368.0
1880,243,30000000,47126295.0
1881,8848,20000000,64822796.0
1882,38,20000000,72258126.0
1883,38303,20000000,32005248.0
1884,1266,20000000,65569869.0
1885,107985,20000000,46089287.0
1886,19901,20000000,51416464.0
1887,34016,20000000,49779728.0
1888,59860,20000000,17425000.0
1889,10069,9000000,27105095.0
1890,12819,20000000,39300000.0
1891,9954,20000000,37597471.0
1892,25132,40000000,28972508.0
1893,577,20000000,21284514.0
1894,328387,20000000,83707310.0
1895,12690,20000000,20211394.0
1896,539,806948,32000000.0
1897,13596,20000000,36620508.0
1898,226857,20000000,34077920.0
1899,47941,20000000,2297493.0
1900,526,20000000,18432000.0
1901,22796,20000000,18253415.0
1902,2355,20000000,22222308.0
1903,5915,15000000,56255142.0
1904,9842,20000000,17807569.0
1905,61012,20000000,52302796.0
1906,755,19000000,25836616.0
1907,9470,20000000,100914445.0
1908,7979,20000000,73276047.0
1909,470,20000000,60427839.0
1910,15644,20000000,16605763.0
1911,9582,20000000,17432163.0
1912,22074,20000000,17436509.0
1913,2428,20000000,15473333.0
1914,290751,19500000,34854990.0
1915,13805,25000000,14109284.0
1916,4597,20000000,22942221.0
1917,9414,20000000,13801755.0
1918,63492,20000000,30426096.0
1919,81796,20000000,32204030.0
1920,15092,20000000,34560577.0
1921,15005,20000000,13391174.0
1922,8198,30000000,27674124.0
1923,6963,20000000,12482775.0
1924,15070,20000000,12398628.0
1925,17134,20000000,17280326.0
1926,41402,20000000,24145613.0
1927,146198,20000000,12639297.0
1928,2639,20000000,10686841.0
1929,295964,20000000,36606743.0
1930,11835,20000000,16974459.0
1931,14396,20000000,10337477.0
1932,15673,20000000,11341016.0
1933,42618,8000000,20000000.0
1934,171274,20000000,11110975.0
1935,109417,20000000,16549477.0
1936,13948,20000000,7000000.0
1937,106747,12000000,15008161.0
1938,256962,20000000,6420319.0
1939,48231,15000000,27462041.0
1940,3509,8700000,7659918.0
1941,12142,20000000,10442808.0
1942,23367,20000000,5210988.0
1943,241239,20000000,12007070.0
1944,3902,20000000,4001121.0
1945,77948,20000000,16863583.0
1946,21755,20000000,5530764.0
1947,128,26500000,159375308.0
1948,16608,2000000,5048693.0
1949,32316,20000000,1675706.0
1950,7299,20000000,5359645.0
1951,13405,40000000,7400000.0
1952,314385,10000000,3727746.0
1953,10448,20000000,305070.0
1954,43935,20000000,4634062.0
1955,44638,20000000,346594.0
1956,199373,27220000,5496951.0
1957,581,22000000,424208848.0
1958,52449,20000000,216197492.0
1959,12150,19000000,110879513.0
1960,11247,19000000,70067909.0
1961,4232,14000000,173046663.0
1962,694,19000000,44017374.0
1963,105,19000000,381109762.0
1964,11377,19000000,40846082.0
1965,41210,19000000,49830607.0
1966,12090,18000000,101564935.0
1967,62630,19100000,5728213.0
1968,29427,20000000,54956140.0
1969,129,15000000,274925095.0
1970,2669,25000000,8613462.0
1971,13523,19000000,18755936.0
1972,25195,19000000,29922472.0
1973,17277,19000000,4750000.0
1974,50725,19000000,6928068.0
1975,73191,19000000,2119994.0
1976,10065,19000000,108047131.0
1977,2757,19000000,32801173.0
1978,11683,15000000,46770602.0
1979,1878,18500000,10680275.0
1980,23082,18500000,31912793.0
1981,195589,18000000,268157400.0
1982,854,23000000,351583407.0
1983,2280,18000000,151668774.0
1984,496,18000000,261572744.0
1985,8835,18000000,141774679.0
1986,157,18000000,87000000.0
1987,8643,19000000,144216468.0
1988,10402,17000000,65535067.0
1989,218043,16000000,19682924.0
1990,21301,18000000,65070412.0
1991,10147,23000000,76488889.0
1992,816,16500000,67683989.0
1993,302688,18000000,88923251.0
1994,60307,21000000,72417394.0
1995,106,18000000,98235548.0
1996,279,18000000,51973029.0
1997,10625,17000000,129042871.0
1998,5279,19800000,87754044.0
1999,10013,18000000,41382841.0
2000,194662,18000000,103215094.0
2001,160588,18000000,99206215.0
2002,9829,15000000,76286096.0
2003,10028,18000000,62646763.0
2004,790,1000000,21378361.0
2005,43959,18000000,47088990.0
2006,10364,18000000,24911670.0
2007,9610,18000000,100000000.0
2008,1578,18000000,23000000.0
2009,25643,18000000,36133014.0
2010,44115,18000000,35692920.0
2011,10560,18000000,17200925.0
2012,333348,17000000,24000000.0
2013,20483,18000000,16702864.0
2014,321697,30000000,34441873.0
2015,38665,18000000,2945600.0
2016,2575,21000000,28008462.0
2017,11644,18000000,12000000.0
2018,146227,18000000,10501938.0
2019,68924,18000000,8038061.0
2020,253235,18000000,25312387.0
2021,10068,17000000,6735922.0
2022,848,18000000,14110013.0
2023,522,18000000,5887457.0
2024,130150,18000000,20275812.0
2025,12246,18000000,26527510.0
2026,13809,18000000,25739015.0
2027,33870,25000000,20719451.0
2028,245703,18000000,6212282.0
2029,127560,18000000,22309223.0
2030,10017,2700000,3500000.0
2031,11468,18000000,676698.0
2032,193613,18000000,7972967.0
2033,17436,18000000,382174.0
2034,43434,18000000,871279.0
2035,8408,3500000,34000000.0
2036,9389,18000000,1831348.0
2037,9626,17900000,6948633.0
2038,75638,14000000,13551174.0
2039,8363,20000000,121463226.0
2040,8328,23000000,150816700.0
2041,10982,15000000,51053787.0
2042,205,17500000,38000000.0
2043,1620,24000000,99965753.0
2044,175541,17500000,7018189.0
2045,241254,18000000,266586800.0
2046,679,18500000,183316455.0
2047,11113,17000000,72070731.0
2048,3597,17000000,125586134.0
2049,193893,17000000,136621271.0
2050,9675,16000000,109502303.0
2051,9988,17500000,19179969.0
2052,948,300000,70000000.0
2053,146304,17000000,71625195.0
2054,7516,17000000,57103895.0
2055,41439,20000000,136150434.0
2056,9429,17000000,30331165.0
2057,38117,17000000,43165571.0
2058,9792,15000000,69623713.0
2059,13960,20000000,21170563.0
2060,114150,17000000,115350426.0
2061,26602,34000000,19693891.0
2062,26390,17000000,29536299.0
2063,27759,17000000,10000000.0
2064,109428,17000000,97542952.0
2065,23049,17000000,20455276.0
2066,9310,17000000,7314027.0
2067,11411,17000000,19300000.0
2068,7304,17000000,9500000.0
2069,1491,40000000,86915017.0
2070,2989,17000000,2000000.0
2071,10629,17000000,1569918.0
2072,255343,17000000,3758328.0
2073,4723,17000000,374743.0
2074,25763,17000000,8720000.0
2075,79694,17000000,9627492.0
2076,18615,16800000,2281089.0
2077,10673,15000000,43848069.0
2078,4584,16500000,135000000.0
2079,2977,16500000,37311672.0
2080,10760,16500000,13620075.0
2081,11093,16500000,16942795.0
2082,207,16400000,235860116.0
2083,8467,16000000,247275374.0
2084,639,16000000,92823546.0
2085,24226,16000000,53977250.0
2086,9285,16000000,119754278.0
2087,74643,15000000,133432856.0
2088,13788,16000000,76514050.0
2089,83666,16000000,68263166.0
2090,318850,18500000,6490401.0
2091,1417,19000000,83258226.0
2092,16161,16000000,29381649.0
2093,49950,16000000,40492759.0
2094,10956,17700000,30987695.0
2095,9594,15000000,30102717.0
2096,4638,12000000,80573774.0
2097,13972,16000000,50007546.0
2098,5038,15000000,96408652.0
2099,10571,16000000,20627372.0
2100,19994,16000000,31556061.0
2101,25166,16000000,15427192.0
2102,12120,20000000,13854000.0
2103,9800,26000000,206678440.0
2104,1090,16000000,18564088.0
2105,18475,16000000,12.0
2106,9781,6500000,4217115.0
2107,8009,16000000,5900000.0
2108,3877,16000000,2849142.0
2109,8854,16000000,1686429.0
2110,152599,16000000,5867686.0
2111,68727,20000000,24261569.0
2112,12657,16000000,14822346.0
2113,8265,11000000,53191886.0
2114,34647,13000000,754249.0
2115,28178,16000000,47801389.0
2116,264656,16000000,3442853.0
2117,18777,15500000,1237615.0
2118,90,15000000,316360478.0
2119,771,18000000,476684675.0
2120,9576,21000000,177200000.0
2121,744,15000000,356830601.0
2122,146,17000000,213525736.0
2123,14,15000000,356296601.0
2124,45269,15000000,414211549.0
2125,9493,15000000,216614388.0
2126,22556,15000000,317000.0
2127,873,15000000,146292009.0
2128,33196,16000000,11301649.0
2129,205596,14000000,233555708.0
2130,16769,15000000,67182787.0
2131,33217,15000000,75700498.0
2132,132232,15000000,146497771.0
2133,11153,15000000,61399552.0
2134,208134,15000000,151831537.0
2135,1165,15000000,123384128.0
2136,4011,15000000,73326666.0
2137,17202,15000000,55184721.0
2138,65086,17000000,127730736.0
2139,10053,15000000,66966987.0
2140,11870,15000000,52970014.0
2141,11778,15000000,50000000.0
2142,586,15000000,64256513.0
2143,18736,17000000,55534455.0
2144,134411,35000000,42930462.0
2145,287903,15000000,61548707.0
2146,9276,15000000,40283321.0
2147,2142,15000000,44862187.0
2148,11397,16000000,66468332.0
2149,77016,7000000,48126384.0
2150,11478,15000000,35007180.0
2151,266856,15000000,123726688.0
2152,10564,15000000,33771174.0
2153,947,15000000,69995385.0
2154,24150,15000000,39421467.0
2155,228970,15000000,52501541.0
2156,18405,15000000,32721635.0
2157,6961,15000000,47175038.0
2158,11442,13000000,37664855.0
2159,2493,16000000,30857814.0
2160,14047,15000000,30226144.0
2161,64690,15000000,78054825.0
2162,11132,15000000,29331068.0
2163,17127,15000000,46905889.0
2164,1562,15000000,64238440.0
2165,232679,15000000,30127963.0
2166,17880,14000000,32645546.0
2167,14736,20000000,27728118.0
2168,23706,15000000,40105542.0
2169,9100,15000000,24769466.0
2170,116,15000000,85306374.0
2171,1245,11500000,23237911.0
2172,4995,15000000,43101594.0
2173,14012,15000000,21000000.0
2174,12212,14000000,38574362.0
2175,8975,20000000,22165608.0
2176,342521,15000000,20566327.0
2177,45272,15000000,20529194.0
2178,9424,15000000,17507368.0
2179,97367,15000000,35485608.0
2180,254904,15000000,32556119.0
2181,12162,15000000,42000000.0
2182,11495,15000000,17080167.0
2183,64689,15000000,37930465.0
2184,157849,15000000,31554855.0
2185,37003,15000000,22730842.0
2186,12211,25000000,15843608.0
2187,51828,15000000,59389433.0
2188,22798,15000000,16633035.0
2189,7501,15000000,12000000.0
2190,97430,15000000,15608545.0
2191,12257,15000000,10443316.0
2192,14024,15000000,14867514.0
2193,115,15000000,46189568.0
2194,7874,15000000,10903846.0
2195,4911,15000000,9237470.0
2196,1988,16000000,18928871.0
2197,16222,15000000,9902115.0
2198,9557,20000000,8586376.0
2199,8321,15000000,34533783.0
2200,10186,15000000,8762890.0
2201,25704,15000000,6405245.0
2202,133694,15000000,8138788.0
2203,19265,15000000,35097815.0
2204,36047,15000000,5217498.0
2205,8053,15000000,12036149.0
2206,5236,15000000,15785148.0
2207,6552,25000000,4152230.0
2208,1018,15000000,20117339.0
2209,42188,15000000,9455232.0
2210,6687,15000000,5926410.0
2211,8461,15000000,7938872.0
2212,19,92620000,650422.0
2213,10045,12000000,9584131.0
2214,400,8000000,529766.0
2215,253450,15000000,632542.0
2216,16353,8500000,8936663.0
2217,23759,12000000,6814789.0
2218,24206,15000000,76382.0
2219,10185,15000000,3533227.0
2220,31668,15000000,23000.0
2221,13501,15000000,20380.0
2222,172391,20000000,27187375.0
2223,137,14600000,70906973.0
2224,264999,14800000,122513057.0
2225,454,14500000,147298761.0
2226,53457,10000000,17511906.0
2227,33,14000000,159157447.0
2228,1951,14200000,674918.0
2229,12405,15000000,377910544.0
2230,10998,14000000,320145693.0
2231,114,14000000,463000000.0
2232,2604,14000000,161001698.0
2233,864,14000000,154864401.0
2234,14435,15000000,100734718.0
2235,1931,13000000,75511123.0
2236,691,14000000,185438673.0
2237,9877,14000000,72527595.0
2238,12227,14000000,34793160.0
2239,71688,13000000,114956699.0
2240,8291,14000000,27515786.0
2241,13950,14000000,25482931.0
2242,12158,14000000,19800000.0
2243,11586,14000000,30749142.0
2244,12403,14000000,22852638.0
2245,34563,14000000,21409028.0
2246,10368,12000000,21001563.0
2247,14434,11000000,13196245.0
2248,11470,11000000,16951798.0
2249,24940,14000000,10424470.0
2250,82679,14000000,11417362.0
2251,2013,14000000,19777647.0
2252,1440,26000000,14821658.0
2253,18041,14000000,5108820.0
2254,87729,14000000,2474000.0
2255,44754,14000000,46495.0
2256,43949,14000000,1755212.0
2257,142,14000000,178043761.0
2258,10712,13500000,29027914.0
2259,243938,14000000,12314651.0
2260,10876,13500000,7060876.0
2261,86838,15000000,19422261.0
2262,613,18339750,92180910.0
2263,1913,12806000,38535221.0
2264,97370,13300000,5380251.0
2265,801,13000000,123922370.0
2266,70829,13400000,16700000.0
2267,54518,13000000,98441954.0
2268,44214,13000000,327803731.0
2269,240,13000000,47542841.0
2270,9816,13000000,91038276.0
2271,10131,7000000,72500000.0
2272,339984,16000000,77000000.0
2273,8859,13000000,73180723.0
2274,11967,13000000,44726644.0
2275,239563,13000000,54837234.0
2276,222899,12500000,49002684.0
2277,4951,16000000,53478166.0
2278,332567,17000000,119100758.0
2279,1954,13000000,96060858.0
2280,22345,12000000,36450736.0
2281,9448,13000000,27007143.0
2282,11186,13000000,35763605.0
2283,136835,13200000,53830415.0
2284,5876,18000000,57096190.0
2285,264660,15000000,36869414.0
2286,492,13000000,22863596.0
2287,238603,13000000,45300000.0
2288,10691,13000000,16929123.0
2289,1251,19000000,68673228.0
2290,5172,13000000,11130889.0
2291,58680,13000000,8026971.0
2292,264644,6000000,35401758.0
2293,11592,13000000,7820688.0
2294,16406,13000000,27500000.0
2295,3682,13000000,16757163.0
2296,107811,13000000,48065672.0
2297,2266,13000000,4857367.0
2298,144340,13000000,18000000.0
2299,28211,15000000,8459458.0
2300,47502,13000000,9789900.0
2301,9950,13000000,2636637.0
2302,84892,13000000,33400000.0
2303,24227,3000000,1200000.0
2304,9672,13000000,1151330.0
2305,157544,13000000,1784763.0
2306,59678,14350531,3964682.0
2307,79777,10000000,303877.0
2308,158011,13000000,68572378.0
2309,8952,13000000,10652035.0
2310,62204,12000000,55260558.0
2311,13435,12500000,23367586.0
2312,319,12500000,12281551.0
2313,9504,12500000,10725228.0
2314,26688,12500000,27206120.0
2315,6615,12000000,11293663.0
2316,14574,12500000,20416563.0
2317,16,12800000,40031879.0
2318,21612,12500000,1227324.0
2319,36691,15000000,5024782.0
2320,23631,20000000,31327899.0
2321,45324,12500000,1083683.0
2322,12144,12300000,84460846.0
2323,56601,12500000,3878993.0
2324,9552,8000000,441306145.0
2325,578,7000000,470654000.0
2326,2105,11000000,235483004.0
2327,126319,12516654,8109160.0
2328,10136,25000000,79817939.0
2329,67660,12000000,96070507.0
2330,10611,12000000,75781642.0
2331,154,12000000,96800000.0
2332,3049,15000000,107217396.0
2333,860,12000000,79567667.0
2334,9281,12000000,68706993.0
2335,75674,12000000,81272766.0
2336,9762,12000000,114194847.0
2337,184,12000000,39673162.0
2338,13335,12000000,43493123.0
2339,76726,15000000,145000000.0
2340,10269,12000000,30400000.0
2341,36819,5000000,42365581.0
2342,17130,12000000,61141030.0
2343,57214,12000000,100000000.0
2344,11202,12000000,89800000.0
2345,9357,12000000,52223306.0
2346,13812,12000000,40855419.0
2347,9030,12000000,56309766.0
2348,19084,12000000,31179516.0
2349,8386,12000000,31155435.0
2350,1360,12000000,56298474.0
2351,101267,12000000,32726956.0
2352,222935,12000000,307166834.0
2353,10220,12000000,22921898.0
2354,31915,12000000,54000000.0
2355,11601,12000000,21133087.0
2356,205220,12000000,100129872.0
2357,14191,12000000,23006849.0
2358,286565,12000000,85512300.0
2359,129670,12000000,17654912.0
2360,34549,12000000,17292381.0
2361,57157,12000000,22939027.0
2362,1948,12000000,42931041.0
2363,46889,12000000,12902790.0
2364,387,14000000,85000000.0
2365,60599,12000000,35485056.0
2366,227719,12000000,32248241.0
2367,12088,8000000,6739141.0
2368,14799,12000000,5542025.0
2369,7510,12000000,6754898.0
2370,31246,12000000,4922166.0
2371,61752,12000000,4939939.0
2372,10944,12000000,23.0
2373,10362,12000000,3148182.0
2374,1255,11000000,88489643.0
2375,179144,12400000,8371085.0
2376,86825,12000000,12077441.0
2377,844,12000000,19271312.0
2378,38448,12000000,1644755.0
2379,327,12000000,15250000.0
2380,21345,12000000,10652498.0
2381,173931,19000000,2570000.0
2382,61984,12000000,11212294.0
2383,50601,20000000,17479.0
2384,236751,12000000,101332962.0
2385,107,10000000,83557872.0
2386,8913,11500000,57469467.0
2387,927,11000000,153083102.0
2388,11,11000000,775398007.0
2389,291870,11500000,94073028.0
2390,907,11000000,111858363.0
2391,45317,25000000,93617009.0
2392,12094,11000000,72778712.0
2393,10377,11000000,64088552.0
2394,249164,11000000,78874843.0
2395,9942,11000000,49797148.0
2396,1817,13000000,97837138.0
2397,10229,11000000,41227069.0
2398,687,11000000,39363635.0
2399,796,10500000,75902208.0
2400,22804,11000000,68233629.0
2401,10156,11000000,31672907.0
2402,12837,11000000,38105395.0
2403,17708,11000000,23978402.0
2404,13937,12000000,37170057.0
2405,28932,11,11.0
2406,31909,12000000,4884663.0
2407,167073,11000000,62076141.0
2408,3175,11000000,20000000.0
2409,14369,24000000,14782676.0
2410,16888,24000000,13700000.0
2411,121826,11000000,59520298.0
2412,10646,11000000,23430766.0
2413,12149,11000000,13110448.0
2414,304357,11000000,61619773.0
2415,20009,14000000,6413915.0
2416,1587,11000000,30000000.0
2417,30973,10000000,4069090.0
2418,63020,11000000,2832826.0
2419,86829,11000000,32935319.0
2420,13888,11000000,2807854.0
2421,42345,11000000,2200000.0
2422,11917,10800000,113857533.0
2423,14395,7400000,17000000.0
2424,24137,14000000,18535191.0
2425,62,10500000,68700000.0
2426,601,10500000,792910554.0
2427,13067,10000000,17500000.0
2428,88641,10500000,123509.0
2429,96399,12000000,9622846.0
2430,489,10000000,225933435.0
2431,214,10000000,163876815.0
2432,10890,10000000,85300000.0
2433,1588,28000000,90449929.0
2434,316727,10000000,118587880.0
2435,10314,10000000,103166989.0
2436,663,10000000,139352633.0
2437,11804,10000000,91196419.0
2438,16781,6000000,57231524.0
2439,11873,13800000,52293982.0
2440,9289,10000000,50100000.0
2441,10414,10000000,50752337.0
2442,1970,10000000,183474602.0
2443,9614,12000000,41205099.0
2444,8922,10000000,59217789.0
2445,1648,10000000,40485039.0
2446,17917,10000000,37402877.0
2447,74534,10000000,136836156.0
2448,19405,10000000,44460850.0
2449,9355,12305523,36230219.0
2450,10999,10000000,57500000.0
2451,321258,10000000,64188367.0
2452,44040,10000000,33583175.0
2453,10426,20000000,33526835.0
2454,280092,10000000,104303851.0
2455,13938,10000000,25754284.0
2456,10163,10000000,32101000.0
2457,12182,9000000,32973937.0
2458,1832,10000000,30652890.0
2459,15301,10000000,29450919.0
2460,10135,15000000,30050028.0
2461,26352,10000000,29392418.0
2462,20616,8500000,34411240.0
2463,9794,12000000,38368909.0
2464,15037,10000000,25605015.0
2465,227,10000000,33697647.0
2466,294272,65000000,143695338.0
2467,11336,10000000,20766616.0
2468,283445,10000000,52882018.0
2469,88036,14000000,24637469.0
2470,22824,10000000,42333295.0
2471,11545,9000000,17096053.0
2472,42684,10000000,66821036.0
2473,268238,10000000,85978266.0
2474,41823,10000000,16153593.0
2475,9362,11000000,48572000.0
2476,9902,12600000,28650575.0
2477,14729,10000000,15795189.0
2478,9455,25000000,15156200.0
2479,103731,10000000,21587700.0
2480,10090,10000000,20342161.0
2481,75900,6400000,35057696.0
2482,9515,10000000,17297244.0
2483,328425,5000000,58978653.0
2484,1542,10000000,12827813.0
2485,10490,10000000,10571408.0
2486,87093,10000000,28883511.0
2487,10029,30000000,9898412.0
2488,11507,10000000,8801940.0
2489,37931,10000000,6110000.0
2490,87818,6000000,32438988.0
2491,88005,10000000,9636289.0
2492,73,20000000,23875127.0
2493,14283,18000000,9495408.0
2494,209403,9500000,7800000.0
2495,7942,10000000,33000000.0
2496,73247,10000000,2154696.0
2497,253331,9000000,21571189.0
2498,9952,10000000,7177143.0
2499,256924,10000000,10835752.0
2500,82532,10000000,4417580.0
2501,2088,11500000,3275585.0
2502,10388,10000000,3193102.0
2503,1640,6500000,98410061.0
2504,25520,10000000,5164404.0
2505,329440,10000000,40055439.0
2506,47890,14000000,439564.0
2507,252512,10000000,7587485.0
2508,55720,10000000,1759252.0
2509,29076,10000000,1631839.0
2510,68812,20000000,1969193.0
2511,73567,10000000,3665069.0
2512,41479,10000000,7022728.0
2513,1989,10000000,21786738.0
2514,12779,10000000,598645.0
2515,13191,5000000,1296184.0
2516,101173,7700000,1072602.0
2517,20178,10000000,295750.0
2518,78149,10000000,45779.0
2519,245846,10000000,17472.0
2520,25186,10000000,9069.0
2521,217708,10,11.0
2522,78383,10,10000000.0
2523,16614,9500000,17164377.0
2524,9700,9600000,4386236.0
2525,10471,11000000,59827328.0
2526,667,9500000,111584787.0
2527,86837,8900000,19839492.0
2528,10306,10500000,14144000.0
2529,11576,9400000,60000000.0
2530,219,12899867,85582407.0
2531,62215,7400000,21817298.0
2532,348,11000000,104931801.0
2533,30497,85000,30859000.0
2534,27586,10000000,2995811.0
2535,14811,9000000,83304330.0
2536,660,5500000,141195658.0
2537,40794,7000000,8220215.0
2538,9400,9000000,41590886.0
2539,16162,9000000,34573780.0
2540,10585,9000000,44196684.0
2541,2359,9000000,24538513.0
2542,238636,9000000,108782847.0
2543,11282,9000000,23936908.0
2544,14181,26000000,28780255.0
2545,1621,40600000,90400000.0
2546,9656,9000000,21510851.0
2547,1619,8500000,19125401.0
2548,9685,9000000,4777465.0
2549,14425,9000000,4350774.0
2550,15568,9000000,2955039.0
2551,67675,9000000,18663238.0
2552,250349,6000000,14348529.0
2553,39806,9000000,771499.0
2554,15699,5000000,140666.0
2555,17926,9000000,1046166.0
2556,9671,5000000,328203506.0
2557,13483,86000000,14373825.0
2558,1547,8500000,32222567.0
2559,25196,7000000,39462438.0
2560,16323,9250000,29174648.0
2561,175528,8500000,22456509.0
2562,8069,9000000,2500000.0
2563,16727,12000000,20138836.0
2564,272693,8500000,43528634.0
2565,10696,22000000,5271666.0
2566,29963,8500000,4440055.0
2567,26022,12000000,42345360.0
2568,152747,9000000,6108720.0
2569,62676,8000000,1997807.0
2570,1116,6500000,22889018.0
2571,185008,7700000,46000000.0
2572,11620,8250000,30000000.0
2573,680,8000000,213928762.0
2574,242582,8500000,38697217.0
2575,11217,8500000,5001655.0
2576,15121,8200000,286214286.0
2577,2619,8000000,69821334.0
2578,773,8000000,100523181.0
2579,235,8000000,52287414.0
2580,170,5000000,82719885.0
2581,10734,8000000,43000000.0
2582,37964,8000000,27362712.0
2583,40807,8000000,39187783.0
2584,225565,8000000,26049082.0
2585,668,6500000,81974493.0
2586,11596,14000000,18090181.0
2587,14429,8000000,22593409.0
2588,13751,8000000,18948425.0
2589,9490,8000000,17460020.0
2590,14536,8000000,29010817.0
2591,1359,7000000,34266564.0
2592,9962,8000000,16856124.0
2593,15049,8000000,12671300.0
2594,22821,8000000,10629321.0
2595,37735,8000000,74952305.0
2596,10873,8000000,8279017.0
2597,51588,8000000,10130000.0
2598,291270,8000000,5659286.0
2599,44009,8000000,18124262.0
2600,13154,8000000,2275557.0
2601,43923,8000000,6491240.0
2602,26306,8000000,589304.0
2603,198277,8000000,63464861.0
2604,7870,8000000,852872.0
2605,13072,8000000,458232.0
2606,10288,8000000,426224.0
2607,44147,8000000,3453043.0
2608,13197,8000000,143451.0
2609,251321,8000000,53086.0
2610,149,8000000,553171.0
2611,10425,22000000,413454.0
2612,49081,8000000,2019009.0
2613,302,7800000,22441323.0
2614,403,7500000,145793296.0
2615,33542,7500000,32392047.0
2616,9388,6500000,24793509.0
2617,1691,10200000,35619521.0
2618,24684,7500000,26096852.0
2619,2610,10284523,11588205.0
2620,11022,6500000,12633747.0
2621,34341,7500000,4245870.0
2622,36046,7500000,3347647.0
2623,12569,8000000,10848783.0
2624,73873,8000000,5634828.0
2625,7735,7500000,19000000.0
2626,301365,7000000,1333124.0
2627,25941,7300000,10329747.0
2628,7326,7500000,231411584.0
2629,681,7200000,116019547.0
2630,238,6000000,245066411.0
2631,535,4000000,92921203.0
2632,19913,7500000,60722734.0
2633,713,7000000,116700000.0
2634,77930,7000000,167221571.0
2635,253,7000000,161777836.0
2636,57119,6600000,37710610.0
2637,3291,7000000,54600000.0
2638,398,7000000,49084830.0
2639,8068,7000000,25405445.0
2640,10803,9000000,25000000.0
2641,682,7000000,97572000.0
2642,10117,7000000,20256975.0
2643,79316,7000000,36433975.0
2644,2074,7000000,14702438.0
2645,308639,700000,17986781.0
2646,22314,7000000,14011454.0
2647,2662,7000000,16829545.0
2648,12573,7000000,31430334.0
2649,241771,7000000,14618727.0
2650,11051,7000000,8373585.0
2651,14578,7000000,7292175.0
2652,13006,7,5.0
2653,16651,7000000,4720371.0
2654,4251,7000000,29385320.0
2655,14112,7000000,2062066.0
2656,71859,7000000,6038942.0
2657,33676,7000000,1246141.0
2658,30128,7000000,1429299.0
2659,44835,7000000,382946.0
2660,306745,7000000,573335.0
2661,47088,7000000,453079.0
2662,110402,7000000,1310673.0
2663,27004,7000000,46488.0
2664,8374,6000000,30471.0
2665,164372,7000000,12400000.0
2666,13001,7000000,8900000.0
2667,9571,6900000,7993039.0
2668,82505,6900000,44287131.0
2669,46738,6800000,7103838.0
2670,250546,6500000,255273813.0
2671,38415,7,7.0
2672,650,6500000,57504069.0
2673,16620,6500000,54215416.0
2674,11033,6500000,31899000.0
2675,9430,6500000,28451622.0
2676,8998,6500000,13368437.0
2677,10514,6500000,12376563.0
2678,76025,6500000,17693675.0
2679,4836,6500000,11850214.0
2680,14631,6500000,2025032.0
2681,87499,6500000,2401510.0
2682,18923,6500000,1548955.0
2683,28089,6500000,1521261.0
2684,218,6400000,78371200.0
2685,338,4800000,79384880.0
2686,10925,4000000,14237000.0
2687,2293,6000000,2122561.0
2688,621,6000000,181813770.0
2689,792,6000000,138530565.0
2690,1777,6000000,119114517.0
2691,642,6000000,102308889.0
2692,433,6000000,102272727.0
2693,1725,6000000,43656822.0
2694,11977,6000000,39846344.0
2695,16158,6000000,25059640.0
2696,629,6000000,23341568.0
2697,10160,8000000,22168359.0
2698,11452,5000000,38275483.0
2699,12163,6000000,44703995.0
2700,32275,6000000,20400000.0
2701,1103,6000000,50244700.0
2702,14144,6000000,18197398.0
2703,10622,12716953,18814720.0
2704,13370,6000000,18750246.0
2705,10215,6000000,58000000.0
2706,25066,6000000,12000000.0
2707,1523,6000000,48027970.0
2708,11361,5000000,11642254.0
2709,92591,5000000,9206470.0
2710,57612,6000000,7518876.0
2711,15256,6000000,6852450.0
2712,83686,6000000,13231461.0
2713,28053,6000000,6670712.0
2714,67913,6000000,19560274.0
2715,13991,7000000,6230276.0
2716,1443,6000000,10409377.0
2717,231576,5500000,5483299.0
2718,16172,6000000,4398989.0
2719,15797,6000000,3283371.0
2720,13537,6000000,2944752.0
2721,20794,6000000,2025238.0
2722,576,6244087,638641.0
2723,13990,6000000,2899975.0
2724,27549,6000000,869325.0
2725,59728,6000000,399611.0
2726,58882,134005,1332231.0
2727,13827,6000000,69497.0
2728,97614,12000000,66351.0
2729,837,5952000,2120439.0
2730,1555,5300000,3897799.0
2731,244783,6000000,32251.0
2732,16564,4000000,530048.0
2733,3482,5800000,6800000.0
2734,8982,6000000,27165581.0
2735,455,3500159,76578641.0
2736,14351,5800000,7000000.0
2737,10664,5600000,18469680.0
2738,9277,5500000,159616327.0
2739,9443,5500000,58972904.0
2740,11901,5500000,15700000.0
2741,33155,5500000,4865000.0
2742,321,4361898,3031801.0
2743,4997,5000000,2466444.0
2744,925,6500000,37295445.0
2745,7913,2200000,11502151.0
2746,230266,5500000,5000000.0
2747,215,4000000,152925093.0
2748,333371,15000000,108286421.0
2749,9012,5000000,64282312.0
2750,345911,4900000,44107032.0
2751,72571,5000000,205703818.0
2752,242512,5000000,103590271.0
2753,10072,5000000,44793222.0
2754,211954,5500000,99067206.0
2755,82990,5000000,142817992.0
2756,29912,4100000,36000000.0
2757,11843,5000000,41833347.0
2758,11284,11000000,34872033.0
2759,504,8000000,60378584.0
2760,173,5000000,28200000.0
2761,227348,5000000,86362372.0
2762,1955,5000000,26010864.0
2763,152532,5000000,55198285.0
2764,243940,3300000,64110728.0
2765,77,9000000,39723096.0
2766,157547,5000000,44030246.0
2767,2295,5000000,26888376.0
2768,71,5000000,110000000.0
2769,147773,4600000,23198652.0
2770,24266,3500000,20659423.0
2771,59968,10000000,17273593.0
2772,323677,5000000,24804129.0
2773,256274,5000000,40100000.0
2774,284293,5000000,43884652.0
2775,24973,5000000,15000000.0
2776,21610,5000000,19905359.0
2777,10283,5000000,14000000.0
2778,8346,5000000,368744044.0
2779,122081,5000000,31724284.0
2780,10987,5000000,15116634.0
2781,1391,5000000,33616692.0
2782,747,4000000,30039392.0
2783,26748,5000000,13269963.0
2784,11357,5000000,17768757.0
2785,14854,5000000,12232628.0
2786,50357,5000000,25562924.0
2787,13090,5000000,16174377.0
2788,192141,5000000,54418872.0
2789,29996,5000000,12200000.0
2790,351819,20000000,21164799.0
2791,22649,4,25.0
2792,11042,8000000,3432342.0
2793,17339,5000000,7230000.0
2794,335,5000000,5321508.0
2795,15745,5000000,5476060.0
2796,17431,5000000,9760104.0
2797,78394,5000000,4074023.0
2798,10217,5000000,3263585.0
2799,46332,4000000,41424067.0
2800,13996,5000000,4040588.0
2801,1024,5000000,3049135.0
2802,343795,5000000,4842699.0
2803,45658,5000000,2614773.0
2804,16148,5000000,1980338.0
2805,4553,5000000,8203235.0
2806,245916,5000000,2450846.0
2807,27585,5000000,5129058.0
2808,1415,5000000,742898.0
2809,313922,5000000,3220371.0
2810,199933,5000000,846704.0
2811,13685,7000000,560069.0
2812,46838,5000000,5476793.0
2813,298312,5000000,98450062.0
2814,11600,5000000,782102.0
2815,31175,5000000,17872796.0
2816,12498,1000000,24475416.0
2817,77949,4798235,209696.0
2818,1690,4800000,80578934.0
2819,64720,5000000,3099314.0
2820,16337,4700000,8025872.0
2821,11577,4638783,11000000.0
2822,77987,4800000,10337387.0
2823,9336,4500000,146198896.0
2824,5689,4500000,58853106.0
2825,712,6000000,254700832.0
2826,13342,4500000,27092880.0
2827,10339,4500000,10400000.0
2828,1429,15000000,13060843.0
2829,9303,4500000,7011317.0
2830,641,4500000,7390108.0
2831,252680,5000000,10429707.0
2832,141,6000000,1270522.0
2833,39800,4500000,744816.0
2834,36419,4500000,3606395.0
2835,510,3000000,108981275.0
2836,375290,4500000,32000000.0
2837,116613,3730500,6294161.0
2838,1088,8000000,41400000.0
2839,3040,4200000,32000000.0
2840,11386,3705538,62548947.0
2841,10246,4000000,125728258.0
2842,10331,114000,30000000.0
2843,153,4000000,119723856.0
2844,703,4000000,38251425.0
2845,27191,4000000,36000000.0
2846,1365,4000000,44909486.0
2847,287424,4000000,187112.0
2848,451,3600000,49800000.0
2849,241251,4000000,52425855.0
2850,40494,4000000,14400000.0
2851,39781,3500000,34705850.0
2852,8337,4000000,13008928.0
2853,5925,4000000,11744471.0
2854,146203,5000000,15179302.0
2855,85350,4000000,44349000.0
2856,512,4000000,31584901.0
2857,13408,7000000,10229331.0
2858,47816,6000000,9000000.0
2859,11536,4000000,8200000.0
2860,2370,4000000,6000000.0
2861,9809,4000000,4630045.0
2862,5,4000000,4300000.0
2863,11013,4000000,9304609.0
2864,10132,4000000,3468572.0
2865,8141,4000000,2426851.0
2866,48572,4000000,1104682.0
2867,14517,4000000,866999.0
2868,157847,4000000,2365467.0
2869,25719,3000000,302204.0
2870,48309,1300000,354704.0
2871,44945,9500000,120000.0
2872,111190,16000000,318982.0
2873,54580,4000000,146402.0
2874,52015,650000,33245.0
2875,60422,4000000,355688.0
2876,81390,4000000,25345000.0
2877,22301,3950000,8000000.0
2878,874,3900000,28350000.0
2879,10774,3800000,23689877.0
2880,770,4000000,400176459.0
2881,29715,3800000,14873.0
2882,25209,3768785,8000000.0
2883,37495,967686,4270000.0
2884,34769,3500000,44462.0
2885,35032,3700000,2956000.0
2886,8618,4000000,13401952.0
2887,3116,3600000,44785053.0
2888,9427,3500000,257850122.0
2889,813,3500000,83453539.0
2890,10634,3500000,28215918.0
2891,9516,3500000,27900000.0
2892,16288,3500000,14000000.0
2893,23330,3716946,5000000.0
2894,18900,3500000,13007551.0
2895,27029,3500000,12800000.0
2896,26268,3500000,12000000.0
2897,573,3500000,12600000.0
2898,310131,3500000,40423945.0
2899,11363,3500000,9482579.0
2900,3033,10000000,6451628.0
2901,25376,2000000,33965843.0
2902,765,3600000,5923044.0
2903,46146,3500000,4159678.0
2904,14256,3500000,113783.0
2905,12535,3400000,31063038.0
2906,1667,8000000,127392239.0
2907,50839,3500000,19504039.0
2908,13973,3000000,3830137.0
2909,244786,3300000,13092000.0
2910,598,3300000,30641770.0
2911,11129,600000,4000000.0
2912,103663,3800000,16800000.0
2913,301748,3300000,45000.0
2914,108346,2000000,7.0
2915,805,3200000,33395426.0
2916,11697,3200000,8000000.0
2917,55347,3200000,5332926.0
2918,8469,2700000,141000000.0
2919,658,2500000,124881062.0
2920,1585,3180000,9644124.0
2921,627,4000000,16491080.0
2922,41436,3000000,177512032.0
2923,1430,4000000,35564473.0
2924,10014,3000000,29999213.0
2925,11257,3000000,20966644.0
2926,158015,3000000,89328627.0
2927,82507,3000000,77712439.0
2928,20337,3000000,19184015.0
2929,261,3000000,17570324.0
2930,1685,3000000,18999718.0
2931,20737,3000000,23144499.0
2932,10991,16000000,68411275.0
2933,10225,3000000,19472057.0
2934,826,3000000,33300000.0
2935,34086,3000000,15369573.0
2936,5854,2000000,7900000.0
2937,284,3000000,25000000.0
2938,10285,3000000,15938065.0
2939,5780,3000000,13000000.0
2940,292,3000000,11718595.0
2941,22013,3000000,10400000.0
2942,821,3000000,10000000.0
2943,3089,3000000,9012000.0
2944,132344,3000000,11176469.0
2945,15158,3000000,7282851.0
2946,44634,3000000,6804016.0
2947,10557,3800000,28200000.0
2948,28005,3000000,4109095.0
2949,252,3000000,4000000.0
2950,18892,3000000,3076820.0
2951,549,2962051,3011195.0
2952,868,3000000,9879971.0
2953,10683,3000000,2807390.0
2954,246403,2800000,1826705.0
2955,670,3000000,14980005.0
2956,49010,3000000,748453.0
2957,24469,3000000,2357852.0
2958,84174,3000000,11947954.0
2959,38541,3000000,22000.0
2960,234212,3000000,3387000.0
2961,26039,2500000,3200000.0
2962,666,2900000,5596708.0
2963,248,2900000,5000000.0
2964,43942,3000000,103735.0
2965,10476,8000000,23563727.0
2966,239,2883848,25000000.0
2967,10281,2800000,19170001.0
2968,630,2777000,33754967.0
2969,3034,2800000,86273333.0
2970,13025,2000000,5364858.0
2971,17264,2700000,37799643.0
2972,15875,2686000,6600000.0
2973,43306,2627000,5363000.0
2974,11072,2600000,119500000.0
2975,9730,2600000,32980880.0
2976,209274,2159280,10700000.0
2977,291,2600000,3166000.0
2978,14139,2600000,553198.0
2979,872,2540800,7200000.0
2980,139038,2500000,60141683.0
2981,126509,2500000,33400000.0
2982,10676,2500000,14400000.0
2983,1687,2500000,12348905.0
2984,24748,2500000,10000000.0
2985,401,2500000,26781723.0
2986,76,2500000,5535405.0
2987,84329,2500000,3325038.0
2988,157386,2500000,6854611.0
2989,46849,2500000,71904.0
2990,20764,2500000,107559.0
2991,45132,2500000,324138.0
2992,49471,2400000,5731103.0
2993,7512,30000000,495303.0
2994,11798,2380000,8176544.0
2995,43546,2361000,6892000.0
2996,17820,2300000,11000000.0
2997,756,2280000,83320000.0
2998,9728,4000000,36690067.0
2999,9731,2200000,21930418.0
3000,43610,2160000,9132000.0
3001,887,2100000,23650000.0
3002,364083,2100000,3330.0
3003,8329,1500000,30448000.0
3004,657,2000000,78898765.0
3005,11561,2000000,18344729.0
3006,270303,2000000,14674076.0
3007,11624,2000000,18016290.0
3008,595,2000000,13129846.0
3009,8810,2000000,24600832.0
3010,226,2000000,11540607.0
3011,92182,2000000,13101672.0
3012,582,2000000,70000000.0
3013,72213,1000000,34522221.0
3014,990,2000000,7600000.0
3015,55604,2000000,9172000.0
3016,9662,8000000,1477676.0
3017,80,2700000,15992615.0
3018,55,2000000,20908467.0
3019,11023,2000000,4601043.0
3020,33667,2000000,7800000.0
3021,39013,2000000,13831503.0
3022,43839,2000000,4000000.0
3023,44639,2000000,7871522.0
3024,301351,6000000,11122090.0
3025,7873,2000000,5967038.0
3026,331190,2000000,2801508.0
3027,15186,2000000,2506446.0
3028,1378,2000000,5179037.0
3029,8885,2000000,11125849.0
3030,48382,2000000,1672730.0
3031,12901,2000000,1431623.0
3032,250124,2000000,1477002.0
3033,12228,2000000,653621.0
3034,42889,2000000,563706.0
3035,10656,2000000,390659.0
3036,24746,2000000,124494.0
3037,12109,2000000,120620.0
3038,27023,3800000,111731.0
3039,273899,13500000,187674.0
3040,20653,7000000,1100000.0
3041,28260,2000000,54207.0
3042,13075,2000000,622806.0
3043,115210,100000,95000.0
3044,11302,2000000,11833696.0
3045,26388,1987650,19152480.0
3046,38358,1800000,67738090.0
3047,702,1800000,8000000.0
3048,935,1800000,9440272.0
3049,84175,1800000,21107746.0
3050,1705,1700000,8844595.0
3051,50875,2000000,841733.0
3052,4929,1800000,6800000.0
3053,104,1530000,7267585.0
3054,10894,500000,150277.0
3055,1688,1700000,9700000.0
3056,43947,2000000,572809.0
3057,24066,1700000,1943649.0
3058,191714,1000000,4235151.0
3059,34106,1644736,7433101.0
3060,11426,1650000,30500000.0
3061,13909,1600000,5400000.0
3062,592,1600000,4420000.0
3063,10758,2000000,22179430.0
3064,11690,1500000,11806119.0
3065,3083,1500000,9600000.0
3066,9344,1500000,7412216.0
3067,10707,1500000,11098131.0
3068,15647,1000000,10013424.0
3069,4174,1500000,7000000.0
3070,9464,1500000,2375097.0
3071,49018,1500000,97009150.0
3072,13820,1500000,2300000.0
3073,17113,1500000,712294.0
3074,129139,1500000,3566225.0
3075,507,1500000,418961.0
3076,4012,1500000,416925.0
3077,10972,1500000,373967.0
3078,3082,1,8500000.0
3079,1961,1500000,173066.0
3080,23963,1500000,32000.0
3081,104755,1500000,1165882.0
3082,408,1488423,184925486.0
3083,39209,1455000,2620000.0
3084,100,1350000,3897569.0
3085,25784,1300000,639000.0
3086,223,1288000,6000000.0
3087,9725,1250000,21722776.0
3088,28580,1250000,11000000.0
3089,23730,1250000,3412497.0
3090,19997,1250000,8500000.0
3091,43266,1250000,6000000.0
3092,176,1200000,103911669.0
3093,39939,3000000,18492362.0
3094,11219,1200000,7000000.0
3095,176124,1200000,2861020.0
3096,500,1200000,14661007.0
3097,429,1200000,6000000.0
3098,89750,900000,25000.0
3099,43884,1200000,2736000.0
3100,13064,2600000,2850263.0
3101,7553,3000000,18637690.0
3102,39895,1100000,1400000.0
3103,94329,1100000,4105187.0
3104,289,878000,10462500.0
3105,1366,1000000,117235147.0
3106,5769,1000000,37600000.0
3107,277685,1000000,62882090.0
3108,103,1300000,28262574.0
3109,11298,1000000,17985893.0
3110,646,950000,59600000.0
3111,9003,1000000,14564027.0
3112,347126,5000000,23507567.0
3113,10092,1000000,10047674.0
3114,10643,1000000,10037390.0
3115,46705,3500000,16566240.0
3116,546,1000000,13350369.0
3117,76487,1000000,101758490.0
3118,5722,2090000,40000000.0
3119,39833,1000000,9000000.0
3120,1781,1000000,46243000.0
3121,18712,1000000,7800000.0
3122,171424,5000000,6833445.0
3123,113947,1000000,9138338.0
3124,32456,1000000,2057193.0
3125,13508,1000000,1678874.0
3126,22597,1000000,1744858.0
3127,26791,1000000,852206.0
3128,56666,1000000,623791.0
3129,46989,1000000,464000.0
3130,123678,1000000,444575.0
3131,13362,1000000,274661.0
3132,18206,1000000,10018.0
3133,13856,1000000,7202.0
3134,29146,950000,814666.0
3135,654,910000,9600000.0
3136,91070,930000,30905.0
3137,2009,852510,1185783.0
3138,2652,950000,7022209.0
3139,9813,900000,381420.0
3140,3170,858000,267447150.0
3141,15708,850000,819939.0
3142,84200,850000,1243961.0
3143,47889,800000,1001437.0
3144,25461,800000,2816116.0
3145,26899,800000,62852.0
3146,14451,800000,1984662.0
3147,838,777000,140000000.0
3148,84332,750000,4007792.0
3149,74725,500000,171760.0
3150,58428,750000,78396.0
3151,288,730000,8000000.0
3152,14275,700000,7830611.0
3153,18734,700000,1667192.0
3154,7859,700000,4911725.0
3155,302579,700000,10508.0
3156,3080,609000,3202000.0
3157,2667,60000,248000000.0
3158,9459,600000,34505110.0
3159,704,560000,12299668.0
3160,14438,500000,33456317.0
3161,83,130000,54667954.0
3162,30315,500000,17000000.0
3163,2056,500000,8679814.0
3164,14271,2053648,500000.0
3165,84401,500000,845188.0
3166,12281,500000,603943.0
3167,346,2000000,271841.0
3168,45649,500000,98017.0
3169,43933,500000,4242978.0
3170,15624,450000,973525.0
3171,3062,439000,2281000.0
3172,8193,400000,46118097.0
3173,23827,15000,193355800.0
3174,762,400000,5028948.0
3175,1435,218,1162014.0
3176,9029,35000000,170000000.0
3177,11240,860000,2451545.0
3178,3059,385907,8394751.0
3179,65203,379000,4358000.0
3180,764,350000,29400000.0
3181,103620,6000000,31081.0
3182,14278,300000,1750211.0
3183,389,350000,1000000.0
3184,3078,325000,4500000.0
3185,21525,300000,7808524.0
3186,55123,312000,1281176.0
3187,11980,8,16.0
3188,73981,300000,2074000.0
3189,118452,300000,40542.0
3190,13282,300000,8000000.0
3191,2255,250000,12021272.0
3192,50035,250000,4186931.0
3193,431,250000,501818.0
3194,51942,250,203.0
3195,60420,250000,3542353.0
3196,109729,250000,56825.0
3197,3060,245000,22000000.0
3198,18533,230000,2260712.0
3199,139948,225000,111300.0
3200,70478,100000,27000000.0
3201,35073,210000,5000000.0
3202,9659,400000,100000000.0
3203,10218,200000,4505922.0
3204,391,200000,14500000.0
3205,43595,200000,2200000.0
3206,54897,200000,2295733.0
3207,21334,180000,900000.0
3208,79120,8000,469947.0
3209,55420,100000,1776935.0
3210,5822,150000,15200000.0
3211,39141,150000,2891288.0
3212,5723,160000,20710513.0
3213,1779,160000,6706368.0
3214,84355,125000,3200000.0
3215,339408,8500000,15861566.0
3216,18925,100000,10178331.0
3217,299245,100000,42664410.0
3218,985,10000,7000000.0
3219,473,60000,3221152.0
3220,9372,65000,28575078.0
3221,47607,65000,416498.0
3222,242095,4000000,600896.0
3223,42151,31192,10000.0
3224,2292,27000,3151130.0
3225,692,12000,6000000.0
3226,36095,20000,99000.0
3227,14337,7000,424760.0
3228,9367,220000,2040920.0
