,date,type,year,avg_price,size,nb_sold
0,2015-12-27,conventional,2015,0.95,small,9626901.09
1,2015-12-20,conventional,2015,0.98,small,8710021.76
2,2015-12-13,conventional,2015,0.93,small,9855053.66
3,2015-12-06,conventional,2015,0.89,small,9405464.36
4,2015-11-29,conventional,2015,0.99,small,8094803.56
5,2015-11-22,conventional,2015,0.96,small,8571849.8
6,2015-11-15,conventional,2015,0.92,small,9907981.27
7,2015-11-08,conventional,2015,0.97,small,9991330.31
8,2015-11-01,conventional,2015,0.97,small,10138703.85
9,2015-10-25,conventional,2015,1.04,small,8683958.8
10,2015-10-18,conventional,2015,0.99,small,9162094.14
11,2015-10-11,conventional,2015,1.0,small,8828340.53
12,2015-10-04,conventional,2015,1.02,small,8353619.97
13,2015-09-27,conventional,2015,1.03,small,8454208.8
14,2015-09-20,conventional,2015,1.02,small,9422275.27
15,2015-09-13,conventional,2015,1.03,small,9875018.48
16,2015-09-06,conventional,2015,1.02,small,12569277.14
17,2015-08-30,conventional,2015,1.07,small,11650976.87
18,2015-08-23,conventional,2015,1.08,small,11283021.31
19,2015-08-16,conventional,2015,1.05,small,12680252.48
20,2015-08-09,conventional,2015,1.05,small,13003371.07
21,2015-08-02,conventional,2015,1.09,small,12115233.76
22,2015-07-26,conventional,2015,1.07,small,12196225.93
23,2015-07-19,conventional,2015,1.07,small,12742760.17
24,2015-07-12,conventional,2015,1.07,small,12384449.4
25,2015-07-05,conventional,2015,1.04,small,15643939.37
26,2015-06-28,conventional,2015,1.06,small,13299568.71
27,2015-06-21,conventional,2015,1.02,small,14699604.93
28,2015-06-14,conventional,2015,0.98,small,16383685.07
29,2015-06-07,conventional,2015,1.0,small,16529797.6
30,2015-05-31,conventional,2015,1.03,small,15503613.33
31,2015-05-24,conventional,2015,1.04,small,16000107.8
32,2015-05-17,conventional,2015,1.06,small,14615941.59
33,2015-05-10,conventional,2015,1.02,small,16215328.75
34,2015-05-03,conventional,2015,0.96,small,17787611.93
35,2015-04-26,conventional,2015,1.07,small,13833715.28
36,2015-04-19,conventional,2015,1.03,small,14251319.31
37,2015-04-12,conventional,2015,1.02,small,14793354.18
38,2015-04-05,conventional,2015,1.06,small,13939014.43
39,2015-03-29,conventional,2015,1.04,small,12524637.04
40,2015-03-22,conventional,2015,1.01,small,13697405.61
41,2015-03-15,conventional,2015,1.04,small,13149988.71
42,2015-03-08,conventional,2015,1.02,small,13013750.35
43,2015-03-01,conventional,2015,0.97,small,13282222.98
44,2015-02-22,conventional,2015,1.02,small,12628562.36
45,2015-02-15,conventional,2015,1.03,small,12626615.3
46,2015-02-08,conventional,2015,0.95,small,13308193.4
47,2015-02-01,conventional,2015,0.89,small,18933038.04
48,2015-01-25,conventional,2015,1.04,small,12167445.03
49,2015-01-18,conventional,2015,1.03,small,11858139.34
50,2015-01-11,conventional,2015,1.01,small,11544810.53
51,2015-01-04,conventional,2015,0.95,small,12357161.34
52,2016-12-25,conventional,2016,1.0,small,9255125.2
53,2016-12-18,conventional,2016,0.96,small,9394065.91
54,2016-12-11,conventional,2016,0.98,small,9009996.11
55,2016-12-04,conventional,2016,1.0,small,11043350.9
56,2016-11-27,conventional,2016,1.21,small,7891487.94
57,2016-11-20,conventional,2016,1.27,small,8531160.52
58,2016-11-13,conventional,2016,1.36,small,8235135.43
59,2016-11-06,conventional,2016,1.44,small,7804252.91
60,2016-10-30,conventional,2016,1.43,small,7100458.82
61,2016-10-23,conventional,2016,1.34,small,7579629.06
62,2016-10-16,conventional,2016,1.3,small,8810664.45
63,2016-10-09,conventional,2016,1.27,small,9552502.48
64,2016-10-02,conventional,2016,1.23,small,9534915.56
65,2016-09-25,conventional,2016,1.22,small,10548061.13
66,2016-09-18,conventional,2016,1.15,small,11337829.1
67,2016-09-11,conventional,2016,1.08,small,12962762.94
68,2016-09-04,conventional,2016,1.04,small,14643465.52
69,2016-08-28,conventional,2016,1.09,small,12561055.5
70,2016-08-21,conventional,2016,1.1,small,12725249.3
71,2016-08-14,conventional,2016,1.12,small,12352932.68
72,2016-08-07,conventional,2016,1.15,small,12197105.36
73,2016-07-31,conventional,2016,1.23,small,10168972.37
74,2016-07-24,conventional,2016,1.2,small,10331314.28
75,2016-07-17,conventional,2016,1.15,small,10320463.27
76,2016-07-10,conventional,2016,1.1,small,11457080.38
77,2016-07-03,conventional,2016,1.06,small,12508937.27
78,2016-06-26,conventional,2016,1.04,small,12189035.17
79,2016-06-19,conventional,2016,1.02,small,13488851.61
80,2016-06-12,conventional,2016,1.04,small,12291686.69
81,2016-06-05,conventional,2016,0.97,small,13808859.16
82,2016-05-29,conventional,2016,0.94,small,13682611.21
83,2016-05-22,conventional,2016,0.93,small,11711999.81
84,2016-05-15,conventional,2016,0.89,small,12447598.49
85,2016-05-08,conventional,2016,0.82,small,14223304.98
86,2016-05-01,conventional,2016,0.84,small,13748944.38
87,2016-04-24,conventional,2016,0.87,small,12913697.19
88,2016-04-17,conventional,2016,0.9,small,11954487.56
89,2016-04-10,conventional,2016,0.9,small,12879820.47
90,2016-04-03,conventional,2016,0.94,small,11320969.79
91,2016-03-27,conventional,2016,0.94,small,11249198.4
92,2016-03-20,conventional,2016,0.93,small,11134390.98
93,2016-03-13,conventional,2016,0.93,small,11661687.44
94,2016-03-06,conventional,2016,0.95,small,11824154.63
95,2016-02-28,conventional,2016,0.91,small,11907394.72
96,2016-02-21,conventional,2016,0.94,small,10015825.13
97,2016-02-14,conventional,2016,0.88,small,11913078.3
98,2016-02-07,conventional,2016,0.76,small,16573573.78
99,2016-01-31,conventional,2016,0.93,small,11098088.49
100,2016-01-24,conventional,2016,0.95,small,7020459.0
101,2016-01-17,conventional,2016,0.94,small,10036597.84
102,2016-01-10,conventional,2016,0.93,small,11441286.89
103,2016-01-03,conventional,2016,0.86,small,11616506.17
104,2017-12-31,conventional,2017,0.98,small,13109617.49
105,2017-12-24,conventional,2017,1.18,small,10027319.18
106,2017-12-17,conventional,2017,1.07,small,10704214.26
107,2017-12-10,conventional,2017,1.03,small,11943914.54
108,2017-12-03,conventional,2017,1.09,small,11746980.0
109,2017-11-26,conventional,2017,1.24,small,9175316.0
110,2017-11-19,conventional,2017,1.17,small,11173132.0
111,2017-11-12,conventional,2017,1.15,small,11512837.0
112,2017-11-05,conventional,2017,1.19,small,11042128.27
113,2017-10-29,conventional,2017,1.29,small,10596902.91
114,2017-10-22,conventional,2017,1.44,small,9607586.96
115,2017-10-15,conventional,2017,1.58,small,8769357.86
116,2017-10-08,conventional,2017,1.65,small,8911144.2
117,2017-10-01,conventional,2017,1.64,small,8342407.59
118,2017-09-24,conventional,2017,1.62,small,8652381.39
119,2017-09-17,conventional,2017,1.57,small,9153158.54
120,2017-09-10,conventional,2017,1.56,small,9496485.27
121,2017-09-03,conventional,2017,1.57,small,9775062.87
122,2017-08-27,conventional,2017,1.47,small,10735709.61
123,2017-08-20,conventional,2017,1.41,small,10507928.78
124,2017-08-13,conventional,2017,1.33,small,10952703.84
125,2017-08-06,conventional,2017,1.33,small,11292580.44
126,2017-07-30,conventional,2017,1.32,small,11112191.11
127,2017-07-23,conventional,2017,1.31,small,11391055.98
128,2017-07-16,conventional,2017,1.33,small,11155465.9
129,2017-07-09,conventional,2017,1.17,small,13009944.14
130,2017-07-02,conventional,2017,1.21,small,12623188.5
131,2017-06-25,conventional,2017,1.17,small,12901031.63
132,2017-06-18,conventional,2017,1.18,small,12975373.48
133,2017-06-11,conventional,2017,1.21,small,13490545.5
134,2017-06-04,conventional,2017,1.24,small,13248334.78
135,2017-05-28,conventional,2017,1.28,small,12841952.21
136,2017-05-21,conventional,2017,1.26,small,12120948.7
137,2017-05-14,conventional,2017,1.19,small,12807836.17
138,2017-05-07,conventional,2017,1.09,small,17076650.82
139,2017-04-30,conventional,2017,1.18,small,13316594.36
140,2017-04-23,conventional,2017,1.18,small,12236713.41
141,2017-04-16,conventional,2017,1.23,small,12311055.17
142,2017-04-09,conventional,2017,1.21,small,12091315.22
143,2017-04-02,conventional,2017,1.21,small,12245520.55
144,2017-03-26,conventional,2017,1.24,small,11737559.6
145,2017-03-19,conventional,2017,1.25,small,10975689.78
146,2017-03-12,conventional,2017,1.22,small,11228357.23
147,2017-03-05,conventional,2017,1.13,small,11335275.58
148,2017-02-26,conventional,2017,0.99,small,13173668.36
149,2017-02-19,conventional,2017,0.99,small,11321732.4
150,2017-02-12,conventional,2017,0.87,small,15051951.54
151,2017-02-05,conventional,2017,0.77,small,22743616.17
152,2017-01-29,conventional,2017,0.96,small,14034075.77
153,2017-01-22,conventional,2017,0.94,small,14254150.46
154,2017-01-15,conventional,2017,0.98,small,12936858.36
155,2017-01-08,conventional,2017,0.99,small,11809727.7
156,2017-01-01,conventional,2017,0.89,small,12707894.99
157,2018-03-25,conventional,2018,1.03,small,14130799.1
158,2018-03-18,conventional,2018,1.05,small,13707389.51
159,2018-03-11,conventional,2018,1.09,small,14089091.05
160,2018-03-04,conventional,2018,1.07,small,14439547.46
161,2018-02-25,conventional,2018,1.06,small,13829857.87
162,2018-02-18,conventional,2018,1.08,small,13262751.42
163,2018-02-11,conventional,2018,0.97,small,15870677.7
164,2018-02-04,conventional,2018,0.87,small,21620180.9
165,2018-01-28,conventional,2018,1.09,small,14551799.5
166,2018-01-21,conventional,2018,1.08,small,14218843.83
167,2018-01-14,conventional,2018,1.2,small,12600918.24
168,2018-01-07,conventional,2018,1.13,small,13730992.75
169,2015-12-27,organic,2015,1.52,small,89709.92
170,2015-12-20,organic,2015,1.53,small,93849.3
171,2015-12-13,organic,2015,1.43,small,91837.92
172,2015-12-06,organic,2015,1.52,small,90203.21
173,2015-11-29,organic,2015,1.5,small,79215.51
174,2015-11-22,organic,2015,1.49,small,95222.99
175,2015-11-15,organic,2015,1.6,small,109494.19
176,2015-11-08,organic,2015,1.54,small,167254.55
177,2015-11-01,organic,2015,1.47,small,113380.29
178,2015-10-25,organic,2015,1.62,small,109006.18
179,2015-10-18,organic,2015,1.71,small,108697.64
180,2015-10-11,organic,2015,1.69,small,93015.27
181,2015-10-04,organic,2015,1.72,small,95393.58
182,2015-09-27,organic,2015,1.75,small,114590.38
183,2015-09-20,organic,2015,1.77,small,126318.13
184,2015-09-13,organic,2015,1.8,small,133928.36
185,2015-09-06,organic,2015,1.78,small,132181.77
186,2015-08-30,organic,2015,1.66,small,150924.97
187,2015-08-23,organic,2015,1.72,small,176723.74
188,2015-08-16,organic,2015,1.75,small,150876.8
189,2015-08-09,organic,2015,1.0,small,170184.0
190,2015-08-02,organic,2015,1.0,small,164126.0
191,2015-07-26,organic,2015,1.0,small,169940.0
192,2015-07-19,organic,2015,1.0,small,159752.0
193,2015-07-12,organic,2015,1.0,small,178871.0
194,2015-07-05,organic,2015,1.0,small,205073.0
195,2015-06-28,organic,2015,1.64,small,192182.13
196,2015-06-21,organic,2015,1.66,small,202071.06
197,2015-06-14,organic,2015,1.68,small,203021.68
198,2015-06-07,organic,2015,1.67,small,200483.4
199,2015-05-31,organic,2015,1.58,small,205250.19
200,2015-05-24,organic,2015,1.59,small,234692.14
201,2015-05-17,organic,2015,1.5,small,246278.31
202,2015-05-10,organic,2015,1.42,small,251602.18
203,2015-05-03,organic,2015,1.37,small,323883.65
204,2015-04-26,organic,2015,1.45,small,321733.2
205,2015-04-19,organic,2015,1.59,small,215283.51
206,2015-04-12,organic,2015,1.53,small,202491.27
207,2015-04-05,organic,2015,1.63,small,197746.89
208,2015-03-29,organic,2015,1.6,small,193273.88
209,2015-03-22,organic,2015,1.49,small,237139.46
210,2015-03-15,organic,2015,1.5,small,235569.01
211,2015-03-08,organic,2015,1.49,small,253078.17
212,2015-03-01,organic,2015,1.4,small,361996.84
213,2015-02-22,organic,2015,1.51,small,272594.88
214,2015-02-15,organic,2015,1.58,small,207650.64
215,2015-02-08,organic,2015,1.48,small,215657.99
216,2015-02-01,organic,2015,1.36,small,302561.47
217,2015-01-25,organic,2015,1.53,small,207494.87
218,2015-01-18,organic,2015,1.42,small,254319.58
219,2015-01-11,organic,2015,1.42,small,270966.74
220,2015-01-04,organic,2015,1.46,small,233286.13
221,2016-12-25,organic,2016,1.34,small,93875.25
222,2016-12-18,organic,2016,1.43,small,97661.23
223,2016-12-11,organic,2016,1.42,small,93027.82
224,2016-12-04,organic,2016,1.56,small,106472.53
225,2016-11-27,organic,2016,1.64,small,100240.54
226,2016-11-20,organic,2016,1.63,small,110737.55
227,2016-11-13,organic,2016,1.7,small,110018.79
228,2016-11-06,organic,2016,1.68,small,117317.9
229,2016-10-30,organic,2016,1.93,small,123815.8
230,2016-10-23,organic,2016,1.63,small,131203.12
231,2016-10-16,organic,2016,1.5,small,114303.56
232,2016-10-09,organic,2016,1.52,small,127092.78
233,2016-10-02,organic,2016,1.71,small,131467.24
234,2016-09-25,organic,2016,1.69,small,119993.58
235,2016-09-18,organic,2016,1.67,small,127014.67
236,2016-09-11,organic,2016,1.52,small,144991.21
237,2016-09-04,organic,2016,1.54,small,137842.79
238,2016-08-28,organic,2016,1.49,small,135742.77
239,2016-08-21,organic,2016,1.51,small,177591.96
240,2016-08-14,organic,2016,1.48,small,186697.3
241,2016-08-07,organic,2016,1.55,small,151179.99
242,2016-07-31,organic,2016,1.58,small,156417.33
243,2016-07-24,organic,2016,1.65,small,159151.31
244,2016-07-17,organic,2016,1.63,small,152828.51
245,2016-07-10,organic,2016,1.51,small,152994.7
246,2016-07-03,organic,2016,1.47,small,159903.0
247,2016-06-26,organic,2016,1.5,small,171054.38
248,2016-06-19,organic,2016,1.45,small,166983.45
249,2016-06-12,organic,2016,1.45,small,176286.36
250,2016-06-05,organic,2016,1.43,small,152105.91
251,2016-05-29,organic,2016,1.41,small,137449.41
252,2016-05-22,organic,2016,1.36,small,166883.21
253,2016-05-15,organic,2016,1.45,small,146037.3
254,2016-05-08,organic,2016,1.3,small,132225.28
255,2016-05-01,organic,2016,1.28,small,238992.91
256,2016-04-24,organic,2016,1.25,small,225429.09
257,2016-04-17,organic,2016,1.38,small,115155.65
258,2016-04-10,organic,2016,1.26,small,108747.34
259,2016-04-03,organic,2016,1.44,small,119283.9
260,2016-03-27,organic,2016,1.44,small,112620.05
261,2016-03-20,organic,2016,1.27,small,105069.07
262,2016-03-13,organic,2016,1.29,small,132040.04
263,2016-03-06,organic,2016,1.28,small,127184.88
264,2016-02-28,organic,2016,1.44,small,110120.49
265,2016-02-21,organic,2016,1.45,small,104135.94
266,2016-02-14,organic,2016,1.37,small,102897.63
267,2016-02-07,organic,2016,1.44,small,101408.79
268,2016-01-31,organic,2016,1.43,small,108929.21
269,2016-01-24,organic,2016,1.41,small,99316.69
270,2016-01-17,organic,2016,1.44,small,115992.81
271,2016-01-10,organic,2016,1.35,small,113867.63
272,2016-01-03,organic,2016,1.43,small,124799.63
273,2017-12-31,organic,2017,1.52,small,120545.76
274,2017-12-24,organic,2017,1.64,small,103199.55
275,2017-12-17,organic,2017,1.57,small,94905.86
276,2017-12-10,organic,2017,1.54,small,94279.26
277,2017-12-03,organic,2017,1.62,small,99317.88
278,2017-11-26,organic,2017,1.72,small,77759.93
279,2017-11-19,organic,2017,1.77,small,88110.88
280,2017-11-12,organic,2017,1.81,small,93312.94
281,2017-11-05,organic,2017,1.82,small,88073.16
282,2017-10-29,organic,2017,1.84,small,88668.95
283,2017-10-22,organic,2017,1.82,small,89301.75
284,2017-10-15,organic,2017,1.85,small,103557.18
285,2017-10-08,organic,2017,1.9,small,100744.58
286,2017-10-01,organic,2017,1.95,small,100319.38
287,2017-09-24,organic,2017,1.94,small,116338.61
288,2017-09-17,organic,2017,2.0,small,140979.17
289,2017-09-10,organic,2017,2.03,small,114942.21
290,2017-09-03,organic,2017,2.06,small,113516.0
291,2017-08-27,organic,2017,2.09,small,112812.39
292,2017-08-20,organic,2017,1.96,small,108658.66
293,2017-08-13,organic,2017,1.88,small,98007.24
294,2017-08-06,organic,2017,1.83,small,112592.04
295,2017-07-30,organic,2017,1.78,small,100332.24
296,2017-07-23,organic,2017,1.76,small,113467.66
297,2017-07-16,organic,2017,1.78,small,94267.55
298,2017-07-09,organic,2017,1.71,small,109023.66
299,2017-07-02,organic,2017,1.74,small,128156.1
300,2017-06-25,organic,2017,1.77,small,123317.1
301,2017-06-18,organic,2017,1.71,small,169434.58
302,2017-06-11,organic,2017,1.56,small,160841.97
303,2017-06-04,organic,2017,1.64,small,165665.93
304,2017-05-28,organic,2017,1.69,small,163384.37
305,2017-05-21,organic,2017,1.71,small,166985.41
306,2017-05-14,organic,2017,1.55,small,164697.92
307,2017-05-07,organic,2017,1.57,small,172722.76
308,2017-04-30,organic,2017,1.68,small,199039.61
309,2017-04-23,organic,2017,1.61,small,152604.41
310,2017-04-16,organic,2017,1.49,small,176684.11
311,2017-04-09,organic,2017,1.43,small,148803.12
312,2017-04-02,organic,2017,1.42,small,183101.86
313,2017-03-26,organic,2017,1.29,small,160491.66
314,2017-03-19,organic,2017,1.5,small,172196.56
315,2017-03-12,organic,2017,1.38,small,152896.45
316,2017-03-05,organic,2017,1.16,small,184006.16
317,2017-02-26,organic,2017,1.21,small,150448.17
318,2017-02-19,organic,2017,1.31,small,250591.21
319,2017-02-12,organic,2017,1.41,small,136636.34
320,2017-02-05,organic,2017,1.36,small,136100.39
321,2017-01-29,organic,2017,1.43,small,131808.29
322,2017-01-22,organic,2017,1.37,small,115700.02
323,2017-01-15,organic,2017,1.44,small,121132.79
324,2017-01-08,organic,2017,1.43,small,117721.87
325,2017-01-01,organic,2017,1.48,small,99820.77
326,2018-03-25,organic,2018,1.55,small,121007.94
327,2018-03-18,organic,2018,1.54,small,170801.85
328,2018-03-11,organic,2018,1.52,small,129169.72
329,2018-03-04,organic,2018,1.52,small,142345.03
330,2018-02-25,organic,2018,1.57,small,122912.97
331,2018-02-18,organic,2018,1.52,small,246515.35
332,2018-02-11,organic,2018,1.56,small,98465.26
333,2018-02-04,organic,2018,1.53,small,117922.52
334,2018-01-28,organic,2018,1.61,small,118616.17
335,2018-01-21,organic,2018,1.63,small,108705.28
336,2018-01-14,organic,2018,1.59,small,145680.62
337,2018-01-07,organic,2018,1.51,small,129541.43
338,2015-12-27,conventional,2015,0.95,large,10197890.05
339,2015-12-20,conventional,2015,0.98,large,9329861.85
340,2015-12-13,conventional,2015,0.93,large,10805838.91
341,2015-12-06,conventional,2015,0.89,large,12160838.62
342,2015-11-29,conventional,2015,0.99,large,9003178.41
343,2015-11-22,conventional,2015,0.96,large,10389879.59
344,2015-11-15,conventional,2015,0.92,large,11699787.51
345,2015-11-08,conventional,2015,0.97,large,12199657.4
346,2015-11-01,conventional,2015,0.97,large,14229286.82
347,2015-10-25,conventional,2015,1.04,large,11410478.34
348,2015-10-18,conventional,2015,0.99,large,14082539.61
349,2015-10-11,conventional,2015,1.0,large,13326573.45
350,2015-10-04,conventional,2015,1.02,large,13775651.69
351,2015-09-27,conventional,2015,1.03,large,13819912.63
352,2015-09-20,conventional,2015,1.02,large,13846044.56
353,2015-09-13,conventional,2015,1.03,large,14888077.69
354,2015-09-06,conventional,2015,1.02,large,14245598.38
355,2015-08-30,conventional,2015,1.07,large,11995960.83
356,2015-08-23,conventional,2015,1.08,large,12551529.7
357,2015-08-16,conventional,2015,1.05,large,12998327.25
358,2015-08-09,conventional,2015,1.05,large,13926692.62
359,2015-08-02,conventional,2015,1.09,large,12219014.12
360,2015-07-26,conventional,2015,1.07,large,12009228.05
361,2015-07-19,conventional,2015,1.07,large,12605457.17
362,2015-07-12,conventional,2015,1.07,large,12403360.2
363,2015-07-05,conventional,2015,1.04,large,14213650.06
364,2015-06-28,conventional,2015,1.06,large,11505999.24
365,2015-06-21,conventional,2015,1.02,large,13244466.6
366,2015-06-14,conventional,2015,0.98,large,12821015.03
367,2015-06-07,conventional,2015,1.0,large,12582265.21
368,2015-05-31,conventional,2015,1.03,large,11599634.02
369,2015-05-24,conventional,2015,1.04,large,12513821.19
370,2015-05-17,conventional,2015,1.06,large,11003341.22
371,2015-05-10,conventional,2015,1.02,large,13509064.65
372,2015-05-03,conventional,2015,0.96,large,16602589.04
373,2015-04-26,conventional,2015,1.07,large,10867403.08
374,2015-04-19,conventional,2015,1.03,large,12277858.78
375,2015-04-12,conventional,2015,1.02,large,11210544.11
376,2015-04-05,conventional,2015,1.06,large,11526980.36
377,2015-03-29,conventional,2015,1.04,large,11541041.35
378,2015-03-22,conventional,2015,1.01,large,12659784.83
379,2015-03-15,conventional,2015,1.04,large,10634070.76
380,2015-03-08,conventional,2015,1.02,large,10973972.6
381,2015-03-01,conventional,2015,0.97,large,13733124.48
382,2015-02-22,conventional,2015,1.02,large,11354281.64
383,2015-02-15,conventional,2015,1.03,large,9783489.59
384,2015-02-08,conventional,2015,0.95,large,13381347.54
385,2015-02-01,conventional,2015,0.89,large,18956479.74
386,2015-01-25,conventional,2015,1.04,large,10734652.82
387,2015-01-18,conventional,2015,1.03,large,11701947.8
388,2015-01-11,conventional,2015,1.01,large,12134773.38
389,2015-01-04,conventional,2015,0.95,large,13624083.05
390,2016-12-25,conventional,2016,1.0,large,10282925.61
391,2016-12-18,conventional,2016,0.96,large,10339168.2
392,2016-12-11,conventional,2016,0.98,large,9967220.02
393,2016-12-04,conventional,2016,1.0,large,9908982.97
394,2016-11-27,conventional,2016,1.21,large,7337341.77
395,2016-11-20,conventional,2016,1.27,large,8033510.82
396,2016-11-13,conventional,2016,1.36,large,7759608.21
397,2016-11-06,conventional,2016,1.44,large,7126936.31
398,2016-10-30,conventional,2016,1.43,large,6852046.35
399,2016-10-23,conventional,2016,1.34,large,8104522.26
400,2016-10-16,conventional,2016,1.3,large,8855072.75
401,2016-10-09,conventional,2016,1.27,large,9579338.98
402,2016-10-02,conventional,2016,1.23,large,9123897.74
403,2016-09-25,conventional,2016,1.22,large,9255913.78
404,2016-09-18,conventional,2016,1.15,large,9481313.14
405,2016-09-11,conventional,2016,1.08,large,10380438.09
406,2016-09-04,conventional,2016,1.04,large,11083513.46
407,2016-08-28,conventional,2016,1.09,large,10420973.0
408,2016-08-21,conventional,2016,1.1,large,9906498.51
409,2016-08-14,conventional,2016,1.12,large,10879341.61
410,2016-08-07,conventional,2016,1.15,large,10731379.56
411,2016-07-31,conventional,2016,1.23,large,10423957.83
412,2016-07-24,conventional,2016,1.2,large,10795751.15
413,2016-07-17,conventional,2016,1.15,large,10628872.6
414,2016-07-10,conventional,2016,1.1,large,11677528.0
415,2016-07-03,conventional,2016,1.06,large,13315901.42
416,2016-06-26,conventional,2016,1.04,large,12029918.6
417,2016-06-19,conventional,2016,1.02,large,12842698.33
418,2016-06-12,conventional,2016,1.04,large,11533969.83
419,2016-06-05,conventional,2016,0.97,large,13396651.73
420,2016-05-29,conventional,2016,0.94,large,13829591.06
421,2016-05-22,conventional,2016,0.93,large,12981224.42
422,2016-05-15,conventional,2016,0.89,large,14437190.03
423,2016-05-08,conventional,2016,0.82,large,17896391.6
424,2016-05-01,conventional,2016,0.84,large,15899858.37
425,2016-04-24,conventional,2016,0.87,large,14382184.8
426,2016-04-17,conventional,2016,0.9,large,12896366.58
427,2016-04-10,conventional,2016,0.9,large,11538132.36
428,2016-04-03,conventional,2016,0.94,large,11512621.85
429,2016-03-27,conventional,2016,0.94,large,12745266.73
430,2016-03-20,conventional,2016,0.93,large,13727453.57
431,2016-03-13,conventional,2016,0.93,large,13104887.66
432,2016-03-06,conventional,2016,0.95,large,12196587.24
433,2016-02-28,conventional,2016,0.91,large,13210854.56
434,2016-02-21,conventional,2016,0.94,large,12003751.56
435,2016-02-14,conventional,2016,0.88,large,13187973.29
436,2016-02-07,conventional,2016,0.76,large,20470572.61
437,2016-01-31,conventional,2016,0.93,large,13278053.61
438,2016-01-24,conventional,2016,0.95,large,14054367.5
439,2016-01-17,conventional,2016,0.94,large,13832256.04
440,2016-01-10,conventional,2016,0.93,large,13226088.66
441,2016-01-03,conventional,2016,0.86,large,16054083.86
442,2017-12-31,conventional,2017,0.98,large,13197460.59
443,2017-12-24,conventional,2017,1.18,large,8964247.34
444,2017-12-17,conventional,2017,1.07,large,9934618.43
445,2017-12-10,conventional,2017,1.03,large,11659897.51
446,2017-12-03,conventional,2017,1.09,large,10905968.0
447,2017-11-26,conventional,2017,1.24,large,7312239.0
448,2017-11-19,conventional,2017,1.17,large,7847059.0
449,2017-11-12,conventional,2017,1.15,large,9994648.0
450,2017-11-05,conventional,2017,1.19,large,9774987.75
451,2017-10-29,conventional,2017,1.29,large,9803569.58
452,2017-10-22,conventional,2017,1.44,large,8761192.74
453,2017-10-15,conventional,2017,1.58,large,8534404.17
454,2017-10-08,conventional,2017,1.65,large,7609509.9
455,2017-10-01,conventional,2017,1.64,large,8354516.32
456,2017-09-24,conventional,2017,1.62,large,8295761.93
457,2017-09-17,conventional,2017,1.57,large,8328241.87
458,2017-09-10,conventional,2017,1.56,large,8373234.08
459,2017-09-03,conventional,2017,1.57,large,8565265.61
460,2017-08-27,conventional,2017,1.47,large,8587105.6
461,2017-08-20,conventional,2017,1.41,large,8837219.28
462,2017-08-13,conventional,2017,1.33,large,11154310.29
463,2017-08-06,conventional,2017,1.33,large,10988313.58
464,2017-07-30,conventional,2017,1.32,large,11088082.78
465,2017-07-23,conventional,2017,1.31,large,11339580.43
466,2017-07-16,conventional,2017,1.33,large,11202844.97
467,2017-07-09,conventional,2017,1.17,large,11031218.25
468,2017-07-02,conventional,2017,1.21,large,10988734.57
469,2017-06-25,conventional,2017,1.17,large,10805961.74
470,2017-06-18,conventional,2017,1.18,large,11199448.6
471,2017-06-11,conventional,2017,1.21,large,10090861.46
472,2017-06-04,conventional,2017,1.24,large,10157565.24
473,2017-05-28,conventional,2017,1.28,large,10932970.72
474,2017-05-21,conventional,2017,1.26,large,10213231.95
475,2017-05-14,conventional,2017,1.19,large,9717257.8
476,2017-05-07,conventional,2017,1.09,large,13549102.59
477,2017-04-30,conventional,2017,1.18,large,11291149.13
478,2017-04-23,conventional,2017,1.18,large,10224484.11
479,2017-04-16,conventional,2017,1.23,large,10069354.29
480,2017-04-09,conventional,2017,1.21,large,10821096.24
481,2017-04-02,conventional,2017,1.21,large,9733584.68
482,2017-03-26,conventional,2017,1.24,large,9664310.82
483,2017-03-19,conventional,2017,1.25,large,9622711.73
484,2017-03-12,conventional,2017,1.22,large,9575227.17
485,2017-03-05,conventional,2017,1.13,large,10807889.59
486,2017-02-26,conventional,2017,0.99,large,11398142.68
487,2017-02-19,conventional,2017,0.99,large,10351148.2
488,2017-02-12,conventional,2017,0.87,large,12184188.37
489,2017-02-05,conventional,2017,0.77,large,20328161.55
490,2017-01-29,conventional,2017,0.96,large,11683464.54
491,2017-01-22,conventional,2017,0.94,large,14212881.66
492,2017-01-15,conventional,2017,0.98,large,12625665.39
493,2017-01-08,conventional,2017,0.99,large,13856934.7
494,2017-01-01,conventional,2017,0.89,large,14201200.68
495,2018-03-25,conventional,2018,1.03,large,12125711.42
496,2018-03-18,conventional,2018,1.05,large,11061051.69
497,2018-03-11,conventional,2018,1.09,large,10758039.45
498,2018-03-04,conventional,2018,1.07,large,11289307.37
499,2018-02-25,conventional,2018,1.06,large,10415463.59
500,2018-02-18,conventional,2018,1.08,large,10491918.44
501,2018-02-11,conventional,2018,0.97,large,11541844.87
502,2018-02-04,conventional,2018,0.87,large,20445501.03
503,2018-01-28,conventional,2018,1.09,large,12119884.61
504,2018-01-21,conventional,2018,1.08,large,13929702.12
505,2018-01-14,conventional,2018,1.2,large,11866197.84
506,2018-01-07,conventional,2018,1.13,large,10781339.21
507,2015-12-27,organic,2015,1.52,large,206198.62
508,2015-12-20,organic,2015,1.53,large,205909.13
509,2015-12-13,organic,2015,1.43,large,222314.6
510,2015-12-06,organic,2015,1.52,large,212582.74
511,2015-11-29,organic,2015,1.5,large,208733.32
512,2015-11-22,organic,2015,1.49,large,249686.75
513,2015-11-15,organic,2015,1.6,large,225216.4
514,2015-11-08,organic,2015,1.54,large,249160.89
515,2015-11-01,organic,2015,1.47,large,262559.59
516,2015-10-25,organic,2015,1.62,large,244222.97
517,2015-10-18,organic,2015,1.71,large,224038.49
518,2015-10-11,organic,2015,1.69,large,230653.61
519,2015-10-04,organic,2015,1.72,large,269237.06
520,2015-09-27,organic,2015,1.75,large,238175.26
521,2015-09-20,organic,2015,1.77,large,244950.88
522,2015-09-13,organic,2015,1.8,large,251786.63
523,2015-09-06,organic,2015,1.78,large,271784.99
524,2015-08-30,organic,2015,1.66,large,325442.96
525,2015-08-23,organic,2015,1.72,large,298092.6
526,2015-08-16,organic,2015,1.75,large,310229.77
527,2015-08-09,organic,2015,1.0,large,269330.0
528,2015-08-02,organic,2015,1.0,large,263359.0
529,2015-07-26,organic,2015,1.0,large,266249.0
530,2015-07-19,organic,2015,1.0,large,317728.0
531,2015-07-12,organic,2015,1.0,large,267353.0
532,2015-07-05,organic,2015,1.0,large,304597.0
533,2015-06-28,organic,2015,1.64,large,332739.27
534,2015-06-21,organic,2015,1.66,large,304368.47
535,2015-06-14,organic,2015,1.68,large,278912.22
536,2015-06-07,organic,2015,1.67,large,264482.87
537,2015-05-31,organic,2015,1.58,large,333300.63
538,2015-05-24,organic,2015,1.59,large,293553.99
539,2015-05-17,organic,2015,1.5,large,312193.09
540,2015-05-10,organic,2015,1.42,large,349907.52
541,2015-05-03,organic,2015,1.37,large,380650.64
542,2015-04-26,organic,2015,1.45,large,379382.1
543,2015-04-19,organic,2015,1.59,large,301783.5
544,2015-04-12,organic,2015,1.53,large,428607.3
545,2015-04-05,organic,2015,1.63,large,275595.72
546,2015-03-29,organic,2015,1.6,large,324919.62
547,2015-03-22,organic,2015,1.49,large,320353.82
548,2015-03-15,organic,2015,1.5,large,258475.58
549,2015-03-08,organic,2015,1.49,large,327972.28
550,2015-03-01,organic,2015,1.4,large,275458.57
551,2015-02-22,organic,2015,1.51,large,230342.87
552,2015-02-15,organic,2015,1.58,large,228653.33
553,2015-02-08,organic,2015,1.48,large,273897.84
554,2015-02-01,organic,2015,1.36,large,259286.44
555,2015-01-25,organic,2015,1.53,large,212312.02
556,2015-01-18,organic,2015,1.42,large,311811.01
557,2015-01-11,organic,2015,1.42,large,260971.6
558,2015-01-04,organic,2015,1.46,large,216611.2
559,2016-12-25,organic,2016,1.34,large,250138.66
560,2016-12-18,organic,2016,1.43,large,248598.14
561,2016-12-11,organic,2016,1.42,large,248303.87
562,2016-12-04,organic,2016,1.56,large,242055.86
563,2016-11-27,organic,2016,1.64,large,198874.09
564,2016-11-20,organic,2016,1.63,large,233518.72
565,2016-11-13,organic,2016,1.7,large,257268.83
566,2016-11-06,organic,2016,1.68,large,266018.89
567,2016-10-30,organic,2016,1.93,large,279842.5
568,2016-10-23,organic,2016,1.63,large,241758.21
569,2016-10-16,organic,2016,1.5,large,243788.95
570,2016-10-09,organic,2016,1.52,large,266687.47
571,2016-10-02,organic,2016,1.71,large,272293.48
572,2016-09-25,organic,2016,1.69,large,272553.74
573,2016-09-18,organic,2016,1.67,large,266648.5
574,2016-09-11,organic,2016,1.52,large,334671.53
575,2016-09-04,organic,2016,1.54,large,344378.75
576,2016-08-28,organic,2016,1.49,large,316907.28
577,2016-08-21,organic,2016,1.51,large,308314.91
578,2016-08-14,organic,2016,1.48,large,341463.72
579,2016-08-07,organic,2016,1.55,large,332421.63
580,2016-07-31,organic,2016,1.58,large,328942.12
581,2016-07-24,organic,2016,1.65,large,343780.56
582,2016-07-17,organic,2016,1.63,large,359772.18
583,2016-07-10,organic,2016,1.51,large,355101.22
584,2016-07-03,organic,2016,1.47,large,381527.15
585,2016-06-26,organic,2016,1.5,large,391129.07
586,2016-06-19,organic,2016,1.45,large,445194.49
587,2016-06-12,organic,2016,1.45,large,403561.49
588,2016-06-05,organic,2016,1.43,large,410451.71
589,2016-05-29,organic,2016,1.41,large,468311.32
590,2016-05-22,organic,2016,1.36,large,455336.56
591,2016-05-15,organic,2016,1.45,large,437584.52
592,2016-05-08,organic,2016,1.3,large,443777.31
593,2016-05-01,organic,2016,1.28,large,484383.87
594,2016-04-24,organic,2016,1.25,large,524511.95
595,2016-04-17,organic,2016,1.38,large,388081.34
596,2016-04-10,organic,2016,1.26,large,400281.85
597,2016-04-03,organic,2016,1.44,large,371845.6
598,2016-03-27,organic,2016,1.44,large,338194.18
599,2016-03-20,organic,2016,1.27,large,352698.21
600,2016-03-13,organic,2016,1.29,large,346341.46
601,2016-03-06,organic,2016,1.28,large,351951.65
602,2016-02-28,organic,2016,1.44,large,347488.78
603,2016-02-21,organic,2016,1.45,large,281188.89
604,2016-02-14,organic,2016,1.37,large,306235.69
605,2016-02-07,organic,2016,1.44,large,290813.54
606,2016-01-31,organic,2016,1.43,large,269687.52
607,2016-01-24,organic,2016,1.41,large,270980.88
608,2016-01-17,organic,2016,1.44,large,266824.72
609,2016-01-10,organic,2016,1.35,large,287590.19
610,2016-01-03,organic,2016,1.43,large,246580.95
611,2017-12-31,organic,2017,1.52,large,248123.56
612,2017-12-24,organic,2017,1.64,large,247166.08
613,2017-12-17,organic,2017,1.57,large,248498.73
614,2017-12-10,organic,2017,1.54,large,258003.98
615,2017-12-03,organic,2017,1.62,large,269450.85
616,2017-11-26,organic,2017,1.72,large,204612.15
617,2017-11-19,organic,2017,1.77,large,213230.36
618,2017-11-12,organic,2017,1.81,large,217612.9
619,2017-11-05,organic,2017,1.82,large,244925.18
620,2017-10-29,organic,2017,1.84,large,218858.34
621,2017-10-22,organic,2017,1.82,large,229689.25
622,2017-10-15,organic,2017,1.85,large,218881.54
623,2017-10-08,organic,2017,1.9,large,231652.64
624,2017-10-01,organic,2017,1.95,large,230053.24
625,2017-09-24,organic,2017,1.94,large,237876.77
626,2017-09-17,organic,2017,2.0,large,243233.57
627,2017-09-10,organic,2017,2.03,large,249231.14
628,2017-09-03,organic,2017,2.06,large,256920.07
629,2017-08-27,organic,2017,2.09,large,250861.84
630,2017-08-20,organic,2017,1.96,large,262747.8
631,2017-08-13,organic,2017,1.88,large,230106.14
632,2017-08-06,organic,2017,1.83,large,236015.15
633,2017-07-30,organic,2017,1.78,large,270534.58
634,2017-07-23,organic,2017,1.76,large,317184.04
635,2017-07-16,organic,2017,1.78,large,311432.79
636,2017-07-09,organic,2017,1.71,large,333458.24
637,2017-07-02,organic,2017,1.74,large,360890.48
638,2017-06-25,organic,2017,1.77,large,341073.87
639,2017-06-18,organic,2017,1.71,large,442594.36
640,2017-06-11,organic,2017,1.56,large,339777.07
641,2017-06-04,organic,2017,1.64,large,387057.95
642,2017-05-28,organic,2017,1.69,large,357431.2
643,2017-05-21,organic,2017,1.71,large,351498.5
644,2017-05-14,organic,2017,1.55,large,339920.6
645,2017-05-07,organic,2017,1.57,large,386288.18
646,2017-04-30,organic,2017,1.68,large,421709.78
647,2017-04-23,organic,2017,1.61,large,347557.13
648,2017-04-16,organic,2017,1.49,large,437947.67
649,2017-04-09,organic,2017,1.43,large,362152.44
650,2017-04-02,organic,2017,1.42,large,430841.87
651,2017-03-26,organic,2017,1.29,large,355541.13
652,2017-03-19,organic,2017,1.5,large,411359.03
653,2017-03-12,organic,2017,1.38,large,330081.75
654,2017-03-05,organic,2017,1.16,large,374220.48
655,2017-02-26,organic,2017,1.21,large,368526.18
656,2017-02-19,organic,2017,1.31,large,632101.53
657,2017-02-12,organic,2017,1.41,large,297764.4
658,2017-02-05,organic,2017,1.36,large,314011.26
659,2017-01-29,organic,2017,1.43,large,292584.44
660,2017-01-22,organic,2017,1.37,large,281786.33
661,2017-01-15,organic,2017,1.44,large,280287.84
662,2017-01-08,organic,2017,1.43,large,283532.68
663,2017-01-01,organic,2017,1.48,large,273329.61
664,2018-03-25,organic,2018,1.55,large,342853.1
665,2018-03-18,organic,2018,1.54,large,444949.69
666,2018-03-11,organic,2018,1.52,large,408763.5
667,2018-03-04,organic,2018,1.52,large,390129.5
668,2018-02-25,organic,2018,1.57,large,340374.83
669,2018-02-18,organic,2018,1.52,large,680037.45
670,2018-02-11,organic,2018,1.56,large,270798.27
671,2018-02-04,organic,2018,1.53,large,287724.61
672,2018-01-28,organic,2018,1.61,large,280080.34
673,2018-01-21,organic,2018,1.63,large,259172.13
674,2018-01-14,organic,2018,1.59,large,323669.83
675,2018-01-07,organic,2018,1.51,large,296490.29
676,2015-12-27,conventional,2015,0.95,extra_large,1184340.09
677,2015-12-20,conventional,2015,0.98,extra_large,1201020.01
678,2015-12-13,conventional,2015,0.93,extra_large,1016163.17
679,2015-12-06,conventional,2015,0.89,extra_large,931830.63
680,2015-11-29,conventional,2015,0.99,extra_large,731008.41
681,2015-11-22,conventional,2015,0.96,extra_large,804662.83
682,2015-11-15,conventional,2015,0.92,extra_large,815641.54
683,2015-11-08,conventional,2015,0.97,extra_large,1143214.59
684,2015-11-01,conventional,2015,0.97,extra_large,1410928.18
685,2015-10-25,conventional,2015,1.04,extra_large,1188118.95
686,2015-10-18,conventional,2015,0.99,extra_large,1220251.19
687,2015-10-11,conventional,2015,1.0,extra_large,1614282.73
688,2015-10-04,conventional,2015,1.02,extra_large,1209045.07
689,2015-09-27,conventional,2015,1.03,extra_large,1061979.37
690,2015-09-20,conventional,2015,1.02,extra_large,1112405.42
691,2015-09-13,conventional,2015,1.03,extra_large,1118988.92
692,2015-09-06,conventional,2015,1.02,extra_large,1129771.19
693,2015-08-30,conventional,2015,1.07,extra_large,1060352.53
694,2015-08-23,conventional,2015,1.08,extra_large,909284.22
695,2015-08-16,conventional,2015,1.05,extra_large,1143364.58
696,2015-08-09,conventional,2015,1.05,extra_large,1014520.88
697,2015-08-02,conventional,2015,1.09,extra_large,984702.75
698,2015-07-26,conventional,2015,1.07,extra_large,1017157.74
699,2015-07-19,conventional,2015,1.07,extra_large,1154897.34
700,2015-07-12,conventional,2015,1.07,extra_large,980361.75
701,2015-07-05,conventional,2015,1.04,extra_large,1342465.95
702,2015-06-28,conventional,2015,1.06,extra_large,1045832.54
703,2015-06-21,conventional,2015,1.02,extra_large,1326422.56
704,2015-06-14,conventional,2015,0.98,extra_large,1085081.61
705,2015-06-07,conventional,2015,1.0,extra_large,1144715.95
706,2015-05-31,conventional,2015,1.03,extra_large,903908.35
707,2015-05-24,conventional,2015,1.04,extra_large,899779.92
708,2015-05-17,conventional,2015,1.06,extra_large,963549.53
709,2015-05-10,conventional,2015,1.02,extra_large,858145.45
710,2015-05-03,conventional,2015,0.96,extra_large,1118329.5
711,2015-04-26,conventional,2015,1.07,extra_large,889732.2
712,2015-04-19,conventional,2015,1.03,extra_large,1016631.26
713,2015-04-12,conventional,2015,1.02,extra_large,807942.41
714,2015-04-05,conventional,2015,1.06,extra_large,871981.29
715,2015-03-29,conventional,2015,1.04,extra_large,811272.88
716,2015-03-22,conventional,2015,1.01,extra_large,1066385.92
717,2015-03-15,conventional,2015,1.04,extra_large,871575.04
718,2015-03-08,conventional,2015,1.02,extra_large,834009.15
719,2015-03-01,conventional,2015,0.97,extra_large,1070576.07
720,2015-02-22,conventional,2015,1.02,extra_large,937138.85
721,2015-02-15,conventional,2015,1.03,extra_large,845653.52
722,2015-02-08,conventional,2015,0.95,extra_large,737939.45
723,2015-02-01,conventional,2015,0.89,extra_large,1381516.11
724,2015-01-25,conventional,2015,1.04,extra_large,768020.05
725,2015-01-18,conventional,2015,1.03,extra_large,831301.9
726,2015-01-11,conventional,2015,1.01,extra_large,866574.66
727,2015-01-04,conventional,2015,0.95,extra_large,844093.32
728,2016-12-25,conventional,2016,1.0,extra_large,541972.42
729,2016-12-18,conventional,2016,0.96,extra_large,427872.42
730,2016-12-11,conventional,2016,0.98,extra_large,403047.93
731,2016-12-04,conventional,2016,1.0,extra_large,428009.84
732,2016-11-27,conventional,2016,1.21,extra_large,344475.9
733,2016-11-20,conventional,2016,1.27,extra_large,407567.78
734,2016-11-13,conventional,2016,1.36,extra_large,477520.95
735,2016-11-06,conventional,2016,1.44,extra_large,505349.44
736,2016-10-30,conventional,2016,1.43,extra_large,453145.26
737,2016-10-23,conventional,2016,1.34,extra_large,452383.96
738,2016-10-16,conventional,2016,1.3,extra_large,447291.48
739,2016-10-09,conventional,2016,1.27,extra_large,490956.88
740,2016-10-02,conventional,2016,1.23,extra_large,490123.01
741,2016-09-25,conventional,2016,1.22,extra_large,492604.3
742,2016-09-18,conventional,2016,1.15,extra_large,486187.39
743,2016-09-11,conventional,2016,1.08,extra_large,512160.27
744,2016-09-04,conventional,2016,1.04,extra_large,540680.89
745,2016-08-28,conventional,2016,1.09,extra_large,563738.54
746,2016-08-21,conventional,2016,1.1,extra_large,609720.87
747,2016-08-14,conventional,2016,1.12,extra_large,749247.02
748,2016-08-07,conventional,2016,1.15,extra_large,754548.53
749,2016-07-31,conventional,2016,1.23,extra_large,783937.09
750,2016-07-24,conventional,2016,1.2,extra_large,947964.05
751,2016-07-17,conventional,2016,1.15,extra_large,953631.47
752,2016-07-10,conventional,2016,1.1,extra_large,1266433.97
753,2016-07-03,conventional,2016,1.06,extra_large,1761343.08
754,2016-06-26,conventional,2016,1.04,extra_large,1624942.43
755,2016-06-19,conventional,2016,1.02,extra_large,1642735.63
756,2016-06-12,conventional,2016,1.04,extra_large,1607344.08
757,2016-06-05,conventional,2016,0.97,extra_large,1770948.09
758,2016-05-29,conventional,2016,0.94,extra_large,1583495.93
759,2016-05-22,conventional,2016,0.93,extra_large,1640829.4
760,2016-05-15,conventional,2016,0.89,extra_large,1753852.61
761,2016-05-08,conventional,2016,0.82,extra_large,1993645.36
762,2016-05-01,conventional,2016,0.84,extra_large,1414364.49
763,2016-04-24,conventional,2016,0.87,extra_large,1599863.98
764,2016-04-17,conventional,2016,0.9,extra_large,1896149.5
765,2016-04-10,conventional,2016,0.9,extra_large,1666275.13
766,2016-04-03,conventional,2016,0.94,extra_large,1731910.48
767,2016-03-27,conventional,2016,0.94,extra_large,1880231.38
768,2016-03-20,conventional,2016,0.93,extra_large,1773088.87
769,2016-03-13,conventional,2016,0.93,extra_large,1800065.57
770,2016-03-06,conventional,2016,0.95,extra_large,1686475.33
771,2016-02-28,conventional,2016,0.91,extra_large,1560167.75
772,2016-02-21,conventional,2016,0.94,extra_large,1375260.47
773,2016-02-14,conventional,2016,0.88,extra_large,1811090.71
774,2016-02-07,conventional,2016,0.76,extra_large,2546439.11
775,2016-01-31,conventional,2016,0.93,extra_large,1643703.17
776,2016-01-24,conventional,2016,0.95,extra_large,1440380.36
777,2016-01-17,conventional,2016,0.94,extra_large,1419405.62
778,2016-01-10,conventional,2016,0.93,extra_large,1282612.91
779,2016-01-03,conventional,2016,0.86,extra_large,1560068.62
780,2017-12-31,conventional,2017,0.98,extra_large,644837.54
781,2017-12-24,conventional,2017,1.18,extra_large,546373.81
782,2017-12-17,conventional,2017,1.07,extra_large,574089.32
783,2017-12-10,conventional,2017,1.03,extra_large,398348.55
784,2017-12-03,conventional,2017,1.09,extra_large,583801.0
785,2017-11-26,conventional,2017,1.24,extra_large,379637.0
786,2017-11-19,conventional,2017,1.17,extra_large,416186.0
787,2017-11-12,conventional,2017,1.15,extra_large,416643.0
788,2017-11-05,conventional,2017,1.19,extra_large,400250.97
789,2017-10-29,conventional,2017,1.29,extra_large,424755.66
790,2017-10-22,conventional,2017,1.44,extra_large,409598.47
791,2017-10-15,conventional,2017,1.58,extra_large,392119.12
792,2017-10-08,conventional,2017,1.65,extra_large,391832.89
793,2017-10-01,conventional,2017,1.64,extra_large,384794.18
794,2017-09-24,conventional,2017,1.62,extra_large,385004.72
795,2017-09-17,conventional,2017,1.57,extra_large,417270.7
796,2017-09-10,conventional,2017,1.56,extra_large,487926.52
797,2017-09-03,conventional,2017,1.57,extra_large,541902.88
798,2017-08-27,conventional,2017,1.47,extra_large,517541.94
799,2017-08-20,conventional,2017,1.41,extra_large,581074.35
800,2017-08-13,conventional,2017,1.33,extra_large,624963.41
801,2017-08-06,conventional,2017,1.33,extra_large,665312.55
802,2017-07-30,conventional,2017,1.32,extra_large,596676.12
803,2017-07-23,conventional,2017,1.31,extra_large,612242.37
804,2017-07-16,conventional,2017,1.33,extra_large,756103.12
805,2017-07-09,conventional,2017,1.17,extra_large,821964.42
806,2017-07-02,conventional,2017,1.21,extra_large,859889.81
807,2017-06-25,conventional,2017,1.17,extra_large,655965.98
808,2017-06-18,conventional,2017,1.18,extra_large,807107.21
809,2017-06-11,conventional,2017,1.21,extra_large,648410.9
810,2017-06-04,conventional,2017,1.24,extra_large,667066.51
811,2017-05-28,conventional,2017,1.28,extra_large,673384.78
812,2017-05-21,conventional,2017,1.26,extra_large,621603.57
813,2017-05-14,conventional,2017,1.19,extra_large,652973.26
814,2017-05-07,conventional,2017,1.09,extra_large,863471.88
815,2017-04-30,conventional,2017,1.18,extra_large,667996.83
816,2017-04-23,conventional,2017,1.18,extra_large,613507.38
817,2017-04-16,conventional,2017,1.23,extra_large,650017.26
818,2017-04-09,conventional,2017,1.21,extra_large,647969.03
819,2017-04-02,conventional,2017,1.21,extra_large,624709.69
820,2017-03-26,conventional,2017,1.24,extra_large,611105.54
821,2017-03-19,conventional,2017,1.25,extra_large,638217.85
822,2017-03-12,conventional,2017,1.22,extra_large,727233.05
823,2017-03-05,conventional,2017,1.13,extra_large,795173.2
824,2017-02-26,conventional,2017,0.99,extra_large,896761.77
825,2017-02-19,conventional,2017,0.99,extra_large,832906.12
826,2017-02-12,conventional,2017,0.87,extra_large,862322.15
827,2017-02-05,conventional,2017,0.77,extra_large,1664383.09
828,2017-01-29,conventional,2017,0.96,extra_large,818727.02
829,2017-01-22,conventional,2017,0.94,extra_large,908616.41
830,2017-01-15,conventional,2017,0.98,extra_large,579346.52
831,2017-01-08,conventional,2017,0.99,extra_large,539068.39
832,2017-01-01,conventional,2017,0.89,extra_large,549844.57
833,2018-03-25,conventional,2018,1.03,extra_large,758801.12
834,2018-03-18,conventional,2018,1.05,extra_large,645380.85
835,2018-03-11,conventional,2018,1.09,extra_large,707578.82
836,2018-03-04,conventional,2018,1.07,extra_large,571747.72
837,2018-02-25,conventional,2018,1.06,extra_large,724330.16
838,2018-02-18,conventional,2018,1.08,extra_large,552969.73
839,2018-02-11,conventional,2018,0.97,extra_large,652856.58
840,2018-02-04,conventional,2018,0.87,extra_large,1066830.22
841,2018-01-28,conventional,2018,1.09,extra_large,575974.74
842,2018-01-21,conventional,2018,1.08,extra_large,928815.12
843,2018-01-14,conventional,2018,1.2,extra_large,652808.4
844,2018-01-07,conventional,2018,1.13,extra_large,677714.86
845,2015-12-27,organic,2015,1.52,extra_large,5836.04
846,2015-12-20,organic,2015,1.53,extra_large,8733.11
847,2015-12-13,organic,2015,1.43,extra_large,11645.54
848,2015-12-06,organic,2015,1.52,extra_large,4066.09
849,2015-11-29,organic,2015,1.5,extra_large,3749.48
850,2015-11-22,organic,2015,1.49,extra_large,3686.28
851,2015-11-15,organic,2015,1.6,extra_large,3599.71
852,2015-11-08,organic,2015,1.54,extra_large,4458.45
853,2015-11-01,organic,2015,1.47,extra_large,6583.03
854,2015-10-25,organic,2015,1.62,extra_large,6181.13
855,2015-10-18,organic,2015,1.71,extra_large,5199.73
856,2015-10-11,organic,2015,1.69,extra_large,4792.06
857,2015-10-04,organic,2015,1.72,extra_large,4093.2
858,2015-09-27,organic,2015,1.75,extra_large,4546.66
859,2015-09-20,organic,2015,1.77,extra_large,4880.83
860,2015-09-13,organic,2015,1.8,extra_large,5154.23
861,2015-09-06,organic,2015,1.78,extra_large,5890.57
862,2015-08-30,organic,2015,1.66,extra_large,5569.76
863,2015-08-23,organic,2015,1.72,extra_large,5985.12
864,2015-08-16,organic,2015,1.75,extra_large,6215.26
865,2015-08-09,organic,2015,1.0,extra_large,6905.0
866,2015-08-02,organic,2015,1.0,extra_large,5115.0
867,2015-07-26,organic,2015,1.0,extra_large,4391.0
868,2015-07-19,organic,2015,1.0,extra_large,4758.0
869,2015-07-12,organic,2015,1.0,extra_large,5093.0
870,2015-07-05,organic,2015,1.0,extra_large,6251.0
871,2015-06-28,organic,2015,1.64,extra_large,5956.87
872,2015-06-21,organic,2015,1.66,extra_large,6264.36
873,2015-06-14,organic,2015,1.68,extra_large,6901.71
874,2015-06-07,organic,2015,1.67,extra_large,6286.15
875,2015-05-31,organic,2015,1.58,extra_large,6835.09
876,2015-05-24,organic,2015,1.59,extra_large,6911.26
877,2015-05-17,organic,2015,1.5,extra_large,22024.09
878,2015-05-10,organic,2015,1.42,extra_large,6213.47
879,2015-05-03,organic,2015,1.37,extra_large,8951.77
880,2015-04-26,organic,2015,1.45,extra_large,6150.07
881,2015-04-19,organic,2015,1.59,extra_large,6465.74
882,2015-04-12,organic,2015,1.53,extra_large,6179.48
883,2015-04-05,organic,2015,1.63,extra_large,6434.88
884,2015-03-29,organic,2015,1.6,extra_large,5794.39
885,2015-03-22,organic,2015,1.49,extra_large,5290.59
886,2015-03-15,organic,2015,1.5,extra_large,5308.79
887,2015-03-08,organic,2015,1.49,extra_large,5658.7
888,2015-03-01,organic,2015,1.4,extra_large,5556.02
889,2015-02-22,organic,2015,1.51,extra_large,4883.55
890,2015-02-15,organic,2015,1.58,extra_large,4950.01
891,2015-02-08,organic,2015,1.48,extra_large,5316.55
892,2015-02-01,organic,2015,1.36,extra_large,5852.28
893,2015-01-25,organic,2015,1.53,extra_large,4753.87
894,2015-01-18,organic,2015,1.42,extra_large,4020.85
895,2015-01-11,organic,2015,1.42,extra_large,3830.42
896,2015-01-04,organic,2015,1.46,extra_large,4370.99
897,2016-12-25,organic,2016,1.34,extra_large,3415.27
898,2016-12-18,organic,2016,1.43,extra_large,4926.76
899,2016-12-11,organic,2016,1.42,extra_large,6116.44
900,2016-12-04,organic,2016,1.56,extra_large,2918.28
901,2016-11-27,organic,2016,1.64,extra_large,3381.69
902,2016-11-20,organic,2016,1.63,extra_large,3847.05
903,2016-11-13,organic,2016,1.7,extra_large,3669.98
904,2016-11-06,organic,2016,1.68,extra_large,5049.63
905,2016-10-30,organic,2016,1.93,extra_large,5661.78
906,2016-10-23,organic,2016,1.63,extra_large,4363.02
907,2016-10-16,organic,2016,1.5,extra_large,4732.27
908,2016-10-09,organic,2016,1.52,extra_large,5103.42
909,2016-10-02,organic,2016,1.71,extra_large,4904.25
910,2016-09-25,organic,2016,1.69,extra_large,4407.75
911,2016-09-18,organic,2016,1.67,extra_large,4597.27
912,2016-09-11,organic,2016,1.52,extra_large,3481.85
913,2016-09-04,organic,2016,1.54,extra_large,4653.04
914,2016-08-28,organic,2016,1.49,extra_large,5110.77
915,2016-08-21,organic,2016,1.51,extra_large,5831.02
916,2016-08-14,organic,2016,1.48,extra_large,10231.17
917,2016-08-07,organic,2016,1.55,extra_large,10707.18
918,2016-07-31,organic,2016,1.58,extra_large,9035.27
919,2016-07-24,organic,2016,1.65,extra_large,8612.44
920,2016-07-17,organic,2016,1.63,extra_large,9957.61
921,2016-07-10,organic,2016,1.51,extra_large,12180.53
922,2016-07-03,organic,2016,1.47,extra_large,11897.11
923,2016-06-26,organic,2016,1.5,extra_large,6763.46
924,2016-06-19,organic,2016,1.45,extra_large,12052.84
925,2016-06-12,organic,2016,1.45,extra_large,8626.89
926,2016-06-05,organic,2016,1.43,extra_large,7817.11
927,2016-05-29,organic,2016,1.41,extra_large,13698.09
928,2016-05-22,organic,2016,1.36,extra_large,15807.85
929,2016-05-15,organic,2016,1.45,extra_large,8120.53
930,2016-05-08,organic,2016,1.3,extra_large,26765.78
931,2016-05-01,organic,2016,1.28,extra_large,22276.6
932,2016-04-24,organic,2016,1.25,extra_large,8687.81
933,2016-04-17,organic,2016,1.38,extra_large,7878.94
934,2016-04-10,organic,2016,1.26,extra_large,12154.73
935,2016-04-03,organic,2016,1.44,extra_large,8628.68
936,2016-03-27,organic,2016,1.44,extra_large,7738.95
937,2016-03-20,organic,2016,1.27,extra_large,9425.64
938,2016-03-13,organic,2016,1.29,extra_large,6709.65
939,2016-03-06,organic,2016,1.28,extra_large,5698.2
940,2016-02-28,organic,2016,1.44,extra_large,10423.3
941,2016-02-21,organic,2016,1.45,extra_large,8629.03
942,2016-02-14,organic,2016,1.37,extra_large,6955.69
943,2016-02-07,organic,2016,1.44,extra_large,8028.75
944,2016-01-31,organic,2016,1.43,extra_large,5515.91
945,2016-01-24,organic,2016,1.41,extra_large,12933.97
946,2016-01-17,organic,2016,1.44,extra_large,13106.29
947,2016-01-10,organic,2016,1.35,extra_large,8771.79
948,2016-01-03,organic,2016,1.43,extra_large,7749.4
949,2017-12-31,organic,2017,1.52,extra_large,1279.48
950,2017-12-24,organic,2017,1.64,extra_large,1143.57
951,2017-12-17,organic,2017,1.57,extra_large,982.45
952,2017-12-10,organic,2017,1.54,extra_large,1003.84
953,2017-12-03,organic,2017,1.62,extra_large,1108.2
954,2017-11-26,organic,2017,1.72,extra_large,978.29
955,2017-11-19,organic,2017,1.77,extra_large,834.3
956,2017-11-12,organic,2017,1.81,extra_large,1074.64
957,2017-11-05,organic,2017,1.82,extra_large,1059.63
958,2017-10-29,organic,2017,1.84,extra_large,1150.03
959,2017-10-22,organic,2017,1.82,extra_large,1309.82
960,2017-10-15,organic,2017,1.85,extra_large,1369.62
961,2017-10-08,organic,2017,1.9,extra_large,1224.99
962,2017-10-01,organic,2017,1.95,extra_large,1966.94
963,2017-09-24,organic,2017,1.94,extra_large,1182.85
964,2017-09-17,organic,2017,2.0,extra_large,891.6
965,2017-09-10,organic,2017,2.03,extra_large,940.89
966,2017-09-03,organic,2017,2.06,extra_large,2256.96
967,2017-08-27,organic,2017,2.09,extra_large,2119.14
968,2017-08-20,organic,2017,1.96,extra_large,1154.19
969,2017-08-13,organic,2017,1.88,extra_large,1414.21
970,2017-08-06,organic,2017,1.83,extra_large,1552.51
971,2017-07-30,organic,2017,1.78,extra_large,2135.74
972,2017-07-23,organic,2017,1.76,extra_large,3700.92
973,2017-07-16,organic,2017,1.78,extra_large,4766.71
974,2017-07-09,organic,2017,1.71,extra_large,3424.69
975,2017-07-02,organic,2017,1.74,extra_large,3393.83
976,2017-06-25,organic,2017,1.77,extra_large,2613.51
977,2017-06-18,organic,2017,1.71,extra_large,2140.13
978,2017-06-11,organic,2017,1.56,extra_large,3623.46
979,2017-06-04,organic,2017,1.64,extra_large,2865.59
980,2017-05-28,organic,2017,1.69,extra_large,3195.15
981,2017-05-21,organic,2017,1.71,extra_large,4322.99
982,2017-05-14,organic,2017,1.55,extra_large,4618.45
983,2017-05-07,organic,2017,1.57,extra_large,4161.33
984,2017-04-30,organic,2017,1.68,extra_large,5187.46
985,2017-04-23,organic,2017,1.61,extra_large,3245.62
986,2017-04-16,organic,2017,1.49,extra_large,5096.43
987,2017-04-09,organic,2017,1.43,extra_large,8972.11
988,2017-04-02,organic,2017,1.42,extra_large,3767.76
989,2017-03-26,organic,2017,1.29,extra_large,3888.05
990,2017-03-19,organic,2017,1.5,extra_large,3304.62
991,2017-03-12,organic,2017,1.38,extra_large,3188.52
992,2017-03-05,organic,2017,1.16,extra_large,2542.94
993,2017-02-26,organic,2017,1.21,extra_large,3747.77
994,2017-02-19,organic,2017,1.31,extra_large,3295.09
995,2017-02-12,organic,2017,1.41,extra_large,3486.2
996,2017-02-05,organic,2017,1.36,extra_large,2238.78
997,2017-01-29,organic,2017,1.43,extra_large,3524.96
998,2017-01-22,organic,2017,1.37,extra_large,6707.82
999,2017-01-15,organic,2017,1.44,extra_large,8750.08
1000,2017-01-08,organic,2017,1.43,extra_large,8697.35
1001,2017-01-01,organic,2017,1.48,extra_large,4425.75
1002,2018-03-25,organic,2018,1.55,extra_large,1070.24
1003,2018-03-18,organic,2018,1.54,extra_large,1045.38
1004,2018-03-11,organic,2018,1.52,extra_large,1401.87
1005,2018-03-04,organic,2018,1.52,extra_large,1225.97
1006,2018-02-25,organic,2018,1.57,extra_large,1063.32
1007,2018-02-18,organic,2018,1.52,extra_large,1905.46
1008,2018-02-11,organic,2018,1.56,extra_large,1839.8
1009,2018-02-04,organic,2018,1.53,extra_large,1703.52
1010,2018-01-28,organic,2018,1.61,extra_large,1270.61
1011,2018-01-21,organic,2018,1.63,extra_large,1490.02
1012,2018-01-14,organic,2018,1.59,extra_large,1580.01
1013,2018-01-07,organic,2018,1.51,extra_large,1289.07
