2010-01-04,
2010-01-05,
2010-01-06,
2010-01-07,
2010-01-08,
2010-01-11,
2010-01-12,
2010-01-13,
2010-01-14,
2010-01-15,
2010-01-19,
2010-01-20,
2010-01-21,
2010-01-22,
2010-01-25,
2010-01-26,
2010-01-27,
2010-01-28,
2010-01-29,
2010-02-01,
2010-02-02,
2010-02-03,
2010-02-04,
2010-02-05,
2010-02-08,
2010-02-09,
2010-02-10,
2010-02-11,
2010-02-12,
2010-02-16,
2010-02-17,
2010-02-18,
2010-02-19,
2010-02-22,
2010-02-23,
2010-02-24,
2010-02-25,
2010-02-26,
2010-03-01,
2010-03-02,0.02678155341181232
2010-03-03,0.02981125907596704
2010-03-04,0.037261030153712
2010-03-05,0.07785941698387594
2010-03-08,0.07736107918932841
2010-03-09,0.09575571977012978
2010-03-10,0.10290402206274389
2010-03-11,0.10376485406732996
2010-03-12,0.1070857111537517
2010-03-15,0.09125408409982312
2010-03-16,0.09178362547827006
2010-03-17,0.0889004499054336
2010-03-18,0.08979335579346302
2010-03-19,0.07593184834379223
2010-03-22,0.08473569385129584
2010-03-23,0.0992098131741732
2010-03-24,0.10102480002970239
2010-03-25,0.08509805051926145
2010-03-26,0.10174477972419566
2010-03-29,0.103610024338502
2010-03-30,0.11492858525926355
2010-03-31,0.10555157738416768
2010-04-01,0.1053454383911993
2010-04-05,0.11128753580274832
2010-04-06,0.1104711189146396
2010-04-07,0.10939549826088155
2010-04-08,0.10061948742417512
2010-04-09,0.10324237479781796
2010-04-12,0.09997464794744515
2010-04-13,0.09526681689269526
2010-04-14,0.10499895867862574
2010-04-15,0.11398399727767053
2010-04-16,0.10136921291190117
2010-04-19,0.09418849352274476
2010-04-20,0.07749751959324075
2010-04-21,0.13584917477956046
2010-04-22,0.15998511302806734
2010-04-23,0.17054150467366844
2010-04-26,0.15630878474377616
2010-04-27,0.11686611973867446
2010-04-28,0.10854686452154738
2010-04-29,0.1319504954732978
2010-04-30,0.09329478162127006
2010-05-03,0.11029696926698515
2010-05-04,0.07290321816613905
2010-05-05,0.05773481821213854
2010-05-06,0.014142775848945516
2010-05-07,-0.030770528397376967
2010-05-10,0.0427144682229351
2010-05-11,0.049769240350339174
2010-05-12,0.06896639714575559
2010-05-13,0.049585360145860485
2010-05-14,0.02753341677928136
2010-05-17,0.02579121875030711
2010-05-18,0.015190695897198772
2010-05-19,-0.003447985693379484
2010-05-20,-0.04776264422628165
2010-05-21,-0.030605694974186293
2010-05-24,-0.013998641311358959
2010-05-25,-0.021592591834466962
2010-05-26,-0.026954213398592292
2010-05-27,0.008937871278324556
2010-05-28,0.021183445797869592
2010-06-01,0.03494596752587314
2010-06-02,0.04506209297698134
2010-06-03,0.039312131174064555
2010-06-04,0.008663540399180648
2010-06-07,-0.012532694825270219
2010-06-08,-0.019723711461399302
2010-06-09,-0.04448930377727412
2010-06-10,-0.015522052062456658
2010-06-11,-0.0038920059650981993
2010-06-14,-0.0014811284782196594
2010-06-15,0.019023357405253554
2010-06-16,0.04709789303188892
2010-06-17,0.06434064154934518
2010-06-18,0.07237219928431189
2010-06-21,0.056768855058029685
2010-06-22,0.07109120075606316
2010-06-23,0.05857302517342768
2010-06-24,0.04989157818465842
2010-06-25,0.04087731169374396
2010-06-28,0.046534308684282724
2010-06-29,-0.0009749491577818532
2010-06-30,-0.01882399280647028
2010-07-01,-0.030288955961307897
2010-07-02,-0.036513951810788425
2010-07-06,-0.030994206242177552
2010-07-07,0.008675849839079668
2010-07-08,0.006197802704718754
2010-07-09,0.012567571692702334
2010-07-12,0.0033537546910729766
2010-07-13,-0.018396211947784756
2010-07-14,-0.014532335629720367
2010-07-15,-0.0195597042890621
2010-07-16,-0.025906242496136166
2010-07-19,-0.04390537173464176
2010-07-20,-0.019658259796580643
2010-07-21,-0.011018544525933935
2010-07-22,0.006669759010524568
2010-07-23,0.00874646053337733
2010-07-26,0.00552588703759477
2010-07-27,0.023896644260373884
2010-07-28,0.011472834539621684
2010-07-29,0.0007237035265032042
2010-07-30,-0.002113585838164792
2010-08-02,0.015599743149764433
2010-08-03,0.014808966972701058
2010-08-04,0.017603331598056972
2010-08-05,0.010666880127701967
2010-08-06,0.003337414807008227
2010-08-09,0.009084289798190837
2010-08-10,-0.000674660553965435
2010-08-11,-0.03616620467971891
2010-08-12,-0.028364934109962228
2010-08-13,-0.036831824888763014
2010-08-16,-0.0401006333574062
2010-08-17,-0.021124773246857194
2010-08-18,-0.014703931009422086
2010-08-19,-0.025382215791839906
2010-08-20,-0.024452912945195793
2010-08-23,-0.037814174668721494
2010-08-24,-0.05866640489636367
2010-08-25,-0.04549387842558924
2010-08-26,-0.054927816937918685
2010-08-27,-0.04887072920832226
2010-08-30,-0.044893798883264203
2010-08-31,-0.04193749257569563
2010-09-01,-0.011889263874453444
2010-09-02,-0.003844021297461435
2010-09-03,0.023000229048880754
2010-09-07,0.01905218081027328
2010-09-08,0.038617945457118136
2010-09-09,0.03813894059008281
2010-09-10,0.038259927805855
2010-09-13,0.05113270611181796
2010-09-14,0.0528672108965655
2010-09-15,0.059625496111620206
2010-09-16,0.0827862606333683
2010-09-17,0.07619218655751757
2010-09-20,0.10520156891102946
2010-09-21,0.10466155439163524
2010-09-22,0.1179577687842268
2010-09-23,0.11951558816875787
2010-09-24,0.12923328277607724
2010-09-27,0.12085863688947844
2010-09-28,0.10111955781087549
2010-09-29,0.10037719886328768
2010-09-30,0.0839200958528744
2010-10-01,0.07689572870434516
2010-10-04,0.0597828039099253
2010-10-05,0.09715073825484853
2010-10-06,0.09495197113239955
2010-10-07,0.09093493275973785
2010-10-08,0.10522796800743714
2010-10-11,0.10528635743417294
2010-10-12,0.11209427889344672
2010-10-13,0.11310322875546501
2010-10-14,0.11615493527334395
2010-10-15,0.1563082736424979
2010-10-18,0.16116416668424904
2010-10-19,0.1225022797337361
2010-10-20,0.1190352765413301
2010-10-21,0.10846776056604311
2010-10-22,0.0941693480770739
2010-10-25,0.09248035867228246
2010-10-26,0.0831682338277196
2010-10-27,0.0760933125465496
2010-10-28,0.061567988210291025
2010-10-29,0.04182210849199854
2010-11-01,0.04896888121181908
2010-11-02,0.06247586454087104
2010-11-03,0.06991476702549701
2010-11-04,0.08389718827756647
2010-11-05,0.07486564268926842
2010-11-08,0.07523510191309557
2010-11-09,0.062017170995422866
2010-11-10,0.06436384346045988
2010-11-11,0.05598828375983027
2010-11-12,0.02362837863817602
2010-11-15,0.018186914683400234
2010-11-16,-0.001860999561528311
2010-11-17,-0.00663517480777007
2010-11-18,0.018579325623010307
2010-11-19,0.011585207273304775
2010-11-22,0.032091745419510515
2010-11-23,0.014571696754967068
2010-11-24,0.032660706644090196
2010-11-26,0.03062513408115225
2010-11-29,0.03392617135937246
2010-11-30,0.012025214437367303
2010-12-01,0.027198350128280743
2010-12-02,0.030545498835465524
2010-12-03,0.025780915266466913
2010-12-06,0.03253866931147558
2010-12-07,0.02418223982124064
2010-12-08,0.031519709978135454
2010-12-09,0.0257392323148674
2010-12-10,0.02683166363577826
2010-12-13,0.02989498923130524
2010-12-14,0.025167735909718214
2010-12-15,0.024483686798879124
2010-12-16,0.026502452482738945
2010-12-17,0.023473856000195418
2010-12-20,0.027476332128769418
2010-12-21,0.032693204202965495
2010-12-22,0.03438670822629875
2010-12-23,0.02797103646422615
2010-12-27,0.029861697105204355
2010-12-28,0.03038141732230185
2010-12-29,0.028034887691772318
2010-12-30,0.021564775108254233
2010-12-31,0.01719884058591094
2011-01-03,0.038944564724072095
2011-01-04,0.04331767319670795
2011-01-05,0.05077709327500765
2011-01-06,0.048412051549771094
2011-01-07,0.054586592447747904
2011-01-10,0.07276682069618096
2011-01-11,0.06727863027081736
2011-01-12,0.07298951433017886
2011-01-13,0.07324298212616055
2011-01-14,0.07805870947418063
2011-01-18,0.050498543539473986
2011-01-19,0.04212175539003021
2011-01-20,0.021124487434424896
2011-01-21,0.0009442174594025725
2011-01-24,0.032849653171252276
2011-01-25,0.04310176897766193
2011-01-26,0.04857237415037737
2011-01-27,0.0439513732574362
2011-01-28,0.020191509934425606
2011-01-31,0.028528508953864176
2011-02-01,0.04406090589484019
2011-02-02,0.03990497208017466
2011-02-03,0.0351541950744818
2011-02-04,0.04256996097040073
2011-02-07,0.05657787955414049
2011-02-08,0.06398114155058181
2011-02-09,0.07009179374828858
2011-02-10,0.056211876809182944
2011-02-11,0.06032522503238448
2011-02-14,0.06436154614638773
2011-02-15,0.0633788028992341
2011-02-16,0.06986735931751459
2011-02-17,0.052541587905602614
2011-02-18,0.027240400031192616
2011-02-22,-0.009782389712007893
2011-02-23,0.0008988298961456184
2011-02-24,0.0003732829942775681
2011-02-25,0.014443146012916406
2011-02-28,0.027277107957055156
2011-03-01,0.013617477667453495
2011-03-02,0.02027292641292759
2011-03-03,0.04022065302754061
2011-03-04,0.03952255432186447
2011-03-07,0.024132292394942547
2011-03-08,0.02382945681494276
2011-03-09,0.013365964782877037
2011-03-10,-0.004104374672782292
2011-03-11,0.011011127175444307
2011-03-14,0.015048870941741807
2011-03-15,-0.008662609404036334
2011-03-16,-0.0532488762897338
2011-03-17,-0.03934212991502396
2011-03-18,-0.0508758158269161
2011-03-21,-0.026388119913072522
2011-03-22,-0.02106932233921264
2011-03-23,-0.02682187655016216
2011-03-24,-0.009898913846739268
2011-03-25,0.008827038421996109
2011-03-28,0.004529064402870923
2011-03-29,0.005198027108532721
2011-03-30,-0.0019100387628447088
2011-03-31,-0.0025691681101609755
2011-04-01,-0.014240764586153296
2011-04-04,-0.02374316668013555
2011-04-05,-0.029563112652276766
2011-04-06,-0.030836534508358004
2011-04-07,-0.02928608510752493
2011-04-08,-0.03679000963336928
2011-04-11,-0.04750658076263202
2011-04-12,-0.04088995541909415
2011-04-13,-0.028150090977012182
2011-04-14,-0.036949056464490135
2011-04-15,-0.0494913133986468
2011-04-18,-0.035089619114817575
2011-04-19,-0.017119179006678267
2011-04-20,-0.0035287649475609006
2011-04-21,0.02063230518296801
2011-04-25,0.027160383890022958
2011-04-26,0.01963944655692493
2011-04-27,0.01876938046894215
2011-04-28,0.009025303769077045
2011-04-29,0.019835697446775095
2011-05-02,0.009365733947452921
2011-05-03,0.015651625244211646
2011-05-04,0.020224560771252943
2011-05-05,0.012213986628961749
2011-05-06,0.011945238887476995
2011-05-09,0.015094172023482134
2011-05-10,0.020952356279826532
2011-05-11,0.014161000193894824
2011-05-12,0.010929578558437968
2011-05-13,-0.0076617764465107905
2011-05-16,-0.029358153165945176
2011-05-17,-0.020648643031176105
2011-05-18,-0.009406772947172291
2011-05-19,-0.007533512843458105
2011-05-20,-0.022685107933070325
2011-05-23,-0.02388496557743829
2011-05-24,-0.029170403048901217
2011-05-25,-0.01436977203847988
2011-05-26,-0.0187065226170853
2011-05-27,-0.010643186175262522
2011-05-31,0.020459003117780115
2011-06-01,0.013146558915084098
2011-06-02,0.014371733228435334
2011-06-03,0.005966367276968807
2011-06-06,-0.010249200534506071
2011-06-07,-0.028034124084401445
2011-06-08,-0.027539167021116612
2011-06-09,-0.02972276450917564
2011-06-10,-0.04575243337954032
2011-06-13,-0.04323449562953527
2011-06-14,-0.02606346258945586
2011-06-15,-0.04277568836358598
2011-06-16,-0.04663801479650306
2011-06-17,-0.05978541715605502
2011-06-20,-0.07216207337047462
2011-06-21,-0.040065926200294553
2011-06-22,-0.04619098085047724
2011-06-23,-0.018656766483757446
2011-06-24,-0.03197356258770469
2011-06-27,-0.013311253889493212
2011-06-28,-0.002660524637657257
2011-06-29,-0.005308020446538512
2011-06-30,0.0007323528217725498
2011-07-01,0.024227919692415927
2011-07-05,0.04290939457541447
2011-07-06,0.0497164684008258
2011-07-07,0.06576210402364194
2011-07-08,0.07243305879670726
2011-07-11,0.05435032101125283
2011-07-12,0.05252053648287706
2011-07-13,0.06356587227800524
2011-07-14,0.06105483308532358
2011-07-15,0.08078871318346237
2011-07-18,0.10504201621592059
2011-07-19,0.11081001756008192
2011-07-20,0.13678636260757418
2011-07-21,0.1332612972209544
2011-07-22,0.14650239914002341
2011-07-25,0.1566206150398264
2011-07-26,0.16557246246132207
2011-07-27,0.12965870840090304
2011-07-28,0.12354032819713572
2011-07-29,0.11594653276222505
2011-08-01,0.1299703965559266
2011-08-02,0.10291290646023192
2011-08-03,0.10870746276303933
2011-08-04,0.0611431922759931
2011-08-05,0.04713450488017373
2011-08-08,-0.013451232608903027
2011-08-09,0.04265806376307114
2011-08-10,0.010884340830513015
2011-08-11,0.035979928754421533
2011-08-12,0.04150692737454437
2011-08-15,0.055003749214721946
2011-08-16,0.04193592829506139
2011-08-17,0.0378053110413884
2011-08-18,-0.0054721340959012175
2011-08-19,-0.03503642759833987
2011-08-22,-0.035913760308777
2011-08-23,0.008792959621087056
2011-08-24,0.013070285134190385
2011-08-25,0.0035252529627068613
2011-08-26,0.027310237236277582
2011-08-29,0.04154015822040162
2011-08-30,0.03870982111883363
2011-08-31,0.022297521505888457
2011-09-01,0.01030142950176971
2011-09-02,-0.009641559824048147
2011-09-06,0.004056978296722733
2011-09-07,0.01334998783657077
2011-09-08,0.012129525351497378
2011-09-09,-0.007186970305662753
2011-09-12,-0.0015626030173892548
2011-09-13,0.010317893602976205
2011-09-14,0.022076405019048742
2011-09-15,0.03151879721643651
2011-09-16,0.05091024645190436
2011-09-19,0.07959233253677697
2011-09-20,0.08340902624173897
2011-09-21,0.07924826657753119
2011-09-22,0.05084444063989094
2011-09-23,0.05662156903523397
2011-09-26,0.0526934945290953
2011-09-27,0.04203644733197538
2011-09-28,0.035446915063868295
2011-09-29,0.01834832752740978
2011-09-30,-0.006646204174611917
2011-10-03,-0.024653704093616183
2011-10-04,-0.03150450000786138
2011-10-05,-0.016455602111473813
2011-10-06,-0.019695442972749465
2011-10-07,-0.03959501597614447
2011-10-10,0.010259417699166225
2011-10-11,0.03971425714285712
2011-10-12,0.043272927865787444
2011-10-13,0.05792887496076701
2011-10-14,0.09001027347087173
2011-10-17,0.08009942269111275
2011-10-18,0.08135424876063349
2011-10-19,0.017613268104451674
2011-10-20,0.00768326245302106
2011-10-21,5.223524645793292e-05
2011-10-24,0.032263325437168304
2011-10-25,0.01086980839793835
2011-10-26,0.017545940780044938
2011-10-27,0.026880062198062486
2011-10-28,0.02596039657197322
2011-10-31,0.02347524669069712
2011-11-01,0.0009398697166744857
2011-11-02,0.0023955671801854945
2011-11-03,0.015800097626695816
2011-11-04,0.007002863258431513
2011-11-07,0.004404329383751774
2011-11-08,0.01974416164628708
2011-11-09,-0.00882330862728658
2011-11-10,-0.03419310707800734
2011-11-11,-0.034749278769196715
2011-11-14,-0.04654364532244982
2011-11-15,-0.02032563270275263
2011-11-16,-0.02909284524829934
2011-11-17,-0.04661294527132212
2011-11-18,-0.05119990582285992
2011-11-21,-0.06449244864652273
2011-11-22,-0.04359789321030526
2011-11-23,-0.06653400663708148
2011-11-25,-0.07380864766838806
2011-11-28,-0.04072540288329545
2011-11-29,-0.04826734944738829
2011-11-30,-0.025360228858842135
2011-12-01,-0.01100368898630376
2011-12-02,-0.00717656431315056
2011-12-05,-4.368758984670307e-05
2011-12-06,-0.005557594295361693
2011-12-07,-0.009685494115766271
2011-12-08,-0.00483873760615207
2011-12-09,0.0038667370820171694
2011-12-12,0.0011851522547232823
2011-12-13,-0.004721223019959674
2011-12-14,-0.02464658864456618
2011-12-15,-0.02667342802456947
2011-12-16,-0.020274583190859993
2011-12-19,-0.01644623444726713
2011-12-20,0.020497773597469064
2011-12-21,0.021909384009550687
2011-12-22,0.02760429630917646
2011-12-23,0.04035115783356439
2011-12-27,0.04871759671534282
2011-12-28,0.03856243037559379
2011-12-29,0.04453582692870194
2011-12-30,0.04369442940624181
2012-01-03,0.05961414152856449
2012-01-04,0.06453570394500696
2012-01-05,0.0753807309939386
2012-01-06,0.08577744924881174
2012-01-09,0.0821209383277221
2012-01-10,0.08339304323246866
2012-01-11,0.07889200683247581
2012-01-12,0.07288946310898267
2012-01-13,0.06659950106860733
2012-01-17,0.07656589369552645
2012-01-18,0.08441158856164704
2012-01-19,0.07719363869890003
2012-01-20,0.054433095864647965
2012-01-23,0.0692583891198897
2012-01-24,0.04768582521408845
2012-01-25,0.1090741587973667
2012-01-26,0.09909740073950357
2012-01-27,0.10066488115297355
2012-01-30,0.11020628132620192
2012-01-31,0.11415386374348477
2012-02-01,0.10881198851982801
2012-02-02,0.10187260551011787
2012-02-03,0.10849684930707564
2012-02-06,0.11397970970884419
2012-02-07,0.12059104928798944
2012-02-08,0.13412640612130766
2012-02-09,0.16731800274008893
2012-02-10,0.16055901630347297
2012-02-13,0.17413311040912005
2012-02-14,0.1814077776373374
2012-02-15,0.14532055701750538
2012-02-16,0.14794759175845212
2012-02-17,0.14063811081934036
2012-02-21,0.16240159711351038
2012-02-22,0.15056855262860386
2012-02-23,0.15082115550938477
2012-02-24,0.15697406250209267
2012-02-27,0.15652738557943774
2012-02-28,0.16979486828848914
2012-02-29,0.17655871349229546
2012-03-01,0.1724062637714211
2012-03-02,0.16550330350547582
2012-03-05,0.1319172735098072
2012-03-06,0.11901338596562053
2012-03-07,0.11338240137889492
2012-03-08,0.13055474694037897
2012-03-09,0.12996952258939815
2012-03-12,0.13664858057853652
2012-03-13,0.16169290085754087
2012-03-14,0.19661961989686294
2012-03-15,0.17861781967929935
2012-03-16,0.16911590006526003
2012-03-19,0.19005353511987705
2012-03-20,0.1891899760073115
2012-03-21,0.1714619193181477
2012-03-22,0.1563339078683174
2012-03-23,0.1412517006080275
2012-03-26,0.15375242680122628
2012-03-27,0.1593087697865523
2012-03-28,0.15639410515336705
2012-03-29,0.13308327562147285
2012-03-30,0.10577645800166632
2012-04-02,0.13346914156037745
2012-04-03,0.14473795128024228
2012-04-04,0.12718723056136738
2012-04-05,0.13633838900979992
2012-04-09,0.13358739829528818
2012-04-10,0.11244982123367235
2012-04-11,0.10218917838147752
2012-04-12,0.09040692918641416
2012-04-13,0.0537777924863193
2012-04-16,0.0054514535804655135
2012-04-17,0.05304994771782019
2012-04-18,0.046305996069525915
2012-04-19,0.006130701444038236
2012-04-20,-0.02168804567818909
2012-04-23,-0.026029894639977808
2012-04-24,-0.04739707282419564
2012-04-25,0.036014949534377706
2012-04-26,0.02908093440549257
2012-04-27,0.018326186020720163
2012-04-30,-0.01625721211212087
2012-05-01,-0.02152143865826301
2012-05-02,-0.017247173366945288
2012-05-03,-0.02653845646446664
2012-05-04,-0.05587550088971237
2012-05-07,-0.04962752041803145
2012-05-08,-0.05250573220441119
2012-05-09,-0.05084134547805819
2012-05-10,-0.04777625432176934
2012-05-11,-0.05352606108692933
2012-05-14,-0.06695183997316641
2012-05-15,-0.07369042122696232
2012-05-16,-0.08348552865731364
2012-05-17,-0.10810648237728278
2012-05-18,-0.10499650319214102
2012-05-21,-0.05015457975169962
2012-05-22,-0.055575441021632394
2012-05-23,-0.03010653339526522
2012-05-24,-0.037038691240479364
2012-05-25,-0.04033311981699339
2012-05-29,-0.02170498211210033
2012-05-30,-0.007893322973880746
2012-05-31,-0.00817527003969219
2012-06-01,-0.03493512514112251
2012-06-04,-0.026135626536442566
2012-06-05,-0.02555311453904572
2012-06-06,-0.007721558886326075
2012-06-07,-0.00484475956908924
2012-06-08,0.012431431394998605
2012-06-11,-0.0024201400250763636
2012-06-12,0.006699156819667349
2012-06-13,0.0012146232161032973
2012-06-14,0.0017383254475192309
2012-06-15,0.007015477327915074
2012-06-18,0.02739624337373791
2012-06-19,0.02960323500932418
2012-06-20,0.02542568203566572
2012-06-21,0.012400464903211788
2012-06-22,0.021542853189813332
2012-06-25,0.0026024812084894785
2012-06-26,0.005413978463338306
2012-06-27,0.010215074895154958
2012-06-28,0.0011498535298488986
2012-06-29,0.02804420700436284
2012-07-02,0.042160350247660135
2012-07-03,0.05318453106601669
2012-07-05,0.07018041662430291
2012-07-06,0.06111104489441747
2012-07-09,0.07343491468994226
2012-07-10,0.061258128261435355
2012-07-11,0.05230885960256605
2012-07-12,0.04030064070843953
2012-07-13,0.04837797265711456
2012-07-16,0.04825350903691407
2012-07-17,0.0447642440445641
2012-07-18,0.041494835865333445
2012-07-19,0.053054763351220974
2012-07-20,0.03389012056023998
2012-07-23,0.0313223882664181
2012-07-24,0.024488399799800654
2012-07-25,-0.020978977492285993
2012-07-26,-0.02095267605808334
2012-07-27,-0.003321374014710378
2012-07-30,0.012421134822457625
2012-07-31,0.037793303238976964
2012-08-01,0.028932863032901886
2012-08-02,0.029013048044035865
2012-08-03,0.04077536316186881
2012-08-06,0.05074322420195688
2012-08-07,0.04565016723023383
2012-08-08,0.04186862730032668
2012-08-09,0.041190459774955133
2012-08-10,0.04061551356205639
2012-08-13,0.05235971216394601
2012-08-14,0.05318802142736884
2012-08-15,0.04976692334691852
2012-08-16,0.056902753822905626
2012-08-17,0.07376870983410419
2012-08-20,0.0989185097054499
2012-08-21,0.0795841717876864
2012-08-22,0.09677511869320649
2012-08-23,0.0822490465402908
2012-08-24,0.07898409443865512
2012-08-27,0.0956343888997994
2012-08-28,0.09043720645427743
2012-08-29,0.08489903446139152
2012-08-30,0.06663530501498689
2012-08-31,0.0662891076185057
2012-09-04,0.07960652330484527
2012-09-05,0.06909780523194521
2012-09-06,0.0758369473517701
2012-09-07,0.07906520076273961
2012-09-10,0.04778050138351121
2012-09-11,0.04202311380513919
2012-09-12,0.05424763610333482
2012-09-13,0.07225937759241655
2012-09-14,0.08229872311857317
2012-09-17,0.09179439884206994
2012-09-18,0.09093007137138623
2012-09-19,0.0868511933543009
2012-09-20,0.07615757162902095
2012-09-21,0.07305122754621227
2012-09-24,0.05403593023490941
2012-09-25,0.023879166015198284
2012-09-26,0.00870235537926121
2012-09-27,0.030838067398697978
2012-09-28,0.006452224704451065
2012-10-01,-0.007154038983728681
2012-10-02,-0.00567733843860672
2012-10-03,0.007998804121678886
2012-10-04,-0.0009658147754367459
2012-10-05,-0.02398336943407119
2012-10-08,-0.04667926251124262
2012-10-09,-0.05044211279507076
2012-10-10,-0.0430381354995929
2012-10-11,-0.06252693572513812
2012-10-12,-0.05982740383758552
2012-10-15,-0.05161959628799687
2012-10-16,-0.028032045230027346
2012-10-17,-0.035548430485569354
2012-10-18,-0.052575910035339166
2012-10-19,-0.08566759783666537
2012-10-22,-0.04744483651743211
2012-10-23,-0.07701818552181328
2012-10-24,-0.06959090460228905
2012-10-25,-0.078568418954798
2012-10-26,-0.08501628038524418
2012-10-31,-0.09601501575891709
2012-11-01,-0.0913445240203181
2012-11-02,-0.11887673044487787
2012-11-05,-0.10343769508534112
2012-11-06,-0.10277151682038177
2012-11-07,-0.13830786961105695
2012-11-08,-0.1661919175678541
2012-11-09,-0.14727983478315715
2012-11-12,-0.149251688650928
2012-11-13,-0.14403563117572826
2012-11-14,-0.1481243299766746
2012-11-15,-0.16035317614159772
2012-11-16,-0.15092476727589552
2012-11-19,-0.08323085355297002
2012-11-20,-0.08593867460096662
2012-11-21,-0.0796565311235927
2012-11-23,-0.05917860723180639
2012-11-26,-0.025644127870897017
2012-11-27,-0.029720474180988398
2012-11-28,-0.02937406236423278
2012-11-29,-0.015471056704003384
2012-11-30,-0.019264197958849972
2012-12-03,-0.014089075304444223
2012-12-04,-0.028101308011509226
2012-12-05,-0.08761976014893189
2012-12-06,-0.069294608082518
2012-12-07,-0.08956967101888672
2012-12-10,-0.0911423297870372
2012-12-11,-0.06726292531563036
2012-12-12,-0.06774327874149942
2012-12-13,-0.07993856001245979
2012-12-14,-0.10974248659828671
2012-12-17,-0.08845282636150256
2012-12-18,-0.05714173839855772
2012-12-19,-0.06733846592852445
2012-12-20,-0.07090701732947276
2012-12-21,-0.07129527066501143
2012-12-24,-0.06561584348471687
2012-12-26,-0.07468646618289318
2012-12-27,-0.06704420987976431
2012-12-28,-0.07349867837100177
2012-12-31,-0.028507316564029595
2013-01-02,0.004369295688359057
2013-01-03,-0.006649787484077283
2013-01-04,-0.03246672564965117
2013-01-07,-0.03675238634684552
2013-01-08,-0.033528864635809986
2013-01-09,-0.04765658895729185
2013-01-10,-0.034678423975025255
2013-01-11,-0.03971702860576454
2013-01-14,-0.07322636955276135
2013-01-15,-0.10144986994597106
2013-01-16,-0.06229542131667399
2013-01-17,-0.06596702210743123
2013-01-18,-0.06836212498301077
2013-01-22,-0.056693644246652485
2013-01-23,-0.03634475395053378
2013-01-24,-0.15233471065348403
2013-01-25,-0.16692023242975015
2013-01-28,-0.1421162903348722
2013-01-29,-0.12001592848276137
2013-01-30,-0.117260764875044
2013-01-31,-0.11417250471070758
2013-02-01,-0.11248246792679181
2013-02-04,-0.13087761233859546
2013-02-05,-0.09560130465692805
2013-02-06,-0.09310531061900555
2013-02-07,-0.06811712823504557
2013-02-08,-0.051119770797006026
2013-02-11,-0.038076504680355616
2013-02-12,-0.0597838748237158
2013-02-13,-0.05954245997850292
2013-02-14,-0.057867302840880736
2013-02-15,-0.06760135415120273
2013-02-19,-0.064731438514508
2013-02-20,-0.08443473118583045
2013-02-21,-0.08675930392569148
2013-02-22,-0.07342960623952724
2013-02-25,-0.08690027472914919
2013-02-26,-0.07062618021799416
2013-02-27,-0.07676373002696059
2013-02-28,-0.07905097225905751
2013-03-01,-0.09665414650410889
2013-03-04,-0.11319400605040217
2013-03-05,-0.08448045717125836
2013-03-06,-0.09152878959282662
2013-03-07,-0.07598926526653815
2013-03-08,-0.06911113816594844
2013-03-11,-0.05103442641773428
2013-03-12,-0.06722036718505704
2013-03-13,-0.06356156927213412
2013-03-14,-0.05142789810718048
2013-03-15,-0.022907761138817827
2013-03-18,0.007008776943298098
2013-03-19,0.006816716043160943
2013-03-20,0.004346354156767466
2013-03-21,0.009351200337876203
2013-03-22,0.029686587133299143
2013-03-25,0.03210969340950288
2013-03-26,0.025872044843062665
2013-03-27,0.005552110334971239
2013-03-28,-0.01513373949102934
2013-04-01,-0.045026909737405724
2013-04-02,-0.04171574891964732
2013-04-03,-0.03612003573326537
2013-04-04,-0.04423400065504294
2013-04-05,-0.052726023959742116
2013-04-08,-0.04351712630345893
2013-04-09,-0.03909247031456481
2013-04-10,-0.016485759594708393
2013-04-11,-0.017724483455794034
2013-04-12,-0.02612385112104336
2013-04-15,-0.046631572208468114
2013-04-16,-0.029844609362946202
2013-04-17,-0.08138649810656921
2013-04-18,-0.10348851611533391
2013-04-19,-0.10412722787798269
2013-04-22,-0.08219989895750118
2013-04-23,-0.06258391421001797
2013-04-24,-0.06175152360035499
2013-04-25,-0.05279646822953034
2013-04-26,-0.030435232136277614
2013-04-29,0.0003816571546061749
2013-04-30,0.029208448828108146
2013-05-01,0.02038834589491904
2013-05-02,0.03402004827849963
2013-05-03,0.04344372096099971
2013-05-06,0.06716645099049708
2013-05-07,0.060978705183519874
2013-05-08,0.07104070190022829
2013-05-09,0.052503935304127114
2013-05-10,0.042253371284453736
2013-05-13,0.04575168061506525
2013-05-14,0.020790245237551366
2013-05-15,-0.013111186512004703
2013-05-16,0.0014476704289118055
2013-05-17,-0.0005222766873687253
2013-05-20,0.023519739709849326
2013-05-21,0.017208017145650612
2013-05-22,0.022420883799938684
2013-05-23,0.02490421604156155
2013-05-24,0.03191345880815058
2013-05-28,0.022326390209055098
2013-05-29,0.02974275848814712
2013-05-30,0.044283391730256756
2013-05-31,0.038536000534317105
2013-06-03,0.039189670351590926
2013-06-04,0.03443980219001437
2013-06-05,0.023421149862519256
2013-06-06,0.007571530570652535
2013-06-07,0.01502277482077714
2013-06-10,0.0076014161419795225
2013-06-11,0.003515106057666013
2013-06-12,-0.009552839821124481
2013-06-13,-0.0026356171671262285
2013-06-14,-0.01868378940201002
2013-06-17,-0.01650825870158326
2013-06-18,-0.018940687419142333
2013-06-19,-0.04030131993404861
2013-06-20,-0.05524103886324644
2013-06-21,-0.06327161492418128
2013-06-24,-0.08790401039235925
2013-06-25,-0.08623592660164403
2013-06-26,-0.09446909841895643
2013-06-27,-0.10206912712114936
2013-06-28,-0.09305461631868994
2013-07-01,-0.0610868640848314
2013-07-02,-0.03690036493857085
2013-07-03,-0.02928323802365547
2013-07-05,-0.03462268220901627
2013-07-08,-0.03785867264184327
2013-07-09,-0.018724610269987164
2013-07-10,-0.020598588934097398
2013-07-11,-0.003952692395446379
2013-07-12,-0.0056781997954628415
2013-07-15,-0.0030291355520631696
2013-07-16,0.0037576891782512833
2013-07-17,0.004779614980270426
2013-07-18,0.008730058813582372
2013-07-19,-0.006609611996090184
2013-07-22,-0.002402481620917015
2013-07-23,-0.018422240448904694
2013-07-24,0.03338679410057397
2013-07-25,0.028946347305275767
2013-07-26,0.035604211886043825
2013-07-29,0.05212677219049486
2013-07-30,0.0653081158580028
2013-07-31,0.06319463153244655
2013-08-01,0.07246544574249184
2013-08-02,0.08503663121848766
2013-08-05,0.0998748623901157
2013-08-06,0.08803720535015053
2013-08-07,0.0856057858189488
2013-08-08,0.07422826713575038
2013-08-09,0.05735976849498314
2013-08-12,0.0858167226792844
2013-08-13,0.1350262023795613
2013-08-14,0.15177221765863344
2013-08-15,0.14528628609645577
2013-08-16,0.1499547241520462
2013-08-19,0.1563103092937552
2013-08-20,0.13415309929154606
2013-08-21,0.13061356721496542
2013-08-22,0.12519204257851557
2013-08-23,0.11387603789582193
2013-08-26,0.11159012094126677
2013-08-27,0.07410317929256477
2013-08-28,0.07493392005053404
2013-08-29,0.07246464089945254
2013-08-30,0.058296755671678864
2013-09-03,0.05700213689757585
2013-09-04,0.07492515195003317
2013-09-05,0.0629731169169545
2013-09-06,0.06531917032413508
2013-09-09,0.07807960298838032
2013-09-10,0.04901180911809737
2013-09-11,-0.011563863540924337
2013-09-12,-0.0030597440886180934
2013-09-13,-0.021655050564957444
2013-09-16,-0.05479592192043068
2013-09-17,-0.04510064244008964
2013-09-18,-0.027370957606560085
2013-09-19,-0.01270216102401344
2013-09-20,-0.024691169090452377
2013-09-23,0.022335997850150165
2013-09-24,0.016799279349285837
2013-09-25,-0.000843802278861576
2013-09-26,0.007333505763065504
2013-09-27,-0.0014224867115769817
2013-09-30,-0.014889622016298266
2013-10-01,0.007883889757819397
2013-10-02,0.00997390715173114
2013-10-03,-0.004008698621956161
2013-10-04,-0.005967906755096247
2013-10-07,0.002233979035896866
2013-10-08,-0.012819878961447848
2013-10-09,-0.0007687831100155014
2013-10-10,0.006125476541588406
2013-10-11,0.013080718222329374
2013-10-14,0.020232621832019557
2013-10-15,0.02629572205403167
2013-10-16,0.031426839324895914
2013-10-17,0.038472899667571885
2013-10-18,0.04742424182915644
2013-10-21,0.07264520129329229
2013-10-22,0.06854299747520673
2013-10-23,0.07722914059443821
2013-10-24,0.0895381536335774
2013-10-25,0.07508002698799365
2013-10-28,0.08089794155640691
2013-10-29,0.05169953009040663
2013-10-30,0.06742905107989815
2013-10-31,0.06131532274739072
2013-11-01,0.054550071260746374
2013-11-04,0.06740805246287468
2013-11-05,0.06300020629986514
2013-11-06,0.05068898097053857
2013-11-07,0.031113846228042648
2013-11-08,0.04478532813848189
2013-11-11,0.037991960755703255
2013-11-12,0.036524474713491295
2013-11-13,0.03483398401934593
2013-11-14,0.04722155863207636
2013-11-15,0.03773106977123477
2013-11-18,0.023377694125959993
2013-11-19,0.02366366432541528
2013-11-20,0.012753554042284015
2013-11-21,0.023342891080848135
2013-11-22,0.01874240014977222
2013-11-25,0.024248463813235015
2013-11-26,0.04127171270202408
2013-11-27,0.06345698071493536
2013-11-29,0.07977655836609825
2013-12-02,0.06649986585613256
2013-12-03,0.09225563730110288
2013-12-04,0.0851280253219639
2013-12-05,0.08650231332774364
2013-12-06,0.06732868884011932
2013-12-09,0.07601128965702326
2013-12-10,0.07066867448798056
2013-12-11,0.0592978900718183
2013-12-12,0.054675952735450006
2013-12-13,0.040367024057135104
2013-12-16,0.04384062857348247
2013-12-17,0.03734112952267558
2013-12-18,0.027723599743091985
2013-12-19,0.014696253509485165
2013-12-20,0.022581343483272308
2013-12-23,0.06065736272592937
2013-12-24,0.05413280660554695
2013-12-26,0.04459607294501294
2013-12-27,0.035619772571774004
2013-12-30,0.023506332069836725
2013-12-31,0.033816244653521274
2014-01-02,0.017629183239678204
2014-01-03,-0.006021805904711438
2014-01-06,-0.0015452300539292227
2014-01-07,-0.010150556733459793
2014-01-08,-0.00479311062368502
2014-01-09,-0.018626797591046455
2014-01-10,-0.02592940357204306
2014-01-13,-0.021394554937365723
2014-01-14,-0.0022759334228781383
2014-01-15,0.016736807359092956
2014-01-16,0.009235278085646647
2014-01-17,-0.01708506697382521
2014-01-21,-0.0030072553307597845
2014-01-22,0.00012272251158284
2014-01-23,0.007106515980006568
2014-01-24,-0.012687260444873241
2014-01-27,-0.005261948625272868
2014-01-28,-0.08496127312320065
2014-01-29,-0.09326708674056522
2014-01-30,-0.09289749632033292
2014-01-31,-0.08858685709491818
2014-02-03,-0.08414021019148327
2014-02-04,-0.06798601407676792
2014-02-05,-0.05876024667551078
2014-02-06,-0.056515455112004356
2014-02-07,-0.040914951915364615
2014-02-10,-0.021803696551063005
2014-02-11,-0.007430135110485274
2014-02-12,-0.006632968539491971
2014-02-13,0.010177013943310149
2014-02-14,0.009868050986017266
2014-02-18,0.0139080710210827
2014-02-19,-0.0021720551167271024
2014-02-20,-0.01317444992454894
2014-02-21,-0.022322448875467426
2014-02-24,-0.01604919068944559
2014-02-25,-0.024593132491002333
2014-02-26,-0.03162894923830411
2014-02-27,-0.01054687870688714
2014-02-28,-0.011643599275991557
2014-03-03,-0.007503506282235888
2014-03-04,-0.0003218636117611968
2014-03-05,0.0023995527350351015
2014-03-06,-0.00026131938484589065
2014-03-07,-0.00023145257075953959
2014-03-10,0.0009672833228500007
2014-03-11,0.010813220942659043
2014-03-12,0.011776111083048418
2014-03-13,0.0010119034080787522
2014-03-14,-0.008950655201792336
2014-03-17,-0.0036520863020030195
2014-03-18,0.005841986526345167
2014-03-19,0.006440151297488781
2014-03-20,0.002576560129558464
2014-03-21,0.011836085526935231
2014-03-24,0.0244952709353251
2014-03-25,0.03608648900019329
2014-03-26,0.02425993364099775
2014-03-27,0.017924566565120682
2014-03-28,0.014930996562682779
2014-03-31,0.012923740254994731
2014-04-01,0.020451192149261253
2014-04-02,0.020526805809497155
2014-04-03,0.011992044726787788
2014-04-04,-0.0023621317850918274
2014-04-07,-0.0185990024854864
2014-04-08,-0.018394695498200924
2014-04-09,-0.004893589626650713
2014-04-10,-0.017463609105301578
2014-04-11,-0.023743019874534466
2014-04-14,-0.018701393548538267
2014-04-15,-0.024555081833692895
2014-04-16,-0.021660681136353895
2014-04-17,-0.00990158137209747
2014-04-21,0.001863939899829789
2014-04-22,0.002688051381375466
2014-04-23,-0.010879451737699457
2014-04-24,0.06982788810269691
2014-04-25,0.07560134022300519
2014-04-28,0.11480044410049384
2014-04-29,0.10796173406443355
2014-04-30,0.10054719040348162
2014-05-01,0.1001025846525977
2014-05-02,0.09896563923476553
2014-05-05,0.11122306513929496
2014-05-06,0.09547388180315793
2014-05-07,0.08864021328650908
2014-05-08,0.07783360105031614
2014-05-09,0.07045758139228243
2014-05-12,0.08070222821951935
2014-05-13,0.0790641379545286
2014-05-14,0.07613684892921944
2014-05-15,0.06389094058924351
2014-05-16,0.07659362527889849
2014-05-19,0.08610685694105441
2014-05-20,0.08305973458651841
2014-05-21,0.08295526708149913
2014-05-22,0.08137498545527655
2014-05-23,0.09011601122701823
2014-05-27,0.1066372905114126
2014-05-28,0.09933967188630116
2014-05-29,0.11522145858706155
2014-05-30,0.10642166936584459
2014-06-02,0.09419825103954023
2014-06-03,0.10489693311400079
2014-06-04,0.11187754864556566
2014-06-05,0.11028160852413951
2014-06-06,0.1015594022484219
2014-06-09,0.012129525351497378
2014-06-10,0.012129525351497378
2014-06-11,0.012129525351497378
2014-06-12,0.012129525351497378
2014-06-13,0.012129525351497378
2014-06-16,0.012129525351497378
2014-06-17,0.012129525351497378
2014-06-18,0.012129525351497378
2014-06-19,0.012129525351497378
2014-06-20,0.012129525351497378
2014-06-23,0.012129525351497378
2014-06-24,0.012129525351497378
2014-06-25,0.012129525351497378
2014-06-26,0.012129525351497378
2014-06-27,0.012129525351497378
2014-06-30,0.012129525351497378
2014-07-01,0.012129525351497378
2014-07-02,0.012129525351497378
2014-07-03,0.012129525351497378
2014-07-07,0.012129525351497378
2014-07-08,0.012129525351497378
2014-07-09,0.012129525351497378
2014-07-10,0.012129525351497378
2014-07-11,0.012129525351497378
2014-07-14,0.012129525351497378
2014-07-15,0.012129525351497378
2014-07-16,0.012129525351497378
2014-07-17,0.012129525351497378
2014-07-18,0.012129525351497378
2014-07-21,0.012129525351497378
2014-07-22,0.012129525351497378
2014-07-23,0.012129525351497378
2014-07-24,0.012129525351497378
2014-07-25,0.012129525351497378
2014-07-28,0.012129525351497378
2014-07-29,0.012129525351497378
2014-07-30,0.012129525351497378
2014-07-31,0.012129525351497378
2014-08-01,-0.11185368574438717
2014-08-04,0.01531129261400559
2014-08-05,0.009799472212711996
2014-08-06,0.0078621779644611
2014-08-07,0.0024676245064881607
2014-08-08,0.004627696425928696
2014-08-11,0.016926066362848807
2014-08-12,0.015668557369926367
2014-08-13,0.028023987163970435
2014-08-14,0.029360810450045523
2014-08-15,0.03285152399549774
2014-08-18,0.04329673337370119
2014-08-19,0.055339311520267186
2014-08-20,0.05285438026237542
2014-08-21,0.05008113618130968
2014-08-22,0.055072868748873266
2014-08-25,0.05473345789035237
2014-08-26,0.04558390200321072
2014-08-27,0.056365903161693924
2014-08-28,0.055186433026070604
2014-08-29,0.05547062894605759
2014-09-02,0.061877660935113495
2014-09-03,0.01493207014125115
2014-09-04,0.005581515945349592
2014-09-05,0.013472436554714761
2014-09-08,0.006235141800338252
2014-09-09,0.0019479738769403543
2014-09-10,0.03200283036954786
2014-09-11,0.03471032496643309
2014-09-12,0.03479923942632129
2014-09-15,0.03254534856218035
2014-09-16,0.022673571424533655
2014-09-17,0.02833249239362482
2014-09-18,0.02928549078024986
2014-09-19,0.019634235875383137
2014-09-22,0.019775342225536577
2014-09-23,0.03517241128645007
2014-09-24,0.025067096030576955
2014-09-25,-0.014937477689309472
2014-09-26,0.013456000357341054
2014-09-29,0.005819621795693782
2014-09-30,0.011072451328204799
2014-10-01,-0.006123055849571311
2014-10-02,7.715980430596111e-06
2014-10-03,-0.0041804279742594826
2014-10-06,-0.005424448501168767
2014-10-07,-0.015025581745360743
2014-10-08,0.004707674054512773
2014-10-09,0.00598514271652397
2014-10-10,0.002196530218653402
2014-10-13,-0.007653094190097821
2014-10-14,-0.01835463865074117
2014-10-15,-0.029942771956302763
2014-10-16,-0.04193238221171314
2014-10-17,-0.026825910077036226
2014-10-20,-0.005073531100665169
2014-10-21,0.022419223150714044
2014-10-22,0.027192400128526625
2014-10-23,0.045314167458198884
2014-10-24,0.04851139369671411
2014-10-27,0.04668781105785585
2014-10-28,0.06242835333102555
2014-10-29,0.06627776559345053
2014-10-30,0.06021190468685317
2014-10-31,0.06814631040901437
2014-11-03,0.07935401217573071
2014-11-04,0.0683772293680981
2014-11-05,0.068885912095364
2014-11-06,0.06532202761856251
2014-11-07,0.06647352655749329
2014-11-10,0.06274508385441299
2014-11-11,0.06910723179238502
2014-11-12,0.08201761828083892
2014-11-13,0.09470483587021873
2014-11-14,0.10464155416745456
2014-11-17,0.09922580282194947
2014-11-18,0.1103815469159248
2014-11-19,0.0989708276480468
2014-11-20,0.1101052601718604
2014-11-21,0.10741539718463203
2014-11-24,0.12347195918887263
2014-11-25,0.10890282776135005
2014-11-26,0.11712882672967019
2014-11-28,0.11136216604768188
2014-12-01,0.0703394628449698
2014-12-02,0.06233214900552553
2014-12-03,0.07034094741960942
2014-12-04,0.06247300472715255
2014-12-05,0.05436627805132179
2014-12-08,0.027082901019248182
2014-12-09,0.03973277750720151
2014-12-10,0.016312937500539044
2014-12-11,0.009929548696223001
2014-12-12,-0.010696406419933484
2014-12-15,-0.026932979421518833
2014-12-16,-0.04210967016969444
2014-12-17,-0.0192067299757578
2014-12-18,0.008349857123562891
2014-12-19,-0.0012303089034683475
2014-12-22,0.007620089676557435
2014-12-23,0.0022561390488629795
2014-12-24,-0.003783352487046809
2014-12-26,0.01274814914293096
2014-12-29,0.010423856281428466
2014-12-30,-0.003245859798715964
2014-12-31,-0.022895419317136123
2015-01-02,-0.032581032641138374
2015-01-05,-0.05993502697863281
2015-01-06,-0.05932369104096415
2015-01-07,-0.04553755291631452
2015-01-08,-0.008621757011107884
2015-01-09,-0.008052029009091683
2015-01-12,-0.032661236236286424
2015-01-13,-0.0232808538013184
2015-01-14,-0.026126404742433957
2015-01-15,-0.05165392561089509
2015-01-16,-0.057166142879231
2015-01-20,-0.030962887858350257
2015-01-21,-0.021868258859403175
2015-01-22,0.005170786830448197
2015-01-23,0.011803035195146732
2015-01-26,0.013953356997219803
2015-01-27,-0.020219612935177135
2015-01-28,0.0375082526196257
2015-01-29,0.06975028626696901
2015-01-30,0.05305809295978663
2015-02-02,0.06596851538252556
2015-02-03,0.06537751502243547
2015-02-04,0.072647108515828
2015-02-05,0.07428690617006097
2015-02-06,0.06381850776213922
2015-02-09,0.06917334688702206
2015-02-10,0.08769624727590429
2015-02-11,0.11007224282964102
2015-02-12,0.11986719965355841
2015-02-13,0.12034361346696854
2015-02-17,0.12247210628253818
2015-02-18,0.12643719948612825
2015-02-19,0.1198178322051249
2015-02-20,0.12507100335799767
2015-02-23,0.1511292670208696
2015-02-24,0.1386414651846406
2015-02-25,0.1050848851221117
2015-02-26,0.11541951758228117
2015-02-27,0.09436086710865127
2015-03-02,0.09540165778295796
2015-03-03,0.0929936385489001
2015-03-04,0.08065466322003129
2015-03-05,0.05766771196754623
2015-03-06,0.05503379897006696
2015-03-09,0.056213993253604565
2015-03-10,0.03104240070710684
2015-03-11,0.008975740703267225
2015-03-12,0.024610645660047396
2015-03-13,0.014392955915479207
2015-03-16,0.021948687161312035
2015-03-17,0.03492747712799255
2015-03-18,0.0425872058977354
2015-03-19,0.030657531647902095
2015-03-20,0.014548473212141097
2015-03-23,0.02237558437925946
2015-03-24,0.015244374103169587
2015-03-25,-0.014833352431752172
2015-03-26,-0.009602778668705774
2015-03-27,-0.018565928448894667
2015-03-30,0.005028813574210582
2015-03-31,-0.011959657674139337
2015-04-01,-0.014548659190157342
2015-04-02,-0.007009369837790236
2015-04-06,0.00797383308533828
2015-04-07,-0.00433364050113129
2015-04-08,-0.008836389047688372
2015-04-09,-0.001983572239767423
2015-04-10,0.0019343656163005342
2015-04-13,-0.00016573544382368066
2015-04-14,-0.004454529770102155
2015-04-15,-0.00036189567563250447
2015-04-16,-0.00478130222230121
2015-04-17,-0.015528152107711357
2015-04-20,0.007931546820102577
2015-04-21,0.003578823746789133
2015-04-22,0.018187024149914813
2015-04-23,0.02653452404159599
2015-04-24,0.031520645698942605
2015-04-27,0.04989767538314305
2015-04-28,0.03260974460631246
2015-04-29,0.01717677902964706
2015-04-30,-0.01043924248992127
2015-05-01,0.019867841246928163
2015-05-04,0.017405722906169246
2015-05-05,-0.00583382118268723
2015-05-06,-0.01233517738196783
2015-05-07,-0.010915032914535234
2015-05-08,0.007554898556096217
2015-05-11,-0.0035215150539081564
2015-05-12,-0.007346402232207993
2015-05-13,-0.006007154010563269
2015-05-14,0.017690497709175957
2015-05-15,0.015971857672464597
2015-05-18,0.02657934073715912
2015-05-19,0.0250155654303337
2015-05-20,0.024237159244261595
2015-05-21,0.033317260994668585
2015-05-22,0.04086065416635856
2015-05-26,0.01602872799823492
2015-05-27,0.03432229920048631
2015-05-28,0.030710204528225163
2015-05-29,0.01744155504924841
2015-06-01,0.018460455047025547
2015-06-02,0.013288825085306911
2015-06-03,0.013735703198837984
2015-06-04,0.006905594758197212
2015-06-05,0.0008197876066801219
2015-06-08,-0.006099927052378644
2015-06-09,-0.009242913953090365
2015-06-10,0.0018856864765152994
2015-06-11,-0.000787041940738537
2015-06-12,-0.012297426667516256
2015-06-15,-0.01471397157768847
2015-06-16,-0.009301002217830518
2015-06-17,-0.011765940471483107
2015-06-18,-0.007002520897416633
2015-06-19,-0.016591322215620402
2015-06-22,-0.008018691020670281
2015-06-23,-0.011534367304382887
2015-06-24,-0.0024278850839198015
2015-06-25,-0.007072793121158001
2015-06-26,-0.013376520680029582
2015-06-29,-0.030231211327702963
2015-06-30,-0.022408518422855583
2015-07-01,-0.013216681070744373
2015-07-02,-0.014776848572080416
2015-07-06,-0.018436765356772404
2015-07-07,-0.020534758968279606
2015-07-08,-0.04472776611519483
2015-07-09,-0.06359445596229692
2015-07-10,-0.03741684109058634
2015-07-13,-0.017718448161542884
2015-07-14,-0.017496873355138248
2015-07-15,-0.007120411364613088
2015-07-16,0.006767474032801794
2015-07-17,0.01577965952675917
2015-07-20,0.03534764968185222
2015-07-21,0.025096449162333518
2015-07-22,-0.018482403800715794
2015-07-23,-0.017606109872660453
2015-07-24,-0.02148283815186043
2015-07-27,-0.033954649673878505
2015-07-28,-0.02763033880844323
2015-07-29,-0.02941338462430743
2015-07-30,-0.032910868916119
2015-07-31,-0.04000727992127724
2015-08-03,-0.06124172787318371
2015-08-04,-0.08962889229173482
2015-08-05,-0.08120267232298167
2015-08-06,-0.08082288904588641
2015-08-07,-0.07516085969805965
2015-08-10,-0.039238473861461884
2015-08-11,-0.08788334387757422
2015-08-12,-0.0711176857925871
2015-08-13,-0.06952385159697076
2015-08-14,-0.06050062405607368
2015-08-17,-0.048675491294313075
2015-08-18,-0.05197200751831218
2015-08-19,-0.06203614071158167
2015-08-20,-0.07875946015945715
2015-08-21,-0.13240359456906067
2015-08-24,-0.15030918180581232
2015-08-25,-0.14131631683289947
2015-08-26,-0.08786760218967297
2015-08-27,-0.057610599618718
2015-08-28,-0.05177933899163623
2015-08-31,-0.05363393731754067
2015-09-01,-0.09341078494448793
2015-09-02,-0.05148853329966749
2015-09-03,-0.06655951657090411
2015-09-04,-0.07326819471218439
2015-09-08,-0.04407844609006679
2015-09-09,-0.05973391593365898
2015-09-10,-0.03555729473421148
2015-09-11,-0.018068196554622485
2015-09-14,-0.005231464964038524
2015-09-15,0.006869469881923046
2015-09-16,0.011244022386358389
2015-09-17,-0.008440664613224578
2015-09-18,-0.010048220362170214
2015-09-21,0.007800978826038774
2015-09-22,-0.006347084937405849
2015-09-23,0.003965437848035901
2015-09-24,0.011912817992125341
2015-09-25,0.011042222174589578
2015-09-28,-0.007487126772767662
2015-09-29,-0.03601347138052031
2015-09-30,-0.02381846636681763
2015-10-01,-0.029066949665785092
2015-10-02,-0.020743838816457884
2015-10-05,-0.016044666524796275
2015-10-06,-0.009320112818488534
2015-10-07,-0.013546445104358535
2015-10-08,-0.023950413545215876
2015-10-09,0.0006957355749929056
2015-10-12,-0.003069330930989842
2015-10-13,-9.860970953469627e-05
2015-10-14,-0.01316488256852116
2015-10-15,0.002714496188619873
2015-10-16,-0.004455224441925622
2015-10-19,0.0005166489870889257
2015-10-20,0.016774229530096916
2015-10-21,0.01435347314669732
2015-10-22,0.02891092459578932
2015-10-23,0.06017794277843341
2015-10-26,0.024991441995529717
2015-10-27,0.017916005001723734
2015-10-28,0.058212069913761225
2015-10-29,0.06770801713261486
2015-10-30,0.056146522405746
2015-11-02,0.06851730898853835
2015-11-03,0.07861068991660337
2015-11-04,0.0705944301506188
2015-11-05,0.05887026805137804
2015-11-06,0.05850146291263218
2015-11-09,0.05285984643565033
2015-11-10,0.018698357440743454
2015-11-11,0.012859006915033338
2015-11-12,0.00896269498786634
2015-11-13,-0.021004400647561955
2015-11-16,-0.004331016530681487
2015-11-17,-0.008776754530106472
2015-11-18,0.022754417873014413
2015-11-19,0.03521697251982038
2015-11-20,0.038804197717121534
2015-11-23,0.023739567669963997
2015-11-24,0.031565571767750294
2015-11-25,0.02223835243284377
2015-11-27,0.018421877562178862
2015-11-30,0.020976325306055584
2015-12-01,0.011008642363859287
2015-12-02,0.0005427445589812338
2015-12-03,-0.009951632466937066
2015-12-04,0.021680753229072536
2015-12-07,0.013701574789932416
2015-12-08,0.011787839191012508
2015-12-09,-0.01194425391106459
2015-12-10,-0.008419616786442985
2015-12-11,-0.034851454461444345
2015-12-14,-0.041269327721030855
2015-12-15,-0.05838561013094439
2015-12-16,-0.050461215237329354
2015-12-17,-0.07009580101551927
2015-12-18,-0.09397513348181365
2015-12-21,-0.08023676119115615
2015-12-22,-0.07948569495437309
2015-12-23,-0.06613444028338077
2015-12-24,-0.06893329000914886
2015-12-28,-0.07681159236167724
2015-12-29,-0.05756992780274524
2015-12-30,-0.06729834778991381
2015-12-31,-0.08208207357468272
2016-01-04,-0.07784555002942654
2016-01-05,-0.09780131869047443
2016-01-06,-0.11178610988727732
2016-01-07,-0.1454324709997858
2016-01-08,-0.13692946731537198
2016-01-11,-0.11910422594598512
2016-01-12,-0.10278386977835847
2016-01-13,-0.12335378923807676
2016-01-14,-0.10069582849090598
2016-01-15,-0.11940165542674513
2016-01-19,-0.11953638752173315
2016-01-20,-0.11377369358601713
2016-01-21,-0.11357566390552018
2016-01-22,-0.06169672182564827
2016-01-25,-0.0761886393860955
2016-01-26,-0.06694726451900287
2016-01-27,-0.12452213396664835
2016-01-28,-0.11294002744209268
2016-01-29,-0.07711273242256285
2016-02-01,-0.08151138146357248
2016-02-02,-0.09594059194773723
2016-02-03,-0.07246002812548885
2016-02-04,-0.06499193772318246
2016-02-05,-0.08505257448673018
2016-02-08,-0.07040819930562786
2016-02-09,-0.06564386775350621
2016-02-10,-0.06845232221796076
2016-02-11,-0.06979291991406225
2016-02-12,-0.06290888334384025
2016-02-16,-0.03219544567281563
2016-02-17,-0.014250348133954384
2016-02-18,-0.03096208267410878
2016-02-19,-0.03040624533431744
2016-02-22,-0.019084457925851655
2016-02-23,-0.03832970217005017
2016-02-24,-0.020607523763923774
2016-02-25,-0.011110965652000938
2016-02-26,-0.006458840078049839
2016-02-29,-0.0059942000843130035
2016-03-01,0.03582222486593583
2016-03-02,0.0394126395924894
2016-03-03,0.04769341346556641
2016-03-04,0.06305472182823807
2016-03-07,0.04946829159037651
2016-03-08,0.039466352668366726
2016-03-09,0.039706656728395136
2016-03-10,0.03990267571531487
2016-03-11,0.05006044913006666
2016-03-14,0.051971291496655775
2016-03-15,0.07158961079066166
2016-03-16,0.08357761661271404
2016-03-17,0.07924172230783545
2016-03-18,0.07778767341091203
2016-03-21,0.07642215795261975
2016-03-22,0.08282884042981577
2016-03-23,0.07496023389534708
2016-03-24,0.06677968058884065
2016-03-28,0.058760243150165474
2016-03-29,0.08163128446254356
2016-03-30,0.09733601988752676
2016-03-31,0.08741565291223624
2016-04-01,0.09385572536682929
2016-04-04,0.10133321341553728
2016-04-05,0.0836403258395353
2016-04-06,0.09090357983593622
2016-04-07,0.06283253122439618
2016-04-08,0.06020898917662868
2016-04-11,0.05975510364899622
2016-04-12,0.06955182352348542
2016-04-13,0.08134139913826861
2016-04-14,0.07820624613079839
2016-04-15,0.052453774813862916
2016-04-18,0.026265560949263654
2016-04-19,0.018180564958411048
2016-04-20,0.017240171235060952
2016-04-21,0.003530597151611583
2016-04-22,-0.0014488225265337328
2016-04-25,-0.00922326949124324
2016-04-26,-0.018098007749953418
2016-04-27,-0.08039089237409641
2016-04-28,-0.10786986791168882
2016-04-29,-0.11670309083606273
2016-05-02,-0.115664686513904
2016-05-03,-0.09932595480220135
2016-05-04,-0.10742721507627555
2016-05-05,-0.11493941526073194
2016-05-06,-0.11817336301806927
2016-05-09,-0.11544975682846813
2016-05-10,-0.10732103794010678
2016-05-11,-0.113592791741819
2016-05-12,-0.13151320985460058
2016-05-13,-0.12645376124121857
2016-05-16,-0.09056317894102527
2016-05-17,-0.09162684279038417
2016-05-18,-0.07819211457476753
2016-05-19,-0.0790381026819388
2016-05-20,-0.06638139086422029
2016-05-23,-0.05214169238267622
2016-05-24,-0.03495599725112218
2016-05-25,-0.015098554572946362
2016-05-26,-0.004924527561461058
2016-05-27,-0.0030923910856158173
2016-05-31,-0.005231124241039727
2016-06-01,-0.016678327669761715
2016-06-02,-0.020934744665316057
2016-06-03,-0.016196322800899655
2016-06-06,-0.006313625914298532
2016-06-07,0.00040148188716099004
2016-06-08,0.0024550723465350957
2016-06-09,0.013096623436493336
2016-06-10,0.008031593825860458
2016-06-13,-0.004296276073427475
2016-06-14,-0.0004102643007736884
2016-06-15,-0.001210114556080584
2016-06-16,0.005654187104579449
2016-06-17,-0.015039821585740201
2016-06-20,-0.014714612879910289
2016-06-21,-0.0036810577827014177
2016-06-22,-0.005184343565341737
2016-06-23,0.0011486069567918297
2016-06-24,-0.027309336556720402
2016-06-27,-0.04138569009305753
2016-06-28,-0.024825512372613177
2016-06-29,-0.01596751887821935
2016-06-30,-0.003514605716233275
2016-07-01,-0.001121830921578999
2016-07-05,-0.011334177834297401
2016-07-06,-0.006297216815754396
2016-07-07,-0.0025936820813998573
2016-07-08,0.004181294719222787
2016-07-11,0.005599368819193393
2016-07-12,0.008429703895714177
2016-07-13,0.001795234091475717
2016-07-14,0.02073631008145282
2016-07-15,0.01949045610214331
2016-07-18,0.029080065458136253
2016-07-19,0.028239501904161156
2016-07-20,0.02823230061409585
2016-07-21,0.022225089156356917
2016-07-22,0.014359680659800908
2016-07-25,0.0012501144626689638
2016-07-26,-0.0048515342340888
2016-07-27,0.06068968480777077
2016-07-28,0.07373716381000323
2016-07-29,0.07052940871846936
2016-08-01,0.08762941212806351
2016-08-02,0.06944104721947082
2016-08-03,0.08130329235276064
2016-08-04,0.08018179706118228
2016-08-05,0.09482693870611573
2016-08-08,0.10140439682641109
2016-08-09,0.10270659641663359
2016-08-10,0.09127934692670414
2016-08-11,0.08751210590543819
2016-08-12,0.08711571318740102
2016-08-15,0.09654888150882
2016-08-16,0.09151617754754798
2016-08-17,0.0861759085222831
2016-08-18,0.08101544211416568
2016-08-19,0.08022734609431742
2016-08-22,0.06751611059303235
2016-08-23,0.06643033760380318
2016-08-24,0.05435474896934486
2016-08-25,0.046296385796772505
2016-08-26,0.03707260212256791
2016-08-29,0.03307030750997482
2016-08-30,0.022141448553314725
2016-08-31,0.02046400486598592
2016-09-01,0.023957733092739426
2016-09-02,0.031002716095425417
2016-09-06,0.028003726124098693
2016-09-07,0.03170775103046957
2016-09-08,0.0018574776264136032
2016-09-09,-0.02243597522669384
2016-09-12,-0.0015951351473983881
2016-09-13,0.020781476263587832
2016-09-14,0.054837088155484895
2016-09-15,0.08759166332766477
2016-09-16,0.07727916529604864
2016-09-19,0.06057277836506063
2016-09-20,0.05637188821585875
2016-09-21,0.05194585781269835
2016-09-22,0.05919151815297592
2016-09-23,0.039010540785891216
2016-09-26,0.03849117544416708
2016-09-27,0.038749554546301274
2016-09-28,0.04453070210441141
2016-09-29,0.02633745845436353
2016-09-30,0.03276836613471665
2016-10-03,0.026587070016901564
2016-10-04,0.029966488181132005
2016-10-05,0.029414197446004386
2016-10-06,0.03584170926889527
2016-10-07,0.035947984903443565
2016-10-10,0.05258081086841152
2016-10-11,0.053239022908978646
2016-10-12,0.06095258815581983
2016-10-13,0.05571023850448379
2016-10-14,0.05963913672378112
2016-10-17,0.056899633802942794
2016-10-18,0.05398374126594402
2016-10-19,0.04876360372249476
2016-10-20,0.046043072248833514
2016-10-21,0.039671853402171074
2016-10-24,0.046722531646518795
2016-10-25,0.04946784323960149
2016-10-26,0.023008530378850537
2016-10-27,0.011007453412179204
2016-10-28,0.0025362572550419694
2016-10-31,-0.00040406582706872476
2016-11-01,-0.019744407773867642
2016-11-02,-0.019557032539281493
2016-11-03,-0.03633833736344081
2016-11-04,-0.046462084610737024
2016-11-07,-0.033445604449819324
2016-11-08,-0.02829197727695596
2016-11-09,-0.029712326518741564
2016-11-10,-0.05575857309207021
2016-11-11,-0.04862854610339132
2016-11-14,-0.07141812173988549
2016-11-15,-0.057451517595056914
2016-11-16,-0.03069957998711926
2016-11-17,-0.03003730159663892
2016-11-18,-0.02846034101394832
2016-11-21,-0.013088667300054943
2016-11-22,-0.012166083528208948
2016-11-23,-0.016723495668776137
2016-11-25,-0.011560252783367909
2016-11-28,-0.013223601554811002
2016-11-29,-0.013984072449025248
2016-11-30,-0.021958026107278993
2016-12-01,-0.03051639545786274
2016-12-02,-0.02591291081369706
2016-12-05,-0.031999827121266006
2016-12-06,-0.023005161532418567
2016-12-07,-0.011979005973028013
2016-12-08,-0.0008408533587374963
2016-12-09,0.016596108681133856
2016-12-12,0.011648859859127128
2016-12-13,0.029526301669770116
2016-12-14,0.03006451833065962
2016-12-15,0.03615668497599173
2016-12-16,0.037793829254627126
2016-12-19,0.0439404248877085
2016-12-20,0.046957609626999554
2016-12-21,0.04825516496167481
2016-12-22,0.0410085832474592
2016-12-23,0.04263429979819479
2016-12-27,0.048582310968482575
2016-12-28,0.043221295041950304
2016-12-29,0.04169558337627652
2016-12-30,0.03236054362414306
